surface,tab,group,label,stable_command_id,aliases,visible,implementation_status,availability_reason,required_document_or_selection,controller,engine_operation,input_dialog_or_preset,output_or_state_change,undo_contract,dependency,source_location,test_or_repro,implementation_commit,review_status,evidence_path
ribbon,Home,Selection,Select,select,,true,implemented+available,Always visible; active tool with a document or on welcome canvas,None,EditController,viewer tool mode,None (mode select),ToolMode::SelectText active; text selection enabled,None (view state),None,src/shell/controllers/EditController.cpp:101-124; src/core/PdfEnums.h:5-6,Probe record in ribbon-command-baseline.csv (buttonEnabled/actionEnabled/hasController); re-test per UI02 acceptance,,reviewed-2026-09-09-inventory,C:/Users/User/Documents/Codex/2026-09-05/read-c-users-user-projects-pdf/work/ui-prompt-2026-09-09/command-inventory.json
ribbon,Home,Selection,Hand,hand,,true,implemented+available,Always,None,EditController,viewer tool mode,None,ToolMode::HandTool active,None (view state),None,src/shell/controllers/EditController.cpp:102,Probe record in ribbon-command-baseline.csv (buttonEnabled/actionEnabled/hasController); re-test per UI02 acceptance,,reviewed-2026-09-09-inventory,C:/Users/User/Documents/Codex/2026-09-05/read-c-users-user-projects-pdf/work/ui-prompt-2026-09-09/command-inventory.json
ribbon,Home,Selection,Snapshot,snapshot,,false,planned-unimplemented,"No snapshot ToolId/ToolMode/controller traced. Nearest partial: EditController copySelectionToClipboard rasterizes a SELECTED object to clipboard (EditController.cpp:1087-1109). A region-snapshot tool itself: no implementation found after tracing ToolId.cpp/.h, controllers, PdfEnums.h ToolMode",Open a PDF + (for the partial) a selected object,None,None,Region marquee (unspecified),Screenshot of region to clipboard (target behavior),None,None,src/shell/RibbonModel.cpp:13; src/core/ToolId.cpp (absent); src/shell/controllers/EditController.cpp:1087-1109,Trace record: traced via ribbon-command-baseline.csv; see docs/audit/FEATURE-COMMAND-MATRIX-NOTES-2026-09-09.md,,traced-2026-09-09,C:/Users/User/Documents/Codex/2026-09-05/read-c-users-user-projects-pdf/outputs/UI-BUTTON-REVIEW-2026-09-09.md (UI01)
ribbon,Home,Find,Find,search,"find (alias, ToolId.cpp:187); menu find/find-replace",true,implemented+available,Always (works on welcome too via menu Ctrl+F),None,EditController; MenuBar local,QPdfSearchModel page-text scan (PDFium),"FindBar (text, match-case, whole-words, regex, scope)",FindBar toggled visible; match navigation; page-level jump when options set,None (view state),None,"src/shell/controllers/EditController.cpp:127-128,237-369; src/shell/MenuBar.cpp:291-292",Probe record in ribbon-command-baseline.csv (buttonEnabled/actionEnabled/hasController); re-test per UI02 acceptance,,reviewed-2026-09-09-inventory,C:/Users/User/Documents/Codex/2026-09-05/read-c-users-user-projects-pdf/work/ui-prompt-2026-09-09/command-inventory.json
ribbon,Home,Find,Find & Replace,search,search; find; find-replace (menu),false,obsolete-alias-duplicate,"Duplicate: menu Edit>Find & Replace (Ctrl+H, MenuBar.cpp:292) and FindBar (replaceInput + replaceRequested/replaceAllRequested) already implement it; FindBar opens from visible ribbon 'search'. Canonical: search",Open a PDF (replace mutates),MenuBar local toggleFindBar; EditController,IPageEditor::editTextInline (EditTextInlineCommand),FindBar search+replace fields,Match replaced on page; Replace All rewrites file (checked save R2-2 D3),Undoable (EditTextInlineCommand); Replace All save is checked,None,"src/shell/MenuBar.cpp:52,292,188-193; src/ui/FindBar.h:32-59; src/shell/controllers/EditController.cpp:371-466",Trace record: traced via ribbon-command-baseline.csv; see docs/audit/FEATURE-COMMAND-MATRIX-NOTES-2026-09-09.md,,traced-2026-09-09,C:/Users/User/Documents/Codex/2026-09-05/read-c-users-user-projects-pdf/outputs/UI-BUTTON-REVIEW-2026-09-09.md (UI01)
ribbon,Home,Find,Regex,search,search (regex option),false,obsolete-alias-duplicate,Not a separate command: regex is a FindBar checkbox (FindBar.h regexCheckBox) consumed by EditController::onSearchRequested(useRegex) with page-level navigation disclosure. Canonical: search,Open a PDF,EditController via FindBar,QPdfSearchModel + QRegularExpression page scan,FindBar regex option,"Page-level jump (inline highlight unavailable, disclosed)",None (view),None,src/ui/FindBar.h:59; src/shell/controllers/EditController.cpp:214-292,Trace record: traced via ribbon-command-baseline.csv; see docs/audit/FEATURE-COMMAND-MATRIX-NOTES-2026-09-09.md,,traced-2026-09-09,C:/Users/User/Documents/Codex/2026-09-05/read-c-users-user-projects-pdf/outputs/UI-BUTTON-REVIEW-2026-09-09.md (UI01)
ribbon,Home,History,Undo,undo,,true,implemented+available,Enabled when undo stack has undoable command,None,HomeController,QUndoStack::undo,None,Last command reversed,IS the undo,None,src/shell/controllers/HomeController.cpp:109-111,Probe record in ribbon-command-baseline.csv (buttonEnabled/actionEnabled/hasController); re-test per UI02 acceptance,,reviewed-2026-09-09-inventory,C:/Users/User/Documents/Codex/2026-09-05/read-c-users-user-projects-pdf/work/ui-prompt-2026-09-09/command-inventory.json
ribbon,Home,History,Redo,redo,,true,implemented+available,Enabled when stack has redoable command,None,HomeController,QUndoStack::redo,None,Last undone command reapplied,Inverse of undo,None,src/shell/controllers/HomeController.cpp:112-113,Probe record in ribbon-command-baseline.csv (buttonEnabled/actionEnabled/hasController); re-test per UI02 acceptance,,reviewed-2026-09-09-inventory,C:/Users/User/Documents/Codex/2026-09-05/read-c-users-user-projects-pdf/work/ui-prompt-2026-09-09/command-inventory.json
ribbon,Home,History,History,history,,false,planned-unimplemented,"no implementation found after tracing ToolId.cpp/.h (no History tool), controllers, panels. Nearest implemented: page back/forward history in PdfViewerWidget (m_pageHistory, goBack/goForward, Alt+Left/Right shortcuts GpMainWindow.cpp:405-414) and visible Undo/Redo buttons",None,None,None (back/forward state exists in viewer),History dropdown/panel (unspecified),Visited-pages list (target behavior),None,None,src/shell/RibbonModel.cpp:13; src/core/ToolId.cpp (absent); src/ui/PdfViewerWidget.cpp:730-740; src/GpMainWindow.cpp:405-414,Trace record: traced via ribbon-command-baseline.csv; see docs/audit/FEATURE-COMMAND-MATRIX-NOTES-2026-09-09.md,,traced-2026-09-09,C:/Users/User/Documents/Codex/2026-09-05/read-c-users-user-projects-pdf/outputs/UI-BUTTON-REVIEW-2026-09-09.md (UI01)
ribbon,Home,Share,Share,share,,true,implemented+available,Open a PDF,Open a PDF,HomeController,MAPI mapi32.dll; 7z.exe AES-256 zip (external),Choice dialog: email attachment / encrypted package; password prompt for package,Mail compose window or .zip package written; no document change,None (no document change),mapi32.dll (email); 7-Zip 7z.exe (package),"src/shell/controllers/HomeController.cpp:97-98,294-452",Probe record in ribbon-command-baseline.csv (buttonEnabled/actionEnabled/hasController); re-test per UI02 acceptance,,reviewed-2026-09-09-inventory,C:/Users/User/Documents/Codex/2026-09-05/read-c-users-user-projects-pdf/work/ui-prompt-2026-09-09/command-inventory.json
ribbon,Home,File,Save,save,,true,implemented+available,Open a PDF with a file path; refused read-only (Save As stays available),Open a PDF,HomeController,IPdfEditorEngine::embedAnnotations incremental writeUpdate (AR-7 D1),None,In-place incremental save; annotations embedded; undo stack setClean; session clean,Save itself not undone; history preserved,Writable file path,"src/shell/controllers/HomeController.cpp:79-80,126-235",Probe record in ribbon-command-baseline.csv (buttonEnabled/actionEnabled/hasController); re-test per UI02 acceptance,,reviewed-2026-09-09-inventory,C:/Users/User/Documents/Codex/2026-09-05/read-c-users-user-projects-pdf/work/ui-prompt-2026-09-09/command-inventory.json
ribbon,Home,File,Save As,saveAs,"save-copy (menu local, MenuBar.cpp:197-200)",true,implemented+available,Open a PDF,Open a PDF,HomeController,IPdfEditorEngine::embedAnnotations to new path (+.ann sidecar copy),Save-file dialog,New PDF written; open document NOT rebound; full rewrite invalidates signatures (warned ER-4),None (new file),None,"src/shell/controllers/HomeController.cpp:82-83,237-292",Probe record in ribbon-command-baseline.csv (buttonEnabled/actionEnabled/hasController); re-test per UI02 acceptance,,reviewed-2026-09-09-inventory,C:/Users/User/Documents/Codex/2026-09-05/read-c-users-user-projects-pdf/work/ui-prompt-2026-09-09/command-inventory.json
ribbon,Home,File,Print,print,,true,implemented+available,Open a PDF,Open a PDF,HomeController,QPdfDocument render to QPrinter,System print dialog,Printed pages; no document change,None,Printer installed,"src/shell/controllers/HomeController.cpp:85-86,454-461",Probe record in ribbon-command-baseline.csv (buttonEnabled/actionEnabled/hasController); re-test per UI02 acceptance,,reviewed-2026-09-09-inventory,C:/Users/User/Documents/Codex/2026-09-05/read-c-users-user-projects-pdf/work/ui-prompt-2026-09-09/command-inventory.json
ribbon,View,Zoom,Zoom In,zoomIn,,true,implemented+available,Open a PDF,Open a PDF,ViewController,viewer zoom,None,Zoom level increased (view only),None (view state),None,src/shell/controllers/ViewController.cpp:24-102,Probe record in ribbon-command-baseline.csv (buttonEnabled/actionEnabled/hasController); re-test per UI02 acceptance,,reviewed-2026-09-09-inventory,C:/Users/User/Documents/Codex/2026-09-05/read-c-users-user-projects-pdf/work/ui-prompt-2026-09-09/command-inventory.json
ribbon,View,Zoom,Zoom Out,zoomOut,,true,implemented+available,Open a PDF,Open a PDF,ViewController,viewer zoom,None,Zoom level decreased (view only),None (view state),None,src/shell/controllers/ViewController.cpp:24-102,Probe record in ribbon-command-baseline.csv (buttonEnabled/actionEnabled/hasController); re-test per UI02 acceptance,,reviewed-2026-09-09-inventory,C:/Users/User/Documents/Codex/2026-09-05/read-c-users-user-projects-pdf/work/ui-prompt-2026-09-09/command-inventory.json
ribbon,View,Zoom,Actual Size,actual,,true,implemented+available,Open a PDF,Open a PDF,ViewController,viewer zoom,None,Zoom set to 100% (view only),None (view state),None,src/shell/controllers/ViewController.cpp:24-102,Probe record in ribbon-command-baseline.csv (buttonEnabled/actionEnabled/hasController); re-test per UI02 acceptance,,reviewed-2026-09-09-inventory,C:/Users/User/Documents/Codex/2026-09-05/read-c-users-user-projects-pdf/work/ui-prompt-2026-09-09/command-inventory.json
ribbon,View,Zoom,Fit Width,fitWidth,,true,implemented+available,Open a PDF,Open a PDF,ViewController,viewer zoom,None,Fit-width zoom (view only),None (view state),None,src/shell/controllers/ViewController.cpp:24-102,Probe record in ribbon-command-baseline.csv (buttonEnabled/actionEnabled/hasController); re-test per UI02 acceptance,,reviewed-2026-09-09-inventory,C:/Users/User/Documents/Codex/2026-09-05/read-c-users-user-projects-pdf/work/ui-prompt-2026-09-09/command-inventory.json
ribbon,View,Zoom,Fit Page,fitPage,,true,implemented+available,Open a PDF,Open a PDF,ViewController,viewer zoom,None,Fit-page zoom (view only),None (view state),None,src/shell/controllers/ViewController.cpp:24-102,Probe record in ribbon-command-baseline.csv (buttonEnabled/actionEnabled/hasController); re-test per UI02 acceptance,,reviewed-2026-09-09-inventory,C:/Users/User/Documents/Codex/2026-09-05/read-c-users-user-projects-pdf/work/ui-prompt-2026-09-09/command-inventory.json
ribbon,View,Layout,Single Page,single,,true,implemented+available,Open a PDF,Open a PDF,ViewController,QPdfView PageMode::SinglePage,None,Single-page layout (view only),None (view state),None,src/shell/controllers/ViewController.cpp:24-102,Probe record in ribbon-command-baseline.csv (buttonEnabled/actionEnabled/hasController); re-test per UI02 acceptance,,reviewed-2026-09-09-inventory,C:/Users/User/Documents/Codex/2026-09-05/read-c-users-user-projects-pdf/work/ui-prompt-2026-09-09/command-inventory.json
ribbon,View,Layout,Continuous,continuous,,true,implemented+available,Open a PDF,Open a PDF,ViewController,QPdfView PageMode::MultiPage,None,Continuous scroll layout (view only),None (view state),None,src/shell/controllers/ViewController.cpp:24-102,Probe record in ribbon-command-baseline.csv (buttonEnabled/actionEnabled/hasController); re-test per UI02 acceptance,,reviewed-2026-09-09-inventory,C:/Users/User/Documents/Codex/2026-09-05/read-c-users-user-projects-pdf/work/ui-prompt-2026-09-09/command-inventory.json
ribbon,View,Layout,Two Up,two,,true,implemented+available,Open a PDF,Open a PDF,ViewController,viewer two-page mode,None,Two-page spread (view only),None (view state),None,src/shell/controllers/ViewController.cpp:24-102,Probe record in ribbon-command-baseline.csv (buttonEnabled/actionEnabled/hasController); re-test per UI02 acceptance,,reviewed-2026-09-09-inventory,C:/Users/User/Documents/Codex/2026-09-05/read-c-users-user-projects-pdf/work/ui-prompt-2026-09-09/command-inventory.json
ribbon,View,Layout,Presentation,presentation,,true,implemented+available,Open a PDF,Open a PDF,ViewController,fullscreen + 5s auto-advance timer + app event filter,None (Esc exits; click/space advances),Presentation mode entered/exited (view only),None (view state),None,"src/shell/controllers/ViewController.cpp:73-75,117-152,154-192",Probe record in ribbon-command-baseline.csv (buttonEnabled/actionEnabled/hasController); re-test per UI02 acceptance,,reviewed-2026-09-09-inventory,C:/Users/User/Documents/Codex/2026-09-05/read-c-users-user-projects-pdf/work/ui-prompt-2026-09-09/command-inventory.json
ribbon,View,Panes,Thumbnails,thumbs,,false,implemented+missing-context,Implemented-but-hidden: ThumbnailSidebar is the left Sidebar 'Pages' tab (Sidebar.cpp:85-94); thumbnail drag reorder wired to PagesController::onPageReordered (GpMainWindow.cpp:500-502). Wire target exists - see NOTES wire-up list: add Sidebar tab-raise API and connect,Open a PDF (pane populated),None for toggle (Sidebar QTabBar),viewer/thumbnail render (PDFium),None (pane toggle),Pane visibility; thumbnails visible,None (view state),None,src/shell/Sidebar.cpp:85-94; src/GpMainWindow.cpp:500-502; src/shell/RibbonModel.cpp:17-18,Probe screenshot view tab; TestOpenRouting-style UI test target,,traced-2026-09-09,C:/Users/User/Documents/Codex/2026-09-05/read-c-users-user-projects-pdf/outputs/UI-BUTTON-REVIEW-2026-09-09.md (UI01)
ribbon,View,Panes,Bookmarks,bookmarks,,false,implemented+missing-context,"Implemented-but-hidden: BookmarkPanel is the left Sidebar 'Bookmarks' tab (Sidebar.cpp:96-99), backed by QPdfBookmarkModel. Side pane EXISTS (wire target): left Sidebar 'Bookmarks' tab. No public Sidebar API to raise a tab from the ribbon; menu mirror 'toggle-comments' is Disabled (MenuBar.cpp:106)",Open a PDF with an outline,None for toggle,QPdfBookmarkModel,None (pane toggle),Pane visibility,None (view state),None,src/shell/Sidebar.cpp:96-99; src/shell/MenuBar.cpp:106,Trace record: traced via ribbon-command-baseline.csv; see docs/audit/FEATURE-COMMAND-MATRIX-NOTES-2026-09-09.md,,traced-2026-09-09,C:/Users/User/Documents/Codex/2026-09-05/read-c-users-user-projects-pdf/outputs/UI-BUTTON-REVIEW-2026-09-09.md (UI01)
ribbon,View,Panes,Comments,comments,,false,implemented+missing-context,Implemented-but-hidden: CommentsWidget is the left Sidebar 'Comments' tab (Sidebar.cpp:101-110) with filters/status/reply (CommentsWidget.h:38-109). Side pane EXISTS (wire target): left Sidebar 'Comments' tab. No public Sidebar API to raise a tab from the ribbon; menu mirror 'toggle-comments' is Disabled (MenuBar.cpp:106),Open a PDF (comments optional),None for toggle,annotation list + EditAnnotationCommand,None (pane toggle),Pane visibility,None (view state),None,src/shell/Sidebar.cpp:101-110; src/ui/CommentsWidget.h:38-109,Trace record: traced via ribbon-command-baseline.csv; see docs/audit/FEATURE-COMMAND-MATRIX-NOTES-2026-09-09.md,,traced-2026-09-09,C:/Users/User/Documents/Codex/2026-09-05/read-c-users-user-projects-pdf/outputs/UI-BUTTON-REVIEW-2026-09-09.md (UI01)
ribbon,View,Panes,Layers,layers,,false,implemented+missing-context,"Partially implemented: right Sidebar 'Layers' tab lists OCG layers via IPdfDocumentIO::getLayers (Sidebar.cpp:196-210, IPdfEditorEngine.h:156). CAVEAT: unchecking an item only posts a status message - no engine set-visibility operation traced (Sidebar.cpp:200-209). Wire target: pane raise + engine layer-visibility op",Open a PDF with OCG layers,None for toggle,IPdfDocumentIO::getLayers (read only),None (pane toggle),Layer list visible; toggle currently cosmetic only,None,None,"src/shell/Sidebar.cpp:181-209,248-260; src/core/interfaces/IPdfEditorEngine.h:156",Trace record: traced via ribbon-command-baseline.csv; see docs/audit/FEATURE-COMMAND-MATRIX-NOTES-2026-09-09.md,,traced-2026-09-09,C:/Users/User/Documents/Codex/2026-09-05/read-c-users-user-projects-pdf/outputs/UI-BUTTON-REVIEW-2026-09-09.md (UI01)
ribbon,View,Reading,Dark Mode,darkMode,,true,implemented+available,Always,None,ViewController (DarkMode case); MenuBar local,Theme::setMode cycle Dark-Light-HighContrast,None,"Application theme changed (app state, persists via QSS)",None,None,src/shell/controllers/ViewController.cpp:79-80; src/GpMainWindow.cpp:956-976,Probe record in ribbon-command-baseline.csv (buttonEnabled/actionEnabled/hasController); re-test per UI02 acceptance,,reviewed-2026-09-09-inventory,C:/Users/User/Documents/Codex/2026-09-05/read-c-users-user-projects-pdf/work/ui-prompt-2026-09-09/command-inventory.json
ribbon,View,Reading,Eye Care,eyeCare,,true,implemented+available,Always,None,ViewController,viewer tint,None,Eye-care tint toggled (view only),None (view state),None,src/shell/controllers/ViewController.cpp:24-102,Probe record in ribbon-command-baseline.csv (buttonEnabled/actionEnabled/hasController); re-test per UI02 acceptance,,reviewed-2026-09-09-inventory,C:/Users/User/Documents/Codex/2026-09-05/read-c-users-user-projects-pdf/work/ui-prompt-2026-09-09/command-inventory.json
ribbon,View,Reading,RTL,rtl,,true,implemented+available,Always,None,ViewController,QApplication::setLayoutDirection,None,App layout direction LTR/RTL toggled; persisted ui/rtl (AR-8 D6 shipped),None (toggle),None,src/shell/controllers/ViewController.cpp:86-98,Probe record in ribbon-command-baseline.csv (buttonEnabled/actionEnabled/hasController); re-test per UI02 acceptance,,reviewed-2026-09-09-inventory,C:/Users/User/Documents/Codex/2026-09-05/read-c-users-user-projects-pdf/work/ui-prompt-2026-09-09/command-inventory.json
ribbon,View,Window,Split,splitWin,,false,planned-unimplemented,no implementation found after tracing (grep splitWin/split-window across src: no split-view implementation; only resources/icons/split-window.svg exists). Menu Window>Tile Windows also Disabled (MenuBar.cpp:127),Open a PDF,None,None,Split direction control (unspecified),Second synchronized view (target behavior),None (view state),None,src/shell/RibbonModel.cpp:19; src/shell/MenuBar.cpp:127,Trace record: traced via ribbon-command-baseline.csv; see docs/audit/FEATURE-COMMAND-MATRIX-NOTES-2026-09-09.md,,traced-2026-09-09,C:/Users/User/Documents/Codex/2026-09-05/read-c-users-user-projects-pdf/outputs/UI-BUTTON-REVIEW-2026-09-09.md (UI01)
ribbon,View,Window,Compare,compare,"compare canonical (ToolId.cpp:163); menu Tools>Compare; compare (this id, View Window; same Compare entry route)",true,implemented+available,Open a PDF (pair picker inside),Open a PDF,HomeController (Watermark/Compare entry route) -> CompareMode workspace,CompareWidget side-by-side diff,Compare workspace: choose A/B documents,Comparison workspace shown (view only),None,None,src/shell/controllers/HomeController.cpp:118-120; src/shell/TaskNav.cpp:24; src/GpMainWindow.cpp:813-817,Probe record in ribbon-command-baseline.csv (buttonEnabled/actionEnabled/hasController); re-test per UI02 acceptance,,reviewed-2026-09-09-inventory,C:/Users/User/Documents/Codex/2026-09-05/read-c-users-user-projects-pdf/work/ui-prompt-2026-09-09/command-inventory.json
ribbon,View,Window,New,newWin,,false,planned-unimplemented,"No multi-window implementation; menu File>New Window is Disabled by documented policy 'multi-window not shipped (ribbon: newWin)' (MenuBar.cpp:29,125). SetFullScreenMode is the only window-mode change traced",None,None,None,None,Second main window (target behavior),None,None,src/shell/MenuBar.cpp:29; src/shell/RibbonModel.cpp:19; src/GpMainWindow.cpp:786-798,Trace record: traced via ribbon-command-baseline.csv; see docs/audit/FEATURE-COMMAND-MATRIX-NOTES-2026-09-09.md,,traced-2026-09-09,C:/Users/User/Documents/Codex/2026-09-05/read-c-users-user-projects-pdf/outputs/UI-BUTTON-REVIEW-2026-09-09.md (UI01)
ribbon,Edit,Text,Edit Text,editText,,true,implemented+available,Open a PDF,Open a PDF,EditController,IPageEditor::editTextInline via EditTextInlineCommand,EditToolBar text format; click text block -> multi-line input dialog,"Content-stream text substituted on page (PERSISTED source edit, not annotation)",Undoable (EditTextInlineCommand on shared QUndoStack),None,"src/shell/controllers/EditController.cpp:133-135,906-947; src/shell/EditPolicy.h",Probe record in ribbon-command-baseline.csv (buttonEnabled/actionEnabled/hasController); re-test per UI02 acceptance,,reviewed-2026-09-09-inventory,C:/Users/User/Documents/Codex/2026-09-05/read-c-users-user-projects-pdf/work/ui-prompt-2026-09-09/command-inventory.json
ribbon,Edit,Text,Add Text,addText,insertText (hidden planned duplicate; ToolId.cpp:201),true,implemented+available,Open a PDF,Open a PDF,EditController,AnnotationLayer text box annotation,Drag on page; inspector text edit,"Free-text annotation added (annotation, not source content); dirty+save via sidecar/embed",Annotation edits undoable via EditAnnotationCommand; placement not independently traced,None,src/shell/controllers/EditController.cpp:112-113,Probe record in ribbon-command-baseline.csv (buttonEnabled/actionEnabled/hasController); re-test per UI02 acceptance,,reviewed-2026-09-09-inventory,C:/Users/User/Documents/Codex/2026-09-05/read-c-users-user-projects-pdf/work/ui-prompt-2026-09-09/command-inventory.json
ribbon,Edit,Text,Insert,addText,addText; textbox,false,obsolete-alias-duplicate,Duplicate of visible 'addText': no separate insertText implementation; ToolId.cpp:201 maps only addText; both intend ToolMode::AddTextBox (EditController.cpp:112-113). Canonical: addText,Open a PDF,EditController,AnnotationLayer AddTextBox,None,Text annotation added,Annotation undo path,None,src/shell/RibbonModel.cpp:20-21; src/core/ToolId.cpp:200-201,Trace record: traced via ribbon-command-baseline.csv; see docs/audit/FEATURE-COMMAND-MATRIX-NOTES-2026-09-09.md,,traced-2026-09-09,C:/Users/User/Documents/Codex/2026-09-05/read-c-users-user-projects-pdf/outputs/UI-BUTTON-REVIEW-2026-09-09.md (UI01)
ribbon,Edit,Text,Delete,deleteText,,false,planned-unimplemented,no implementation found after tracing for text-block deletion (grep deleteText/DeleteText: none). Nearest implemented: Erase deleteObjectAt deletes the whole content object under a click (EditController.cpp:1112-1122); DeleteSelection removes selected annotation,Open a PDF + text under click,None,"IPageEditor::deleteObjectAt (nearest, whole-object)",None,Selected text block removed (target behavior),Not undoable today (erase is reload-based),None,src/shell/RibbonModel.cpp:20-21; src/core/ToolId.cpp (absent),Trace record: traced via ribbon-command-baseline.csv; see docs/audit/FEATURE-COMMAND-MATRIX-NOTES-2026-09-09.md,,traced-2026-09-09,C:/Users/User/Documents/Codex/2026-09-05/read-c-users-user-projects-pdf/outputs/UI-BUTTON-REVIEW-2026-09-09.md (UI01)
ribbon,Edit,Objects,Image,image,editImage (same handler),true,implemented+available,Open a PDF,Open a PDF,EditController,IImageEditor listImages/moveImage/resizeImage/rotateImage/replaceImage/deleteImage,Select image overlay; context menu Rotate/Replace/Delete,Embedded image XObject moved/resized/rotated/replaced/deleted (PERSISTED); page backup guard EC03,Undoable (MoveImageCommand/ResizeImageCommand/RotateImageCommand/ReplaceImageCommand/DeleteImageCommand),None,"src/shell/controllers/EditController.cpp:136-139,957-1082",Probe record in ribbon-command-baseline.csv (buttonEnabled/actionEnabled/hasController); re-test per UI02 acceptance,,reviewed-2026-09-09-inventory,C:/Users/User/Documents/Codex/2026-09-05/read-c-users-user-projects-pdf/work/ui-prompt-2026-09-09/command-inventory.json
ribbon,Edit,Objects,Link,link,,false,planned-unimplemented,"Creation: no implementation found after tracing (no addLink/createLink op in IPageEditor/IImageEditor; grep none). Reading IS implemented: IPdfEditorEngine::extractLinks + viewer setLinkReader inject clickable URI/GoTo links (GpMainWindow.cpp:492-499, IPdfEditorEngine.h:172)",Open a PDF + target,None,extractLinks (read only),Link target dialog (unspecified),Clickable link annotation added (target behavior),Annotation undo path (target),None,src/shell/RibbonModel.cpp:20-21; src/core/interfaces/IPdfEditorEngine.h:168-172; src/GpMainWindow.cpp:492-499,Trace record: traced via ribbon-command-baseline.csv; see docs/audit/FEATURE-COMMAND-MATRIX-NOTES-2026-09-09.md,,traced-2026-09-09,C:/Users/User/Documents/Codex/2026-09-05/read-c-users-user-projects-pdf/outputs/UI-BUTTON-REVIEW-2026-09-09.md (UI01)
ribbon,Edit,Objects,Attach,attach,,false,planned-unimplemented,"Adding: no implementation found after tracing (no addEmbeddedFile op; grep none). Reading/extracting IS implemented: Sidebar 'Files' tab lists getEmbeddedFiles and writes decoded bytes via extractEmbeddedFile (Sidebar.cpp:112-142, IPdfEditorEngine.h:152-155)",Open a PDF,None,getEmbeddedFiles/extractEmbeddedFile (read only),File picker (unspecified),Embedded file added to document (target behavior),None traced,None,src/shell/Sidebar.cpp:112-142; src/core/interfaces/IPdfEditorEngine.h:152-155,Trace record: traced via ribbon-command-baseline.csv; see docs/audit/FEATURE-COMMAND-MATRIX-NOTES-2026-09-09.md,,traced-2026-09-09,C:/Users/User/Documents/Codex/2026-09-05/read-c-users-user-projects-pdf/outputs/UI-BUTTON-REVIEW-2026-09-09.md (UI01)
ribbon,Edit,Objects,Delete,deleteSelection,deleteSelection canonical (ToolId.cpp:212); menu Delete,true,implemented+missing-context,Open a PDF with a selected object,Select an object,EditController,viewer deleteSelectedAnnotation,None (acts on selection),Selected annotation removed,Annotation removal participates in annotation undo path (not independently traced),None,src/shell/controllers/EditController.cpp:155-158,Probe record in ribbon-command-baseline.csv (buttonEnabled/actionEnabled/hasController); re-test per UI02 acceptance,,reviewed-2026-09-09-inventory,C:/Users/User/Documents/Codex/2026-09-05/read-c-users-user-projects-pdf/work/ui-prompt-2026-09-09/command-inventory.json
ribbon,Edit,Arrange,Align L,alignL,,false,planned-unimplemented,"no implementation found after tracing for object alignment (no align ops in AnnotationLayer/controllers; grep none). InspectorWidget exposes per-annotation style, not multi-select alignment",Open a PDF + multi-selection (does not exist yet),None,None,None,Objects aligned left (target behavior),Undoable command (target),None,src/shell/RibbonModel.cpp:21; src/core/ToolId.cpp (absent),Trace record: traced via ribbon-command-baseline.csv; see docs/audit/FEATURE-COMMAND-MATRIX-NOTES-2026-09-09.md,,traced-2026-09-09,C:/Users/User/Documents/Codex/2026-09-05/read-c-users-user-projects-pdf/outputs/UI-BUTTON-REVIEW-2026-09-09.md (UI01)
ribbon,Edit,Arrange,Align C,alignC,,false,planned-unimplemented,no implementation found after tracing (same as alignL: no alignment implementation traced),n/a,None,None,None,Objects aligned center (target behavior),None traced,None,src/shell/RibbonModel.cpp:21,Trace record: traced via ribbon-command-baseline.csv; see docs/audit/FEATURE-COMMAND-MATRIX-NOTES-2026-09-09.md,,traced-2026-09-09,C:/Users/User/Documents/Codex/2026-09-05/read-c-users-user-projects-pdf/outputs/UI-BUTTON-REVIEW-2026-09-09.md (UI01)
ribbon,Edit,Arrange,Align R,alignR,,false,planned-unimplemented,no implementation found after tracing (same as alignL: no alignment implementation traced),n/a,None,None,None,Objects aligned right (target behavior),None traced,None,src/shell/RibbonModel.cpp:21,Trace record: traced via ribbon-command-baseline.csv; see docs/audit/FEATURE-COMMAND-MATRIX-NOTES-2026-09-09.md,,traced-2026-09-09,C:/Users/User/Documents/Codex/2026-09-05/read-c-users-user-projects-pdf/outputs/UI-BUTTON-REVIEW-2026-09-09.md (UI01)
ribbon,Edit,Arrange,Distribute,distribute,,false,planned-unimplemented,no implementation found after tracing (no distribution implementation traced; only resources/icons/distribute.svg exists),n/a,None,None,None,Objects evenly distributed (target behavior),None traced,None,src/shell/RibbonModel.cpp:21,Trace record: traced via ribbon-command-baseline.csv; see docs/audit/FEATURE-COMMAND-MATRIX-NOTES-2026-09-09.md,,traced-2026-09-09,C:/Users/User/Documents/Codex/2026-09-05/read-c-users-user-projects-pdf/outputs/UI-BUTTON-REVIEW-2026-09-09.md (UI01)
ribbon,Edit,Arrange,Group,group,,false,planned-unimplemented,no implementation found after tracing (no annotation grouping model in AnnotationItem/AnnotationLayer; grep none),n/a,None,None,None,Grouped annotation compound (target behavior),None traced,None,src/shell/RibbonModel.cpp:21,Trace record: traced via ribbon-command-baseline.csv; see docs/audit/FEATURE-COMMAND-MATRIX-NOTES-2026-09-09.md,,traced-2026-09-09,C:/Users/User/Documents/Codex/2026-09-05/read-c-users-user-projects-pdf/outputs/UI-BUTTON-REVIEW-2026-09-09.md (UI01)
ribbon,Edit,Arrange,Order,layerOrder,,false,planned-unimplemented,no implementation found after tracing (no z-order raise/lower op in AnnotationLayer or engine; grep none; resources/icons/layer-order.svg exists),n/a,None,None,None,Annotation z-order changed (target behavior),Undoable command (target),None,src/shell/RibbonModel.cpp:21,Trace record: traced via ribbon-command-baseline.csv; see docs/audit/FEATURE-COMMAND-MATRIX-NOTES-2026-09-09.md,,traced-2026-09-09,C:/Users/User/Documents/Codex/2026-09-05/read-c-users-user-projects-pdf/outputs/UI-BUTTON-REVIEW-2026-09-09.md (UI01)
ribbon,Edit,OCR,Run OCR,ocr,,true,implemented+available,Open a PDF; Run needs a rendered page; RapidOCR/Ensemble need PP-OCRv5 ONNX models (auto degrades to Tesseract),Open a PDF,EditController (via OCR Verify screen Run button; TaskNav entry route),OcrPipeline (Tesseract/RapidOCR/ROVER ensemble); exportMrcPdfA on Accept,OCR Verify screen: Run/Accept/Reject; language picker (OCRMode); save-file dialog on Accept,"Recognized words overlaid + review session; Accept writes searchable MRC PDF/A copy (current page only, disclosed)",None (new output file),Tesseract lang data; optional PP-OCRv5 ONNX models (Capability::OcrRapidModels),"src/GpMainWindow.cpp:813-817; src/shell/controllers/EditController.cpp:491-546,636-902,1162-1231; src/modes/OCRMode.cpp:116-126",Probe record in ribbon-command-baseline.csv (buttonEnabled/actionEnabled/hasController); re-test per UI02 acceptance,,reviewed-2026-09-09-inventory,C:/Users/User/Documents/Codex/2026-09-05/read-c-users-user-projects-pdf/work/ui-prompt-2026-09-09/command-inventory.json
ribbon,Edit,OCR,Verify Text,ocr,ocr,false,obsolete-alias-duplicate,"Duplicate of visible 'ocr': the U02 entry-route decision makes the ribbon OCR button open the OCR Verify screen, whose whole purpose is reviewing/verifying recognized words (OCRMode with F8/Shift+F8 uncertain-word navigation, reviewed words authoritative on Accept). Canonical: ocr",Open a PDF + an OCR run,EditController via OCRMode,OcrPipeline review session,None,Review state of recognized words,Review edits flow into Accept export,None,src/GpMainWindow.cpp:800-817; src/shell/TaskNav.cpp:21; src/modes/OCRMode.cpp:280-283,Trace record: traced via ribbon-command-baseline.csv; see docs/audit/FEATURE-COMMAND-MATRIX-NOTES-2026-09-09.md,,traced-2026-09-09,C:/Users/User/Documents/Codex/2026-09-05/read-c-users-user-projects-pdf/outputs/UI-BUTTON-REVIEW-2026-09-09.md (UI01)
ribbon,Edit,OCR,Language,ocr,ocr (language picker),false,obsolete-alias-duplicate,"Duplicate of functionality inside the OCR Verify screen: OCRMode persists ocr/language (read OCRMode.cpp:116, write :126); EditController::runOcr honors it (EditController.cpp:708-709). Canonical: ocr (screen language picker)",Open a PDF,OCRMode,ocrEngineLanguageCode mapping,Language picker (in OCR Verify screen),ocr/language pref changed,None (pref),None,"src/modes/OCRMode.cpp:41,116-126; src/shell/controllers/EditController.cpp:708-709",Trace record: traced via ribbon-command-baseline.csv; see docs/audit/FEATURE-COMMAND-MATRIX-NOTES-2026-09-09.md,,traced-2026-09-09,C:/Users/User/Documents/Codex/2026-09-05/read-c-users-user-projects-pdf/outputs/UI-BUTTON-REVIEW-2026-09-09.md (UI01)
ribbon,Edit,OCR,Settings,ocrSettings,,false,implemented+missing-context,"Implemented-but-hidden: PreferencesDialog OCR Engine group (engine Auto/RapidOCR/Ensemble with honest ONNX availability tooltip, PreferencesDialog.cpp:197-260) + Ctrl+, shortcut. Wire target: route ribbon entry to Preferences (Engines section)",None,PreferencesDialog local,QSettings ocr/engine,Preferences dialog,Engine/preprocessing prefs changed,None (prefs),None,src/ui/PreferencesDialog.cpp:197-260; src/GpMainWindow.cpp:470-474,Trace record: traced via ribbon-command-baseline.csv; see docs/audit/FEATURE-COMMAND-MATRIX-NOTES-2026-09-09.md,,traced-2026-09-09,C:/Users/User/Documents/Codex/2026-09-05/read-c-users-user-projects-pdf/outputs/UI-BUTTON-REVIEW-2026-09-09.md (UI01)
ribbon,Edit,Measure,Measure,measure,,false,implemented+missing-context,"Implemented backend, hidden command: ToolMode::MeasureDistance/Perimeter/Area committed (PdfEnums.h:50-53, kPersistedToolModeMax), AnnotationLayer T1 calibration/snap/readout (AnnotationLayer.h:59-121 - measurement-lane file, dirty in this worktree), MeasureCore.h units/scale, persistence fixes G21-G23 (de77d46/83706cf/69f8a94). Right-dock MeasureMode panel header EXISTS but is UNTRACKED WIP of the measure lane (src/modes/MeasureMode.h, no .cpp yet); no ribbon/menu route (menu measure items Disabled MenuBar.cpp:88-89). Wire target: MeasureMode panel + host wiring",Open a PDF,"MeasureMode (WIP, other lane) -> viewer tool modes","/Measure dict on Line/Polyline/Polygon annotations (ISO 32000-1), disclosed session-only calibration","Panel: preset/unit calibration, tool select, calibrate-by-drawing, snap",Calibrated measurement annotations persisted on save; calibration session-only,Measurement items are annotations (annotation undo path); calibration not persisted,None,"src/core/PdfEnums.h:46-53; src/core/MeasureCore.h:34-38; src/modes/MeasureMode.h (UNTRACKED, measure lane); src/shell/MenuBar.cpp:88-89",Trace record: traced via ribbon-command-baseline.csv; see docs/audit/FEATURE-COMMAND-MATRIX-NOTES-2026-09-09.md,,traced-2026-09-09,C:/Users/User/Documents/Codex/2026-09-05/read-c-users-user-projects-pdf/outputs/UI-BUTTON-REVIEW-2026-09-09.md (UI01)
ribbon,Edit,Measure,Distance,distance,,false,implemented+missing-context,As 'measure': ToolMode::MeasureDistance committed; G21 fixed /Rect persistence of measurement/ink annotations (de77d46). Wire target: MeasureMode tool 0=distance,Open a PDF,MeasureMode (WIP) -> ToolMode::MeasureDistance,AnnotationLayer measure draft + /Measure dict,Drag on page,"Distance annotation persisted (usable /Rect, G21)",Annotation undo path,None,src/core/PdfEnums.h:50-53; src/modes/MeasureMode.h:71; commit de77d46,Trace record: traced via ribbon-command-baseline.csv; see docs/audit/FEATURE-COMMAND-MATRIX-NOTES-2026-09-09.md,,traced-2026-09-09,C:/Users/User/Documents/Codex/2026-09-05/read-c-users-user-projects-pdf/outputs/UI-BUTTON-REVIEW-2026-09-09.md (UI01)
ribbon,Edit,Measure,Area,area,,false,implemented+missing-context,As 'measure': ToolMode::MeasureArea committed; G22 fixed perimeter /PolyLine closing edge (83706cf); G23 calibration parser hardening (69f8a94). Wire target: MeasureMode tool 2=area,Open a PDF,MeasureMode (WIP) -> ToolMode::MeasureArea,AnnotationLayer polygon draft + /Measure dict,Drag polygon on page,"Area annotation persisted (closing edge serialized, G22)",Annotation undo path,None,"src/core/PdfEnums.h:52; src/modes/MeasureMode.h:71; commits 83706cf,69f8a94",Trace record: traced via ribbon-command-baseline.csv; see docs/audit/FEATURE-COMMAND-MATRIX-NOTES-2026-09-09.md,,traced-2026-09-09,C:/Users/User/Documents/Codex/2026-09-05/read-c-users-user-projects-pdf/outputs/UI-BUTTON-REVIEW-2026-09-09.md (UI01)
ribbon,Organize,Pages,Insert,insertPage,,true,implemented+available,Open a PDF,Open a PDF,PagesController,IPageEditor::insertBlankPage via InsertPageCommand,None (inserts after current page),Blank page inserted (PERSISTED on save),Undoable (InsertPageCommand),None,src/shell/controllers/PagesController.cpp:68-74,Probe record in ribbon-command-baseline.csv (buttonEnabled/actionEnabled/hasController); re-test per UI02 acceptance,,reviewed-2026-09-09-inventory,C:/Users/User/Documents/Codex/2026-09-05/read-c-users-user-projects-pdf/work/ui-prompt-2026-09-09/command-inventory.json
ribbon,Organize,Pages,Delete,deletePage,,true,implemented+available,Open a PDF with >1 page,Open a PDF,PagesController,IPageEditor::deletePage via DeletePageCommand,None (current page),Current page deleted (PERSISTED on save),Undoable (DeletePageCommand),None,src/shell/controllers/PagesController.cpp:59-67,Probe record in ribbon-command-baseline.csv (buttonEnabled/actionEnabled/hasController); re-test per UI02 acceptance,,reviewed-2026-09-09-inventory,C:/Users/User/Documents/Codex/2026-09-05/read-c-users-user-projects-pdf/work/ui-prompt-2026-09-09/command-inventory.json
ribbon,Organize,Pages,Rotate,rotate,rotL alias (ToolId::RotateCCW; menu rotate-cw/rotate-ccw),true,implemented+available,Open a PDF,Open a PDF,PagesController,IPageEditor::rotatePage via RotatePageCommand,None (current page; menu offers CW/CCW; viewer buttons Degrees),Page /Rotate persisted via engine + reload (PERSISTED page rotation; view rotation is a separate viewer concern),Undoable (RotatePageCommand),None,"src/shell/controllers/PagesController.cpp:53-58,183-211",Probe record in ribbon-command-baseline.csv (buttonEnabled/actionEnabled/hasController); re-test per UI02 acceptance,,reviewed-2026-09-09-inventory,C:/Users/User/Documents/Codex/2026-09-05/read-c-users-user-projects-pdf/work/ui-prompt-2026-09-09/command-inventory.json
ribbon,Organize,Pages,Replace,replace,,false,planned-unimplemented,no implementation found after tracing for page replacement (no replacePage op in IPageEditor; PagesMode per-page menu deliberately hides Replace 'until wired to engine actions' PagesMode.cpp:356-358; PageManagementDialog has Extract/Delete/Rotate/Insert only),Open a PDF,None,IPageEditor::insertPageFromBytes + deletePage could compose it (wire note),File picker (unspecified),Page N replaced by external page (target behavior),Undoable command (target; EC03 10MB page-backup limit applies),None,src/modes/PagesMode.cpp:356-358; src/core/interfaces/IPdfEditorEngine.h:186-188,Trace record: traced via ribbon-command-baseline.csv; see docs/audit/FEATURE-COMMAND-MATRIX-NOTES-2026-09-09.md,,traced-2026-09-09,C:/Users/User/Documents/Codex/2026-09-05/read-c-users-user-projects-pdf/outputs/UI-BUTTON-REVIEW-2026-09-09.md (UI01)
ribbon,Organize,Pages,Reorder,reorder,split (same Pages screen route),true,implemented+available,Open a PDF,Open a PDF,PagesController -> PagesMode workspace,IPageEditor::reorderAllPages via ReorderPermutationCommand,Pages workspace thumbnail drag,"Page order changed, single atomic write (PERSISTED on save)",Undoable (ReorderPermutationCommand),None,"src/shell/controllers/PagesController.cpp:78-81,249-275",Probe record in ribbon-command-baseline.csv (buttonEnabled/actionEnabled/hasController); re-test per UI02 acceptance,,reviewed-2026-09-09-inventory,C:/Users/User/Documents/Codex/2026-09-05/read-c-users-user-projects-pdf/work/ui-prompt-2026-09-09/command-inventory.json
ribbon,Organize,Pages,Reverse,reverse,,false,planned-unimplemented,no implementation found after tracing (no reverse op). Wire note: IPageEditor::reorderAllPages permutation primitive (IPdfEditorEngine.h:209-213) already supports it - one command away,Open a PDF,None,reorderAllPages (primitive exists),None,Page order reversed (target behavior),Undoable (ReorderPermutationCommand pattern),None,src/shell/RibbonModel.cpp:25; src/core/interfaces/IPdfEditorEngine.h:209-213,Trace record: traced via ribbon-command-baseline.csv; see docs/audit/FEATURE-COMMAND-MATRIX-NOTES-2026-09-09.md,,traced-2026-09-09,C:/Users/User/Documents/Codex/2026-09-05/read-c-users-user-projects-pdf/outputs/UI-BUTTON-REVIEW-2026-09-09.md (UI01)
ribbon,Organize,Document,Split,split,,true,implemented+available,Open a PDF,Open a PDF,PagesController -> PagesMode workspace,"PagesMode split-at-pages writer ({stem}/{n} naming, atomic commit)",Pages workspace: choose split points + output naming,New part PDFs written; input unchanged,None (new files),None,"src/shell/controllers/PagesController.cpp:78-81; src/modes/PagesMode.cpp:584-585,975-997",Probe record in ribbon-command-baseline.csv (buttonEnabled/actionEnabled/hasController); re-test per UI02 acceptance,,reviewed-2026-09-09-inventory,C:/Users/User/Documents/Codex/2026-09-05/read-c-users-user-projects-pdf/work/ui-prompt-2026-09-09/command-inventory.json
ribbon,Organize,Document,Merge,combine,combine canonical (ToolId.cpp:231),true,implemented+available,Always (gathers own inputs),None,ConvertController,PdfViewerWidget::mergeDocuments (PoDoFo),Multi file-open dialog + save-file dialog,New merged PDF written; inputs unchanged,None (new file),None,"src/shell/controllers/ConvertController.cpp:77-78,295-333",Probe record in ribbon-command-baseline.csv (buttonEnabled/actionEnabled/hasController); re-test per UI02 acceptance,,reviewed-2026-09-09-inventory,C:/Users/User/Documents/Codex/2026-09-05/read-c-users-user-projects-pdf/work/ui-prompt-2026-09-09/command-inventory.json
ribbon,Organize,Document,Extract,extract,"extract-page (menu alias, ToolId.cpp:220)",true,implemented+available,Open a PDF,Open a PDF,PagesController,viewer extractPages; PageManagementDialog ops (Extract/Delete/Rotate/Insert blank),PageManagementDialog range + save-file dialog,Selected pages written to new PDF; or in-dialog delete/rotate/insert as undoable macro,Range ops undoable (macro); extract None (new file),None,"src/shell/controllers/PagesController.cpp:75-77,213-247",Probe record in ribbon-command-baseline.csv (buttonEnabled/actionEnabled/hasController); re-test per UI02 acceptance,,reviewed-2026-09-09-inventory,C:/Users/User/Documents/Codex/2026-09-05/read-c-users-user-projects-pdf/work/ui-prompt-2026-09-09/command-inventory.json
ribbon,Organize,Document,Compare,compare,compare canonical (ToolId.cpp:163); menu Tools>Compare,true,implemented+available,Open a PDF (pair picker inside),Open a PDF,HomeController (Watermark/Compare entry route) -> CompareMode workspace,CompareWidget side-by-side diff,Compare workspace: choose A/B documents,Comparison workspace shown (view only),None,None,src/shell/controllers/HomeController.cpp:118-120; src/shell/TaskNav.cpp:24; src/GpMainWindow.cpp:813-817,Probe record in ribbon-command-baseline.csv (buttonEnabled/actionEnabled/hasController); re-test per UI02 acceptance,,reviewed-2026-09-09-inventory,C:/Users/User/Documents/Codex/2026-09-05/read-c-users-user-projects-pdf/work/ui-prompt-2026-09-09/command-inventory.json
ribbon,Organize,Numbering,Page Numbers,addPageNumbers,addPageNumbers canonical (ToolId.cpp:227); menu page-numbers; header=addHeader (ToolId.cpp:225),true,implemented+available,Open a PDF,Open a PDF,PagesController,IPageEditor::addHeaderFooter,HeaderFooterDialog,"Header/footer/page-number text stamped on pages (PERSISTED; printed page numbers, NOT PDF page labels)",NOT undoable (direct engine write + viewer reload; no undo command pushed),None,src/shell/controllers/PagesController.cpp:100-113; src/core/interfaces/IPdfEditorEngine.h:214,Probe record in ribbon-command-baseline.csv (buttonEnabled/actionEnabled/hasController); re-test per UI02 acceptance,,reviewed-2026-09-09-inventory,C:/Users/User/Documents/Codex/2026-09-05/read-c-users-user-projects-pdf/work/ui-prompt-2026-09-09/command-inventory.json
ribbon,Organize,Numbering,Header/Footer,addHeader,addPageNumbers canonical (ToolId.cpp:227); menu page-numbers; header=addHeader (ToolId.cpp:225); header (this id) = ToolId::AddHeader (ToolId.cpp:225); menu headers-footers; page-numbers,true,implemented+available,Open a PDF,Open a PDF,PagesController,IPageEditor::addHeaderFooter,HeaderFooterDialog,"Header/footer/page-number text stamped on pages (PERSISTED; printed page numbers, NOT PDF page labels)",NOT undoable (direct engine write + viewer reload; no undo command pushed),None,src/shell/controllers/PagesController.cpp:100-113; src/core/interfaces/IPdfEditorEngine.h:214,Probe record in ribbon-command-baseline.csv (buttonEnabled/actionEnabled/hasController); re-test per UI02 acceptance,,reviewed-2026-09-09-inventory,C:/Users/User/Documents/Codex/2026-09-05/read-c-users-user-projects-pdf/work/ui-prompt-2026-09-09/command-inventory.json
ribbon,Organize,Numbering,Bates,batesNumber,batesNumber canonical (ToolId.cpp:228),true,implemented+available,Open a PDF,Open a PDF,PagesController,IPageEditor::applyBatesNumbering (+ cross-document overload IPdfEditorEngine.h:222),BatesNumberingDialog (prefix/digits/range/batch files),Bates stamps applied; batch mode copies inputs to *_bated.pdf with continuous numbering,NOT undoable (direct engine write),None,src/shell/controllers/PagesController.cpp:114-177,Probe record in ribbon-command-baseline.csv (buttonEnabled/actionEnabled/hasController); re-test per UI02 acceptance,,reviewed-2026-09-09-inventory,C:/Users/User/Documents/Codex/2026-09-05/read-c-users-user-projects-pdf/work/ui-prompt-2026-09-09/command-inventory.json
ribbon,Organize,Decorate,Watermark,watermark,,true,implemented+available,Open a PDF,Open a PDF,HomeController entry route -> WatermarkDialog (TaskNav Dialog kind),IImageEditor::addTextWatermark/addImageWatermark,"WatermarkDialog (text/image, opacity, position, pages)",Watermark stamped on pages (PERSISTED); skipSigned default,NOT undoable (direct engine write),None,src/shell/TaskNav.cpp:31; src/GpMainWindow.cpp:844-859; src/core/interfaces/IPdfEditorEngine.h:235-236,Probe record in ribbon-command-baseline.csv (buttonEnabled/actionEnabled/hasController); re-test per UI02 acceptance,,reviewed-2026-09-09-inventory,C:/Users/User/Documents/Codex/2026-09-05/read-c-users-user-projects-pdf/work/ui-prompt-2026-09-09/command-inventory.json
ribbon,Organize,Decorate,Background,background,,false,planned-unimplemented,no implementation found after tracing for page backgrounds (no setBackground op; grep none). Nearest implemented: addImageWatermark (IImageEditor.h:236) can paint a full-page image; resources/icons/background.svg exists,Open a PDF,None,addImageWatermark (nearest),Color/image picker (unspecified),Page background applied (target behavior),Not undoable (direct engine write pattern),None,src/shell/RibbonModel.cpp:25; src/core/interfaces/IPdfEditorEngine.h:235-236,Trace record: traced via ribbon-command-baseline.csv; see docs/audit/FEATURE-COMMAND-MATRIX-NOTES-2026-09-09.md,,traced-2026-09-09,C:/Users/User/Documents/Codex/2026-09-05/read-c-users-user-projects-pdf/outputs/UI-BUTTON-REVIEW-2026-09-09.md (UI01)
ribbon,Comment,Markup,Highlight,highlight,,true,implemented+available,Open a PDF,Open a PDF,EditController,AnnotationLayer tool mode; .ann sidecar + embedAnnotations on save,Drag/click on page; inspector style controls,ToolMode::Highlight annotation added; document dirtied,Annotation edits undoable via EditAnnotationCommand; placement dirty+save (not independently traced),None,src/shell/controllers/EditController.cpp:101-124,Probe record in ribbon-command-baseline.csv (buttonEnabled/actionEnabled/hasController); re-test per UI02 acceptance,,reviewed-2026-09-09-inventory,C:/Users/User/Documents/Codex/2026-09-05/read-c-users-user-projects-pdf/work/ui-prompt-2026-09-09/command-inventory.json
ribbon,Comment,Markup,Underline,underline,,true,implemented+available,Open a PDF,Open a PDF,EditController,AnnotationLayer tool mode; .ann sidecar + embedAnnotations on save,Drag/click on page; inspector style controls,ToolMode::Underline annotation added; document dirtied,Annotation edits undoable via EditAnnotationCommand; placement dirty+save (not independently traced),None,src/shell/controllers/EditController.cpp:101-124,Probe record in ribbon-command-baseline.csv (buttonEnabled/actionEnabled/hasController); re-test per UI02 acceptance,,reviewed-2026-09-09-inventory,C:/Users/User/Documents/Codex/2026-09-05/read-c-users-user-projects-pdf/work/ui-prompt-2026-09-09/command-inventory.json
ribbon,Comment,Markup,Strikeout,strikeout,,true,implemented+available,Open a PDF,Open a PDF,EditController,AnnotationLayer tool mode; .ann sidecar + embedAnnotations on save,Drag/click on page; inspector style controls,"ToolMode::Strikeout (ribbon id 'strike' aliases canonical 'strikeout', ToolId.cpp:191) annotation added; document dirtied",Annotation edits undoable via EditAnnotationCommand; placement dirty+save (not independently traced),None,src/shell/controllers/EditController.cpp:101-124,Probe record in ribbon-command-baseline.csv (buttonEnabled/actionEnabled/hasController); re-test per UI02 acceptance,,reviewed-2026-09-09-inventory,C:/Users/User/Documents/Codex/2026-09-05/read-c-users-user-projects-pdf/work/ui-prompt-2026-09-09/command-inventory.json
ribbon,Comment,Markup,Squiggly,squiggly,,true,implemented+available,Open a PDF,Open a PDF,EditController,AnnotationLayer tool mode; .ann sidecar + embedAnnotations on save,Drag/click on page; inspector style controls,ToolMode::Squiggly annotation added; document dirtied,Annotation edits undoable via EditAnnotationCommand; placement dirty+save (not independently traced),None,src/shell/controllers/EditController.cpp:101-124,Probe record in ribbon-command-baseline.csv (buttonEnabled/actionEnabled/hasController); re-test per UI02 acceptance,,reviewed-2026-09-09-inventory,C:/Users/User/Documents/Codex/2026-09-05/read-c-users-user-projects-pdf/work/ui-prompt-2026-09-09/command-inventory.json
ribbon,Comment,Notes,Sticky Note,note,,true,implemented+available,Open a PDF,Open a PDF,EditController,AnnotationLayer tool mode; .ann sidecar + embedAnnotations on save,Drag/click on page; inspector style controls,ToolMode::AddComment sticky note annotation added; document dirtied,Annotation edits undoable via EditAnnotationCommand; placement dirty+save (not independently traced),None,src/shell/controllers/EditController.cpp:101-124,Probe record in ribbon-command-baseline.csv (buttonEnabled/actionEnabled/hasController); re-test per UI02 acceptance,,reviewed-2026-09-09-inventory,C:/Users/User/Documents/Codex/2026-09-05/read-c-users-user-projects-pdf/work/ui-prompt-2026-09-09/command-inventory.json
ribbon,Comment,Notes,Callout,callout,,true,implemented+available,Open a PDF,Open a PDF,EditController,AnnotationLayer tool mode; .ann sidecar + embedAnnotations on save,Drag/click on page; inspector style controls,ToolMode::Callout annotation added; document dirtied,Annotation edits undoable via EditAnnotationCommand; placement dirty+save (not independently traced),None,src/shell/controllers/EditController.cpp:101-124,Probe record in ribbon-command-baseline.csv (buttonEnabled/actionEnabled/hasController); re-test per UI02 acceptance,,reviewed-2026-09-09-inventory,C:/Users/User/Documents/Codex/2026-09-05/read-c-users-user-projects-pdf/work/ui-prompt-2026-09-09/command-inventory.json
ribbon,Comment,Notes,Text Box,textbox,,true,implemented+available,Open a PDF,Open a PDF,EditController,AnnotationLayer tool mode; .ann sidecar + embedAnnotations on save,Drag/click on page; inspector style controls,ToolMode::AddTextBox annotation added; document dirtied,Annotation edits undoable via EditAnnotationCommand; placement dirty+save (not independently traced),None,src/shell/controllers/EditController.cpp:101-124,Probe record in ribbon-command-baseline.csv (buttonEnabled/actionEnabled/hasController); re-test per UI02 acceptance,,reviewed-2026-09-09-inventory,C:/Users/User/Documents/Codex/2026-09-05/read-c-users-user-projects-pdf/work/ui-prompt-2026-09-09/command-inventory.json
ribbon,Comment,Drawing,Line,line,,true,implemented+available,Open a PDF,Open a PDF,EditController,AnnotationLayer tool mode; .ann sidecar + embedAnnotations on save,Drag/click on page; inspector style controls,ToolMode::DrawLine annotation added; document dirtied,Annotation edits undoable via EditAnnotationCommand; placement dirty+save (not independently traced),None,src/shell/controllers/EditController.cpp:101-124,Probe record in ribbon-command-baseline.csv (buttonEnabled/actionEnabled/hasController); re-test per UI02 acceptance,,reviewed-2026-09-09-inventory,C:/Users/User/Documents/Codex/2026-09-05/read-c-users-user-projects-pdf/work/ui-prompt-2026-09-09/command-inventory.json
ribbon,Comment,Drawing,Arrow,arrow,,true,implemented+available,Open a PDF,Open a PDF,EditController,AnnotationLayer tool mode; .ann sidecar + embedAnnotations on save,Drag/click on page; inspector style controls,ToolMode::DrawArrow annotation added; document dirtied,Annotation edits undoable via EditAnnotationCommand; placement dirty+save (not independently traced),None,src/shell/controllers/EditController.cpp:101-124,Probe record in ribbon-command-baseline.csv (buttonEnabled/actionEnabled/hasController); re-test per UI02 acceptance,,reviewed-2026-09-09-inventory,C:/Users/User/Documents/Codex/2026-09-05/read-c-users-user-projects-pdf/work/ui-prompt-2026-09-09/command-inventory.json
ribbon,Comment,Drawing,Rectangle,rect,,true,implemented+available,Open a PDF,Open a PDF,EditController,AnnotationLayer tool mode; .ann sidecar + embedAnnotations on save,Drag/click on page; inspector style controls,ToolMode::DrawRectangle annotation added; document dirtied,Annotation edits undoable via EditAnnotationCommand; placement dirty+save (not independently traced),None,src/shell/controllers/EditController.cpp:101-124,Probe record in ribbon-command-baseline.csv (buttonEnabled/actionEnabled/hasController); re-test per UI02 acceptance,,reviewed-2026-09-09-inventory,C:/Users/User/Documents/Codex/2026-09-05/read-c-users-user-projects-pdf/work/ui-prompt-2026-09-09/command-inventory.json
ribbon,Comment,Drawing,Oval,oval,,true,implemented+available,Open a PDF,Open a PDF,EditController,AnnotationLayer tool mode; .ann sidecar + embedAnnotations on save,Drag/click on page; inspector style controls,ToolMode::DrawEllipse annotation added; document dirtied,Annotation edits undoable via EditAnnotationCommand; placement dirty+save (not independently traced),None,src/shell/controllers/EditController.cpp:101-124,Probe record in ribbon-command-baseline.csv (buttonEnabled/actionEnabled/hasController); re-test per UI02 acceptance,,reviewed-2026-09-09-inventory,C:/Users/User/Documents/Codex/2026-09-05/read-c-users-user-projects-pdf/work/ui-prompt-2026-09-09/command-inventory.json
ribbon,Comment,Drawing,Polyline,poly,,false,implemented+missing-context,"Partially implemented: NO standalone polyline annotation ToolMode exists, but the PolyLine geometry + serialization path is real - MeasurePerimeter serializes /PolyLine incl. closing edge (G22, commit 83706cf); resources/icons/polyline.svg exists; menu Comments>Polyline is Disabled (MenuBar.cpp:105). Wire target: a DrawPolyline ToolMode reusing the measure draft path or new annotation type",Open a PDF,None for plain polyline,AnnotationSerializer /PolyLine (measure items today),Vertex clicks (unspecified),Polyline annotation added (target behavior),Annotation undo path (target),None,src/shell/RibbonModel.cpp:28; commit 83706cf; src/shell/MenuBar.cpp:105,Trace record: traced via ribbon-command-baseline.csv; see docs/audit/FEATURE-COMMAND-MATRIX-NOTES-2026-09-09.md,,traced-2026-09-09,C:/Users/User/Documents/Codex/2026-09-05/read-c-users-user-projects-pdf/outputs/UI-BUTTON-REVIEW-2026-09-09.md (UI01)
ribbon,Comment,Drawing,Pencil,pencil,,true,implemented+available,Open a PDF,Open a PDF,EditController,AnnotationLayer tool mode; .ann sidecar + embedAnnotations on save,Drag/click on page; inspector style controls,ToolMode::DrawFreehand ink annotation added; document dirtied,Annotation edits undoable via EditAnnotationCommand; placement dirty+save (not independently traced),None,src/shell/controllers/EditController.cpp:101-124,Probe record in ribbon-command-baseline.csv (buttonEnabled/actionEnabled/hasController); re-test per UI02 acceptance,,reviewed-2026-09-09-inventory,C:/Users/User/Documents/Codex/2026-09-05/read-c-users-user-projects-pdf/work/ui-prompt-2026-09-09/command-inventory.json
ribbon,Comment,Drawing,Eraser,erase,"eraser alias (ToolId.cpp:197); eraser (this id, ToolId.cpp:197)",true,implemented+available,Open a PDF; click an object,Object under click,EditController,IPageEditor::deleteObjectAt,Click object to delete,"Content object under click DELETED from page (PERSISTED source deletion, not annotation-only)",Reload-based; not an undo-stack command (status 'Object erased'),None,"src/shell/controllers/EditController.cpp:140-147,1112-1122",Probe record in ribbon-command-baseline.csv (buttonEnabled/actionEnabled/hasController); re-test per UI02 acceptance,,reviewed-2026-09-09-inventory,C:/Users/User/Documents/Codex/2026-09-05/read-c-users-user-projects-pdf/work/ui-prompt-2026-09-09/command-inventory.json
ribbon,Comment,Stamps,Stamp,stamp,,true,implemented+available,Open a PDF,Open a PDF,EditController,AnnotationLayer tool mode; .ann sidecar + embedAnnotations on save,Drag/click on page; inspector style controls,ToolMode::Stamp image stamp annotation added; document dirtied,Annotation edits undoable via EditAnnotationCommand; placement dirty+save (not independently traced),None,src/shell/controllers/EditController.cpp:101-124,Probe record in ribbon-command-baseline.csv (buttonEnabled/actionEnabled/hasController); re-test per UI02 acceptance,,reviewed-2026-09-09-inventory,C:/Users/User/Documents/Codex/2026-09-05/read-c-users-user-projects-pdf/work/ui-prompt-2026-09-09/command-inventory.json
ribbon,Comment,Stamps,Custom,customStamp,,false,planned-unimplemented,"no implementation found after tracing for custom stamp selection (ToolMode::Stamp exists for predefined stamps, EditController.cpp:116; menu Comments>Stamps>Custom Stamp Disabled MenuBar.cpp:99; resources/icons/custom-stamp.svg exists). Menu Approved/Draft/Confidential stamp actions are UNCONNECTED no-ops (MenuBar.cpp:364-366)",Open a PDF,EditController (predefined only),AnnotationLayer stamp,Stamp image picker (unspecified),Custom image stamp placed (target behavior),Annotation undo path (target),None,"src/shell/MenuBar.cpp:99,363-368; src/shell/RibbonModel.cpp:28",Trace record: traced via ribbon-command-baseline.csv; see docs/audit/FEATURE-COMMAND-MATRIX-NOTES-2026-09-09.md,,traced-2026-09-09,C:/Users/User/Documents/Codex/2026-09-05/read-c-users-user-projects-pdf/outputs/UI-BUTTON-REVIEW-2026-09-09.md (UI01)
ribbon,Comment,Review,Summary,summary,,false,planned-unimplemented,no implementation found after tracing (no comment-summary report generator traced; CommentsWidget has filters but no summary export),Open a PDF with comments,None,None,None,Comment summary document/table (target behavior),None (new output),None,src/shell/RibbonModel.cpp:29,Trace record: traced via ribbon-command-baseline.csv; see docs/audit/FEATURE-COMMAND-MATRIX-NOTES-2026-09-09.md,,traced-2026-09-09,C:/Users/User/Documents/Codex/2026-09-05/read-c-users-user-projects-pdf/outputs/UI-BUTTON-REVIEW-2026-09-09.md (UI01)
ribbon,Comment,Review,Filter,filterComm,,false,implemented+missing-context,"Implemented-but-hidden: CommentsWidget status/author/date filters (applyFilters, activeFilterCount/Summary, clearFilters - CommentsWidget.h:38-46,79-99) live in the left Comments pane. Wire target: ribbon route that raises the pane (same as hidden 'comments')",Open a PDF,CommentsWidget,in-memory filter over annotation records,Filter combos in Comments pane,Visible comment subset changes,None (view state),None,"src/ui/CommentsWidget.h:38-46,79-109",Trace record: traced via ribbon-command-baseline.csv; see docs/audit/FEATURE-COMMAND-MATRIX-NOTES-2026-09-09.md,,traced-2026-09-09,C:/Users/User/Documents/Codex/2026-09-05/read-c-users-user-projects-pdf/outputs/UI-BUTTON-REVIEW-2026-09-09.md (UI01)
ribbon,Comment,Review,Status,statusComm,,false,implemented+missing-context,Implemented-but-hidden: ReviewState model (AnnotationTypes.h ReviewState None/Open/Accepted/Rejected/Cancelled/Completed) + status filter in CommentsWidget; review-state changes route through the shared QUndoStack via EditAnnotationCommand (Sidebar.cpp:103-106). Wire target: raise Comments pane / selected-annotation status control,Open a PDF + a comment selected,CommentsWidget/InspectorWidget,EditAnnotationCommand on shared QUndoStack,Status picker,Annotation ReviewState changed; document dirtied,Undoable (EditAnnotationCommand),None,src/core/AnnotationTypes.h:10-19; src/ui/CommentsWidget.h:97; src/shell/Sidebar.cpp:103-106,Trace record: traced via ribbon-command-baseline.csv; see docs/audit/FEATURE-COMMAND-MATRIX-NOTES-2026-09-09.md,,traced-2026-09-09,C:/Users/User/Documents/Codex/2026-09-05/read-c-users-user-projects-pdf/outputs/UI-BUTTON-REVIEW-2026-09-09.md (UI01)
ribbon,Comment,Review,Track Changes,trackChanges,,false,planned-unimplemented,no implementation found after tracing (no track-changes/change-log model traced; ReviewState is not change tracking),n/a,None,None,None,Change log/toggle (target behavior),None traced,None,src/shell/RibbonModel.cpp:29,Trace record: traced via ribbon-command-baseline.csv; see docs/audit/FEATURE-COMMAND-MATRIX-NOTES-2026-09-09.md,,traced-2026-09-09,C:/Users/User/Documents/Codex/2026-09-05/read-c-users-user-projects-pdf/outputs/UI-BUTTON-REVIEW-2026-09-09.md (UI01)
ribbon,Comment,Review,Reply,reply,,false,implemented+missing-context,Implemented-but-hidden: CommentsWidget::replyToComment slot + context menu/composer wired via setContext/setViewer (Sidebar.cpp:103-106 M6-P5 D3 note says they are 'otherwise inert without it'). Wire target: raise Comments pane; contextual reply on selected comment,Open a PDF + a comment,CommentsWidget,EditAnnotationCommand (threaded reply record),Reply composer in Comments pane,Reply added to thread; document dirtied,Undoable (EditAnnotationCommand),None,src/ui/CommentsWidget.h:68; src/shell/Sidebar.cpp:101-110,Trace record: traced via ribbon-command-baseline.csv; see docs/audit/FEATURE-COMMAND-MATRIX-NOTES-2026-09-09.md,,traced-2026-09-09,C:/Users/User/Documents/Codex/2026-09-05/read-c-users-user-projects-pdf/outputs/UI-BUTTON-REVIEW-2026-09-09.md (UI01)
ribbon,Convert,From PDF,Word,toWord,,true,implemented+available,Open a PDF; capability-gated (U08 gate explains why-not before dialog),Open a PDF,ConvertController,IConversionEngine::convertTo (TargetFormat::Word),Save-file dialog .docx,New exported file; input unchanged; local-processing notice,None (new file),CapId::WordExport (fallback writer warns HTML-as-docx),src/shell/controllers/ConvertController.cpp,Probe record in ribbon-command-baseline.csv (buttonEnabled/actionEnabled/hasController); re-test per UI02 acceptance,,reviewed-2026-09-09-inventory,C:/Users/User/Documents/Codex/2026-09-05/read-c-users-user-projects-pdf/work/ui-prompt-2026-09-09/command-inventory.json
ribbon,Convert,From PDF,Excel,toExcel,,true,implemented+available,Open a PDF; capability-gated (U08 gate explains why-not before dialog),Open a PDF,ConvertController,IConversionEngine::convertTo (TargetFormat::Excel),Save-file dialog .xlsx,New exported file; input unchanged; local-processing notice,None (new file),CapId::ExcelExport (fallback warns CSV-as-xlsx),src/shell/controllers/ConvertController.cpp,Probe record in ribbon-command-baseline.csv (buttonEnabled/actionEnabled/hasController); re-test per UI02 acceptance,,reviewed-2026-09-09-inventory,C:/Users/User/Documents/Codex/2026-09-05/read-c-users-user-projects-pdf/work/ui-prompt-2026-09-09/command-inventory.json
ribbon,Convert,From PDF,PowerPoint,toPPT,,true,implemented+available,Open a PDF; capability-gated (U08 gate explains why-not before dialog),Open a PDF,ConvertController,IConversionEngine::convertTo (TargetFormat::PowerPoint),Save-file dialog .pptx,New exported file; input unchanged; local-processing notice,None (new file),CapId::PptExport,src/shell/controllers/ConvertController.cpp,Probe record in ribbon-command-baseline.csv (buttonEnabled/actionEnabled/hasController); re-test per UI02 acceptance,,reviewed-2026-09-09-inventory,C:/Users/User/Documents/Codex/2026-09-05/read-c-users-user-projects-pdf/work/ui-prompt-2026-09-09/command-inventory.json
ribbon,Convert,From PDF,HTML,toHTML,,true,implemented+available,Open a PDF; capability-gated (U08 gate explains why-not before dialog),Open a PDF,ConvertController,IConversionEngine::convertTo (TargetFormat::Html),Save-file dialog .html,New exported file; input unchanged; local-processing notice,None (new file),CapId::HtmlExport,src/shell/controllers/ConvertController.cpp,Probe record in ribbon-command-baseline.csv (buttonEnabled/actionEnabled/hasController); re-test per UI02 acceptance,,reviewed-2026-09-09-inventory,C:/Users/User/Documents/Codex/2026-09-05/read-c-users-user-projects-pdf/work/ui-prompt-2026-09-09/command-inventory.json
ribbon,Convert,From PDF,Markdown,toMD,,false,planned-unimplemented,"no implementation found after tracing (IConversionEngine::TargetFormat = Word,Excel,Html,Image,Csv,OfficeToPdf,Text,PowerPoint,ImagesToPdf - no Markdown; grep markdown in engines: none)",Open a PDF,None,None,Save dialog (unspecified),Markdown file written (target behavior),None (new file),None,src/core/interfaces/IConversionEngine.h:9; src/shell/RibbonModel.cpp:31,Trace record: traced via ribbon-command-baseline.csv; see docs/audit/FEATURE-COMMAND-MATRIX-NOTES-2026-09-09.md,,traced-2026-09-09,C:/Users/User/Documents/Codex/2026-09-05/read-c-users-user-projects-pdf/outputs/UI-BUTTON-REVIEW-2026-09-09.md (UI01)
ribbon,Convert,From PDF,EPUB,toEPUB,,false,planned-unimplemented,no implementation found after tracing (no EPUB TargetFormat or writer; grep epub in engines: none; resources/icons/epub.svg exists),Open a PDF,None,None,Save dialog (unspecified),EPUB written (target behavior),None (new file),None,src/core/interfaces/IConversionEngine.h:9,Trace record: traced via ribbon-command-baseline.csv; see docs/audit/FEATURE-COMMAND-MATRIX-NOTES-2026-09-09.md,,traced-2026-09-09,C:/Users/User/Documents/Codex/2026-09-05/read-c-users-user-projects-pdf/outputs/UI-BUTTON-REVIEW-2026-09-09.md (UI01)
ribbon,Convert,From PDF,Text,toText,,true,implemented+available,Open a PDF; capability-gated (U08 gate explains why-not before dialog),Open a PDF,ConvertController,IConversionEngine::convertTo (TargetFormat::Text),Save-file dialog .txt,New exported file; input unchanged; local-processing notice,None (new file),CapId::TextExport,src/shell/controllers/ConvertController.cpp,Probe record in ribbon-command-baseline.csv (buttonEnabled/actionEnabled/hasController); re-test per UI02 acceptance,,reviewed-2026-09-09-inventory,C:/Users/User/Documents/Codex/2026-09-05/read-c-users-user-projects-pdf/work/ui-prompt-2026-09-09/command-inventory.json
ribbon,Convert,From PDF,Image,toImage,,true,implemented+available,Open a PDF; capability-gated (U08 gate explains why-not before dialog),Open a PDF,ConvertController,IConversionEngine::convertTo (TargetFormat::Image),Save-file dialog png/jpg/tif,New exported file; input unchanged; local-processing notice,None (new file),CapId::ImageExport (capability-derived filter),src/shell/controllers/ConvertController.cpp,Probe record in ribbon-command-baseline.csv (buttonEnabled/actionEnabled/hasController); re-test per UI02 acceptance,,reviewed-2026-09-09-inventory,C:/Users/User/Documents/Codex/2026-09-05/read-c-users-user-projects-pdf/work/ui-prompt-2026-09-09/command-inventory.json
ribbon,Convert,From PDF,CSV,toCSV,,true,implemented+available,Open a PDF; capability-gated (U08 gate explains why-not before dialog),Open a PDF,ConvertController,IConversionEngine::convertTo (TargetFormat::Csv),Save-file dialog .csv,New exported file; input unchanged; local-processing notice,None (new file),CapId::CsvExport,src/shell/controllers/ConvertController.cpp,Probe record in ribbon-command-baseline.csv (buttonEnabled/actionEnabled/hasController); re-test per UI02 acceptance,,reviewed-2026-09-09-inventory,C:/Users/User/Documents/Codex/2026-09-05/read-c-users-user-projects-pdf/work/ui-prompt-2026-09-09/command-inventory.json
ribbon,Convert,To PDF,From File,importOffice,importOffice canonical (ToolId.cpp:242),true,implemented+dependency-unavailable,Always; LibreOffice soffice required (runtime probe + download offer),None,HomeController,ConversionManager::convertOfficeToPdf (LibreOffice),Office file-open + save-file dialogs,New PDF from docx/xlsx/pptx/odt/rtf/csv/txt; opened after convert,None (new file),LibreOffice installed (CapId::OfficeImport),"src/shell/controllers/HomeController.cpp:103-104,647-723",Probe record in ribbon-command-baseline.csv (buttonEnabled/actionEnabled/hasController); re-test per UI02 acceptance,,reviewed-2026-09-09-inventory,C:/Users/User/Documents/Codex/2026-09-05/read-c-users-user-projects-pdf/work/ui-prompt-2026-09-09/command-inventory.json
ribbon,Convert,To PDF,Scanner,fromScan,,false,planned-unimplemented,no implementation found after tracing (no scanner acquisition/TWIA/WIA code traced; resources/icons/scan.svg exists only),None,None,None,Scanner picker (unspecified),Scanned images combined to PDF (target behavior; convertImagesToPdf is the natural backend),None (new file),None,src/shell/RibbonModel.cpp:31,Trace record: traced via ribbon-command-baseline.csv; see docs/audit/FEATURE-COMMAND-MATRIX-NOTES-2026-09-09.md,,traced-2026-09-09,C:/Users/User/Documents/Codex/2026-09-05/read-c-users-user-projects-pdf/outputs/UI-BUTTON-REVIEW-2026-09-09.md (UI01)
ribbon,Convert,To PDF,Web Page,fromWeb,,false,planned-unimplemented,no implementation found after tracing (no URL-to-PDF renderer traced; resources/icons/web-page.svg exists only),None,None,None,URL input (unspecified),PDF rendered from web page (target behavior; would need a rendering engine - privacy policy applies),None (new file),None,src/shell/RibbonModel.cpp:31,Trace record: traced via ribbon-command-baseline.csv; see docs/audit/FEATURE-COMMAND-MATRIX-NOTES-2026-09-09.md,,traced-2026-09-09,C:/Users/User/Documents/Codex/2026-09-05/read-c-users-user-projects-pdf/outputs/UI-BUTTON-REVIEW-2026-09-09.md (UI01)
ribbon,Convert,To PDF,Combine,combine,"combinePDF (Convert tab alias, ToolId.cpp:231); mergeFilesRequested welcome route; combinePDF (this id, ToolId.cpp:231); merge (alias)",true,implemented+available,Always,None,ConvertController; welcome Merge card via ToolRegistry,PdfViewerWidget::mergeDocuments,Multi file-open + save dialog,New merged PDF,None (new file),None,src/GpMainWindow.cpp:223-224; src/shell/controllers/ConvertController.cpp:295-333,Probe record in ribbon-command-baseline.csv (buttonEnabled/actionEnabled/hasController); re-test per UI02 acceptance,,reviewed-2026-09-09-inventory,C:/Users/User/Documents/Codex/2026-09-05/read-c-users-user-projects-pdf/work/ui-prompt-2026-09-09/command-inventory.json
ribbon,Convert,Tables,Extract Tables,extractTables,,false,planned-unimplemented,no implementation found after tracing (only the RibbonModel declaration exists; no table detection/extraction engine code traced),Open a PDF,None,None,Save dialog (unspecified),Table data extracted (target behavior),None (new file),None,src/shell/RibbonModel.cpp:32-33; grep extractTables: RibbonModel only,Trace record: traced via ribbon-command-baseline.csv; see docs/audit/FEATURE-COMMAND-MATRIX-NOTES-2026-09-09.md,,traced-2026-09-09,C:/Users/User/Documents/Codex/2026-09-05/read-c-users-user-projects-pdf/outputs/UI-BUTTON-REVIEW-2026-09-09.md (UI01)
ribbon,Convert,Tables,Auto-detect,detectTables,,false,planned-unimplemented,no implementation found after tracing (same as extractTables: declaration only),Open a PDF,None,None,None,Table regions detected/highlighted (target behavior),None traced,None,src/shell/RibbonModel.cpp:32-33,Trace record: traced via ribbon-command-baseline.csv; see docs/audit/FEATURE-COMMAND-MATRIX-NOTES-2026-09-09.md,,traced-2026-09-09,C:/Users/User/Documents/Codex/2026-09-05/read-c-users-user-projects-pdf/outputs/UI-BUTTON-REVIEW-2026-09-09.md (UI01)
ribbon,Convert,Tables,Export CSV,toCSV,"exportCSV (this id, ToolId.cpp:234)",true,implemented+available,Open a PDF; capability-gated (U08 gate explains why-not before dialog),Open a PDF,ConvertController,IConversionEngine::convertTo (TargetFormat::Csv),Save-file dialog .csv,New exported file; input unchanged; local-processing notice,None (new file),CapId::CsvExport,src/shell/controllers/ConvertController.cpp,Probe record in ribbon-command-baseline.csv (buttonEnabled/actionEnabled/hasController); re-test per UI02 acceptance,,reviewed-2026-09-09-inventory,C:/Users/User/Documents/Codex/2026-09-05/read-c-users-user-projects-pdf/work/ui-prompt-2026-09-09/command-inventory.json
ribbon,Convert,Optimize,Compress,compress,,true,implemented+available,Open a PDF,Open a PDF,ConvertController entry route -> CompressDialog (TaskNav Dialog kind),IExporter::estimateOptimization/optimizeDocument; MRC exportMrcPdfA path,"CompressDialog options (MRC, honest R12 unsupported-pass disclosure)",Optimized/compressed copy written,None (new file),CapId::CompressSubsetFonts + CompressRemoveUnused are UnavailableBuild (R12),src/GpMainWindow.cpp:846-852,Probe record in ribbon-command-baseline.csv (buttonEnabled/actionEnabled/hasController); re-test per UI02 acceptance,,reviewed-2026-09-09-inventory,C:/Users/User/Documents/Codex/2026-09-05/read-c-users-user-projects-pdf/work/ui-prompt-2026-09-09/command-inventory.json
ribbon,Convert,Optimize,Reduce Size,compress,compress,false,obsolete-alias-duplicate,Duplicate of visible 'compress': no separate reduce implementation; CompressDialog (route of ToolId::Compress) IS the size-reduction implementation incl. honest R12 unsupported-pass disclosure (r12UnsupportedPassExplanation). Execution prompt UI06 rule: they must not be duplicates pretending separate capabilities. Canonical: compress,Open a PDF,ConvertController entry route,IExporter::optimizeDocument/estimateOptimization,CompressDialog,Compressed copy written,None (new file),None,src/shell/RibbonModel.cpp:34; src/core/Capability.h:62-63; src/modes/CompressDialog.h,Trace record: traced via ribbon-command-baseline.csv; see docs/audit/FEATURE-COMMAND-MATRIX-NOTES-2026-09-09.md,,traced-2026-09-09,C:/Users/User/Documents/Codex/2026-09-05/read-c-users-user-projects-pdf/outputs/UI-BUTTON-REVIEW-2026-09-09.md (UI01)
ribbon,Convert,Optimize,PDF/A,pdfA,,true,implemented+available,"Open a PDF; veraPDF needed only for PDF/A VALIDATION (PdfAValidationPanel), not export",Open a PDF,ConvertController,IExporter::exportPdfA (level 1b/2b/3b),Level chooser + save-file dialog,PDF/A copy written,None (new file),None,"src/shell/controllers/ConvertController.cpp:107-109,387-447",Probe record in ribbon-command-baseline.csv (buttonEnabled/actionEnabled/hasController); re-test per UI02 acceptance,,reviewed-2026-09-09-inventory,C:/Users/User/Documents/Codex/2026-09-05/read-c-users-user-projects-pdf/work/ui-prompt-2026-09-09/command-inventory.json
ribbon,Convert,Batch,Batch,batchConv,,false,implemented+missing-context,"Implemented-but-hidden: full BatchMode workspace exists (src/modes/BatchMode.cpp, 1724 lines; 7 ops: Convert/Compress/Watermark/PDF-A/Merge/OCR/Pattern-Redact; per-item preflight U08, async merge worker 9.12 P1) and is reachable ONLY via the bottom ScreenNav 'Batch' button (TaskNav.cpp:26). Wire target: ribbon Batch route to the existing screen (or keep one canonical entry)",Add input files in Batch workspace,ScreenNav -> BatchMode,IConversionEngine/IExporter/OcrPipeline/IRedactor batch loop,BatchMode file list + operation panel,Per-file outputs + truthful success/fail/remaining summary,None (new outputs),None,src/modes/BatchMode.cpp:209-215; src/shell/TaskNav.cpp:26,Trace record: traced via ribbon-command-baseline.csv; see docs/audit/FEATURE-COMMAND-MATRIX-NOTES-2026-09-09.md,,traced-2026-09-09,C:/Users/User/Documents/Codex/2026-09-05/read-c-users-user-projects-pdf/outputs/UI-BUTTON-REVIEW-2026-09-09.md (UI01)
ribbon,Convert,Batch,Preset,exportPresets,exportPresets,false,obsolete-alias-duplicate,Duplicate of implemented exportPresets: ToolId::ExportPresets opens ExportPresetsPanel and executes the chosen preset (linearize/PDF/A on a save-as copy) - HomeController::onExportPresets with planForExport (9.16 P0). Menu File>Export Presets exists. Canonical: exportPresets,Open a PDF,HomeController,linearizeDocument/exportPdfA per plan,ExportPresetsPanel,Preset-exported copy written,None (new file),None,"src/shell/controllers/HomeController.cpp:94-96,548-605; src/shell/MenuBar.cpp:38,272",Trace record: traced via ribbon-command-baseline.csv; see docs/audit/FEATURE-COMMAND-MATRIX-NOTES-2026-09-09.md,,traced-2026-09-09,C:/Users/User/Documents/Codex/2026-09-05/read-c-users-user-projects-pdf/outputs/UI-BUTTON-REVIEW-2026-09-09.md (UI01)
ribbon,Convert,Batch,Watch Folder,watch,,false,implemented+missing-context,"Implemented-but-hidden: BatchMode has a hot-folder watch option (m_hotFolderCheck 'Watch folder (hot folder)', m_hotFolderEdit - BatchMode.cpp:745-752) inside the Batch workspace. Wire target: Batch screen route (same as batchConv)",Folder to watch,BatchMode,batch loop over hot-folder arrivals,BatchMode hot-folder path field,Files in watched folder processed,None (new outputs),None,src/modes/BatchMode.cpp:745-752,Trace record: traced via ribbon-command-baseline.csv; see docs/audit/FEATURE-COMMAND-MATRIX-NOTES-2026-09-09.md,,traced-2026-09-09,C:/Users/User/Documents/Codex/2026-09-05/read-c-users-user-projects-pdf/outputs/UI-BUTTON-REVIEW-2026-09-09.md (UI01)
ribbon,Forms,Design,Text Field,textField,,true,implemented+available,Open a PDF,Open a PDF,FormsController,viewer ToolMode::FormAddText; IFormManager add*Field,Form Builder: drag field rect,Form field widget added (PERSISTED),Undoable via AddFormFieldCommand path,None,src/shell/controllers/FormsController.cpp:54-93,Probe record in ribbon-command-baseline.csv (buttonEnabled/actionEnabled/hasController); re-test per UI02 acceptance,,reviewed-2026-09-09-inventory,C:/Users/User/Documents/Codex/2026-09-05/read-c-users-user-projects-pdf/work/ui-prompt-2026-09-09/command-inventory.json
ribbon,Forms,Design,Checkbox,checkbox,,true,implemented+available,Open a PDF,Open a PDF,FormsController,viewer ToolMode::FormAddCheckbox; IFormManager add*Field,Form Builder: drag field rect,Form field widget added (PERSISTED),Undoable via AddFormFieldCommand path,None,src/shell/controllers/FormsController.cpp:54-93,Probe record in ribbon-command-baseline.csv (buttonEnabled/actionEnabled/hasController); re-test per UI02 acceptance,,reviewed-2026-09-09-inventory,C:/Users/User/Documents/Codex/2026-09-05/read-c-users-user-projects-pdf/work/ui-prompt-2026-09-09/command-inventory.json
ribbon,Forms,Design,Radio,radio,,true,implemented+available,Open a PDF,Open a PDF,FormsController,viewer ToolMode::FormAddRadio; IFormManager add*Field,Form Builder: drag field rect,Form field widget added (PERSISTED),Undoable via AddFormFieldCommand path,None,src/shell/controllers/FormsController.cpp:54-93,Probe record in ribbon-command-baseline.csv (buttonEnabled/actionEnabled/hasController); re-test per UI02 acceptance,,reviewed-2026-09-09-inventory,C:/Users/User/Documents/Codex/2026-09-05/read-c-users-user-projects-pdf/work/ui-prompt-2026-09-09/command-inventory.json
ribbon,Forms,Design,Dropdown,dropdown,,true,implemented+available,Open a PDF,Open a PDF,FormsController,viewer ToolMode::FormAddDropdown; IFormManager add*Field,Form Builder: drag field rect,Form field widget added (PERSISTED),Undoable via AddFormFieldCommand path,None,src/shell/controllers/FormsController.cpp:54-93,Probe record in ribbon-command-baseline.csv (buttonEnabled/actionEnabled/hasController); re-test per UI02 acceptance,,reviewed-2026-09-09-inventory,C:/Users/User/Documents/Codex/2026-09-05/read-c-users-user-projects-pdf/work/ui-prompt-2026-09-09/command-inventory.json
ribbon,Forms,Design,List Box,listbox,,true,implemented+available,Open a PDF,Open a PDF,FormsController,viewer ToolMode::FormAddListBox; IFormManager add*Field,Form Builder: drag field rect,Form field widget added (PERSISTED),Undoable via AddFormFieldCommand path,None,src/shell/controllers/FormsController.cpp:54-93,Probe record in ribbon-command-baseline.csv (buttonEnabled/actionEnabled/hasController); re-test per UI02 acceptance,,reviewed-2026-09-09-inventory,C:/Users/User/Documents/Codex/2026-09-05/read-c-users-user-projects-pdf/work/ui-prompt-2026-09-09/command-inventory.json
ribbon,Forms,Design,Button,button,,true,implemented+available,Open a PDF,Open a PDF,FormsController,viewer ToolMode::FormAddButton; IFormManager add*Field,Form Builder: drag field rect,Form field widget added (PERSISTED),Undoable via AddFormFieldCommand path,None,src/shell/controllers/FormsController.cpp:54-93,Probe record in ribbon-command-baseline.csv (buttonEnabled/actionEnabled/hasController); re-test per UI02 acceptance,,reviewed-2026-09-09-inventory,C:/Users/User/Documents/Codex/2026-09-05/read-c-users-user-projects-pdf/work/ui-prompt-2026-09-09/command-inventory.json
ribbon,Forms,Design,Date,dateField,,true,implemented+available,Open a PDF,Open a PDF,FormsController,viewer ToolMode::FormAddDate; IFormManager add*Field,Form Builder: drag field rect,Form field widget added (PERSISTED),Undoable via AddFormFieldCommand path,None,src/shell/controllers/FormsController.cpp:54-93,Probe record in ribbon-command-baseline.csv (buttonEnabled/actionEnabled/hasController); re-test per UI02 acceptance,,reviewed-2026-09-09-inventory,C:/Users/User/Documents/Codex/2026-09-05/read-c-users-user-projects-pdf/work/ui-prompt-2026-09-09/command-inventory.json
ribbon,Forms,Design,Numeric,numField,,true,implemented+available,Open a PDF,Open a PDF,FormsController,viewer ToolMode::FormAddNumeric; IFormManager add*Field,Form Builder: drag field rect,Form field widget added (PERSISTED),Undoable via AddFormFieldCommand path,None,src/shell/controllers/FormsController.cpp:54-93,Probe record in ribbon-command-baseline.csv (buttonEnabled/actionEnabled/hasController); re-test per UI02 acceptance,,reviewed-2026-09-09-inventory,C:/Users/User/Documents/Codex/2026-09-05/read-c-users-user-projects-pdf/work/ui-prompt-2026-09-09/command-inventory.json
ribbon,Forms,Design,Signature,sigField,,true,implemented+available,Open a PDF,Open a PDF,FormsController,viewer ToolMode::FormAddSignature; IFormManager add*Field,Form Builder: drag field rect,Form field widget added (PERSISTED),Undoable via AddFormFieldCommand path,None,src/shell/controllers/FormsController.cpp:54-93,Probe record in ribbon-command-baseline.csv (buttonEnabled/actionEnabled/hasController); re-test per UI02 acceptance,,reviewed-2026-09-09-inventory,C:/Users/User/Documents/Codex/2026-09-05/read-c-users-user-projects-pdf/work/ui-prompt-2026-09-09/command-inventory.json
ribbon,Forms,Build,Create Form,createForm,,true,implemented+available,Open a PDF,Open a PDF,FormsController -> Form Builder screen,FormBuilderMode + IFormManager add*Field,Form Builder canvas placement,AcroForm fields added (PERSISTED),Field placement via AddFormFieldCommand (undoable); see AutoDetectPlacement for compound case,None,src/shell/controllers/FormsController.cpp:51-53,Probe record in ribbon-command-baseline.csv (buttonEnabled/actionEnabled/hasController); re-test per UI02 acceptance,,reviewed-2026-09-09-inventory,C:/Users/User/Documents/Codex/2026-09-05/read-c-users-user-projects-pdf/work/ui-prompt-2026-09-09/command-inventory.json
ribbon,Forms,Build,Auto-detect,autoDetect,,true,implemented+available,Open a PDF; detection may find none,Open a PDF,FormsController,IFormManager::autoDetectFields + AutoDetectPlacement compound command,None (current page),Suggested fields placed as ONE undoable compound command with honest placed/failed counts,Undoable (AutoDetectPlacement single compound),None,"src/shell/controllers/FormsController.cpp:94-96,114-133",Probe record in ribbon-command-baseline.csv (buttonEnabled/actionEnabled/hasController); re-test per UI02 acceptance,,reviewed-2026-09-09-inventory,C:/Users/User/Documents/Codex/2026-09-05/read-c-users-user-projects-pdf/work/ui-prompt-2026-09-09/command-inventory.json
ribbon,Forms,Build,Tab Order,tabs,,true,implemented+available,Open a PDF,Open a PDF,FormsController,IFormManager::setTabOrder exists (IFormManager.h:140) but NOT called by this command,Info box only,Activates Form Builder + message directing user to its Tab Order sidebar (partial stub at command level),n/a (current command performs no write),None,"src/shell/controllers/FormsController.cpp:97-99,135-141",Probe record in ribbon-command-baseline.csv (buttonEnabled/actionEnabled/hasController); re-test per UI02 acceptance,,reviewed-2026-09-09-inventory,C:/Users/User/Documents/Codex/2026-09-05/read-c-users-user-projects-pdf/work/ui-prompt-2026-09-09/command-inventory.json
ribbon,Forms,Validate,Validation,rules,,false,planned-unimplemented,no implementation found after tracing for general validation rules (IFormManager::setFieldMetadata exposes ONLY tooltip+required - IFormManager.h:81-83; no rules model beyond that),Open a PDF + a field,None,setFieldMetadata (partial primitive),Rules editor (unspecified),Validation rules saved to field (target behavior),Undoable command (target),None,src/core/interfaces/IFormManager.h:81-83; src/shell/RibbonModel.cpp:36,Trace record: traced via ribbon-command-baseline.csv; see docs/audit/FEATURE-COMMAND-MATRIX-NOTES-2026-09-09.md,,traced-2026-09-09,C:/Users/User/Documents/Codex/2026-09-05/read-c-users-user-projects-pdf/outputs/UI-BUTTON-REVIEW-2026-09-09.md (UI01)
ribbon,Forms,Validate,Required,required,,false,implemented+missing-context,"Implemented-but-hidden: FormFieldPropertiesPanel has m_requiredCheck (FormFieldPropertiesPanel.h:50) in Form Builder, and IFormManager::setFieldMetadata(pdfPath, field, tooltip, required, outPath) persists it (FormManager.cpp:957). Wire target: form screen/properties panel route",Open a PDF + a field selected,FormFieldPropertiesPanel (Form Builder),IFormManager::setFieldMetadata(required),Properties panel checkbox,Required flag persisted to field dict,Undoable via field-property command path,None,src/modes/FormFieldPropertiesPanel.h:50; src/engines/FormManager.cpp:957,Trace record: traced via ribbon-command-baseline.csv; see docs/audit/FEATURE-COMMAND-MATRIX-NOTES-2026-09-09.md,,traced-2026-09-09,C:/Users/User/Documents/Codex/2026-09-05/read-c-users-user-projects-pdf/outputs/UI-BUTTON-REVIEW-2026-09-09.md (UI01)
ribbon,Forms,Validate,Calculation,calcField,calcField; calc-field (menu),false,obsolete-alias-duplicate,"Duplicate of implemented canonical calcField: ToolId::CalcField is handled (FormsController.cpp:90-93 -> ToolMode::FormAddCalculated -> IFormManager::addCalculatedField) and exposed on the menu (Forms>Add Calculated Field, Registry dispatch). The ribbon has NO visible calculated-field button, so the hidden 'calc' entry is its natural home. Canonical: calcField",Open a PDF,FormsController,ToolMode::FormAddCalculated; IFormManager::addCalculatedField,Form Builder field placement,Calculated field added (PERSISTED),Undoable (AddFormFieldCommand path),None,"src/shell/controllers/FormsController.cpp:90-93; src/shell/MenuBar.cpp:115,392",Trace record: traced via ribbon-command-baseline.csv; see docs/audit/FEATURE-COMMAND-MATRIX-NOTES-2026-09-09.md,,traced-2026-09-09,C:/Users/User/Documents/Codex/2026-09-05/read-c-users-user-projects-pdf/outputs/UI-BUTTON-REVIEW-2026-09-09.md (UI01)
ribbon,Forms,Data,Export Data,exportData,"export alias (ToolId.cpp:260); export (this id, ToolId.cpp:260)",true,implemented+available,Open a PDF with fields,Open a PDF,FormsController,IFormManager::exportFormData (FDF/CSV),Save-file dialog fdf/csv,Form data file written; document unchanged,None,None,"src/shell/controllers/FormsController.cpp:103-105,205-219",Probe record in ribbon-command-baseline.csv (buttonEnabled/actionEnabled/hasController); re-test per UI02 acceptance,,reviewed-2026-09-09-inventory,C:/Users/User/Documents/Codex/2026-09-05/read-c-users-user-projects-pdf/work/ui-prompt-2026-09-09/command-inventory.json
ribbon,Forms,Data,Import Data,importData,"import alias (ToolId.cpp:259); import (this id, ToolId.cpp:259)",true,implemented+available,Open a PDF; FDF/CSV data file; radio/pushbutton targets skipped with warning,Open a PDF,FormsController,IFormManager::importFormData + SafeSave::commitFileToDestination (V01 fix),Data file-open dialog,Field values written into document on disk (atomic replace; viewer reloads),NOT undoable (disk replace; history untouched),None,"src/shell/controllers/FormsController.cpp:100-102,143-203",Probe record in ribbon-command-baseline.csv (buttonEnabled/actionEnabled/hasController); re-test per UI02 acceptance,,reviewed-2026-09-09-inventory,C:/Users/User/Documents/Codex/2026-09-05/read-c-users-user-projects-pdf/work/ui-prompt-2026-09-09/command-inventory.json
ribbon,Forms,Data,Reset,reset,,false,planned-unimplemented,"no implementation found after tracing for resetting field VALUES (no resetForm/clearFields engine op; importFormData with empty data is not a reset; flattenForm is a different semantic). Nearest: fillForm writes values, removeFieldByName deletes fields",Open a PDF with filled fields,None,None,None,Field values cleared (target behavior),Undoable command (target),None,src/core/interfaces/IFormManager.h:70-145 (no reset op),Trace record: traced via ribbon-command-baseline.csv; see docs/audit/FEATURE-COMMAND-MATRIX-NOTES-2026-09-09.md,,traced-2026-09-09,C:/Users/User/Documents/Codex/2026-09-05/read-c-users-user-projects-pdf/outputs/UI-BUTTON-REVIEW-2026-09-09.md (UI01)
ribbon,Forms,Data,Flatten,flatten,,false,implemented+missing-context,"Implemented engine op with ZERO UI callers: IFormManager::flattenForm(pdfPath, outputPath) is implemented (FormManager.cpp:1137, declared IFormManager.h:145) but no controller/menu/ribbon route calls it. Wire target: add a flatten command to FormsController + visible entry",Open a PDF with fields,None (no route today),"IFormManager::flattenForm (implemented, FormManager.cpp:1137)",Save dialog (unspecified),Flattened copy written; widgets become page content,None (new file),None,src/engines/FormManager.cpp:1137; src/core/interfaces/IFormManager.h:145; grep flattenForm callers: none outside engine,Trace record: traced via ribbon-command-baseline.csv; see docs/audit/FEATURE-COMMAND-MATRIX-NOTES-2026-09-09.md,,traced-2026-09-09,C:/Users/User/Documents/Codex/2026-09-05/read-c-users-user-projects-pdf/outputs/UI-BUTTON-REVIEW-2026-09-09.md (UI01)
ribbon,Protect,Security,Password,password,encrypt (same encryptDocument handler),true,implemented+available,Open a PDF,Open a PDF,SecurityController,IEncryptor::encryptDocument (user/owner password + DocumentPermissions),EncryptionDialog passwords/permissions,Document encrypted (PERSISTED),NOT undoable (save-level security change),None,src/shell/controllers/SecurityController.cpp:203-274,Probe record in ribbon-command-baseline.csv (buttonEnabled/actionEnabled/hasController); re-test per UI02 acceptance,,reviewed-2026-09-09-inventory,C:/Users/User/Documents/Codex/2026-09-05/read-c-users-user-projects-pdf/work/ui-prompt-2026-09-09/command-inventory.json
ribbon,Protect,Security,Permissions,permissions,,true,implemented+available,Open a PDF,Open a PDF,SecurityController,DocumentPermissions via PermissionsDialog + encryptDocument,PermissionsDialog,Permission flags persisted in /Encrypt dict,NOT undoable,None,src/shell/controllers/SecurityController.cpp:203-274; src/ui/PermissionsDialog.h,Probe record in ribbon-command-baseline.csv (buttonEnabled/actionEnabled/hasController); re-test per UI02 acceptance,,reviewed-2026-09-09-inventory,C:/Users/User/Documents/Codex/2026-09-05/read-c-users-user-projects-pdf/work/ui-prompt-2026-09-09/command-inventory.json
ribbon,Protect,Security,Encrypt,encrypt,password (same handler); encryptWithCertificate also available on engine,true,implemented+available,Open a PDF,Open a PDF,SecurityController,IEncryptor::encryptDocument,EncryptionDialog,Document encrypted,NOT undoable,None,src/shell/controllers/SecurityController.cpp:203-274,Probe record in ribbon-command-baseline.csv (buttonEnabled/actionEnabled/hasController); re-test per UI02 acceptance,,reviewed-2026-09-09-inventory,C:/Users/User/Documents/Codex/2026-09-05/read-c-users-user-projects-pdf/work/ui-prompt-2026-09-09/command-inventory.json
ribbon,Protect,Security,Remove Sec.,removeSec,RemoveSecurity canonical (ToolId.cpp:127),true,implemented+available,Open a PDF (encrypted),Open a PDF,SecurityController,IEncryptor::removeEncryption,Owner password prompt,Encryption removed (PERSISTED),NOT undoable,None,src/shell/controllers/SecurityController.cpp:203-274,Probe record in ribbon-command-baseline.csv (buttonEnabled/actionEnabled/hasController); re-test per UI02 acceptance,,reviewed-2026-09-09-inventory,C:/Users/User/Documents/Codex/2026-09-05/read-c-users-user-projects-pdf/work/ui-prompt-2026-09-09/command-inventory.json
ribbon,Protect,Redact,Mark,markRedact,,true,implemented+available,Open a PDF; Apply is the destructive step (mark vs apply distinction),Open a PDF,EditController (ToolMode::Redact) + Redaction screen sync,ToolMode::Redact marks; IRedactor::applyMarkRedactions on Apply,Drag marks on page; RedactMode panel Apply/Cancel,"Marks placed (annotations); Apply excises content from page(s) (DESTRUCTIVE, PERSISTED)",Marking undoable via annotation path; Apply NOT undoable (content removed),None,src/shell/controllers/EditController.cpp:118; src/shell/TaskNav.cpp:59-63; src/core/interfaces/IPdfEditorEngine.h:240-249,Probe record in ribbon-command-baseline.csv (buttonEnabled/actionEnabled/hasController); re-test per UI02 acceptance,,reviewed-2026-09-09-inventory,C:/Users/User/Documents/Codex/2026-09-05/read-c-users-user-projects-pdf/work/ui-prompt-2026-09-09/command-inventory.json
ribbon,Protect,Redact,Apply,applyRedact,,true,implemented+missing-context,Placed marks required,Placed redaction marks,SecurityController,IRedactor::applyMarkRedactions (guards signed docs ER-2),RedactApplyDialog confirmation,"All marked regions excised from content streams (DESTRUCTIVE, PERSISTED)",NOT undoable,None,src/shell/controllers/SecurityController.cpp:203-274,Probe record in ribbon-command-baseline.csv (buttonEnabled/actionEnabled/hasController); re-test per UI02 acceptance,,reviewed-2026-09-09-inventory,C:/Users/User/Documents/Codex/2026-09-05/read-c-users-user-projects-pdf/work/ui-prompt-2026-09-09/command-inventory.json
ribbon,Protect,Redact,Pattern,patternRedact,,true,implemented+available,Open a PDF,Open a PDF,SecurityController -> Redaction screen,IRedactor::applyPatternRedactions(Multi),RedactMode pattern UI (+ batch PII presets in BatchMode),"Pattern matches excised (DESTRUCTIVE, PERSISTED)",NOT undoable,None,src/shell/controllers/SecurityController.cpp:203-274,Probe record in ribbon-command-baseline.csv (buttonEnabled/actionEnabled/hasController); re-test per UI02 acceptance,,reviewed-2026-09-09-inventory,C:/Users/User/Documents/Codex/2026-09-05/read-c-users-user-projects-pdf/work/ui-prompt-2026-09-09/command-inventory.json
ribbon,Protect,Redact,Regex,regexRedact,,true,implemented+available,Open a PDF; valid regex,Open a PDF,SecurityController -> Redaction screen (Custom regex preselected),IRedactor::applyPatternRedactions,Regex pattern in RedactMode,"Regex matches excised (DESTRUCTIVE, PERSISTED)",NOT undoable,None,src/shell/controllers/SecurityController.cpp:260-267; src/ui/FindBar.h (redactAll via EditController.onRedactAllRequested),Probe record in ribbon-command-baseline.csv (buttonEnabled/actionEnabled/hasController); re-test per UI02 acceptance,,reviewed-2026-09-09-inventory,C:/Users/User/Documents/Codex/2026-09-05/read-c-users-user-projects-pdf/work/ui-prompt-2026-09-09/command-inventory.json
ribbon,Protect,Redact,Sanitize,sanitize,,true,implemented+available,Open a PDF,Open a PDF,SecurityController -> Redaction screen sync,IPdfDocumentIO::sanitizeDocument,None,Metadata/objects scrubbed copy (PERSISTED),NOT undoable,None,src/shell/controllers/SecurityController.cpp:203-274,Probe record in ribbon-command-baseline.csv (buttonEnabled/actionEnabled/hasController); re-test per UI02 acceptance,,reviewed-2026-09-09-inventory,C:/Users/User/Documents/Codex/2026-09-05/read-c-users-user-projects-pdf/work/ui-prompt-2026-09-09/command-inventory.json
ribbon,Protect,Sign,Certify,certify,,true,implemented+available,Open a PDF; X.509/P12 digital ID (CapId::DigitalSignature),Open a PDF,SecurityController,ISignatureManager certify (OpenSSL CMS),Certificate/password dialogs,Certification signature appended (incremental /ByteRange-safe via writeUpdate path),NOT undoable,CapId::DigitalSignature (OpenSSL),src/shell/controllers/SecurityController.cpp:203-274,Probe record in ribbon-command-baseline.csv (buttonEnabled/actionEnabled/hasController); re-test per UI02 acceptance,,reviewed-2026-09-09-inventory,C:/Users/User/Documents/Codex/2026-09-05/read-c-users-user-projects-pdf/work/ui-prompt-2026-09-09/command-inventory.json
ribbon,Protect,Sign,Sign,sign,,true,implemented+available,Open a PDF; digital ID; visible graphic needs CapId::VisibleSignatureGraphic,Open a PDF,SecurityController; SignaturesPanel Place routes here,ISignatureManager sign,SignatureDialog / SignaturesPanel,Digital signature appended (PERSISTED incremental update),NOT undoable,CapId::DigitalSignature,src/shell/controllers/SecurityController.cpp:203-274; src/GpMainWindow.cpp:878-892,Probe record in ribbon-command-baseline.csv (buttonEnabled/actionEnabled/hasController); re-test per UI02 acceptance,,reviewed-2026-09-09-inventory,C:/Users/User/Documents/Codex/2026-09-05/read-c-users-user-projects-pdf/work/ui-prompt-2026-09-09/command-inventory.json
ribbon,Protect,Sign,Timestamp,timestamp,,true,implemented+available,Open a PDF; timestamp source,Open a PDF,SecurityController,ISignatureManager timestamp,Timestamp dialog,Timestamp signature appended,NOT undoable,Trusted timestamp source (TSA/local),src/shell/controllers/SecurityController.cpp:203-274,Probe record in ribbon-command-baseline.csv (buttonEnabled/actionEnabled/hasController); re-test per UI02 acceptance,,reviewed-2026-09-09-inventory,C:/Users/User/Documents/Codex/2026-09-05/read-c-users-user-projects-pdf/work/ui-prompt-2026-09-09/command-inventory.json
ribbon,Protect,Sign,Validate,validateSig,validate alias (ToolId.cpp:266),true,implemented+missing-context,Open a PDF with signatures,Open a PDF,SecurityController,ISignatureManager validateSignatures (trustStatus/trustStoreUsed reported),None,"Signature validation report (view only; trust status disclosed, not a trust decision)",None,None,src/shell/controllers/SecurityController.cpp:203-274; src/core/interfaces/ISignatureManager.h:16-29,Probe record in ribbon-command-baseline.csv (buttonEnabled/actionEnabled/hasController); re-test per UI02 acceptance,,reviewed-2026-09-09-inventory,C:/Users/User/Documents/Codex/2026-09-05/read-c-users-user-projects-pdf/work/ui-prompt-2026-09-09/command-inventory.json
ribbon,Protect,Sign,Trust Store,trust,,false,planned-unimplemented,"Trust STATUS is implemented in validation (SignatureInfo trustStatus/trustStoreUsed, UntrustedChain mapping - ISignatureManager.h:16-29), but trust-store MANAGEMENT (add/remove anchors) is: no implementation found after tracing (CredentialManager.h stores app secrets, not PDF trust anchors; resources/icons/trust.svg exists)",Open a PDF with signatures,None for management,validateSignatures (status only),Trust store manager (unspecified),Trusted certificates/anchors managed (target behavior),None traced,None,src/core/interfaces/ISignatureManager.h:16-29; src/core/CredentialManager.h (different domain),Trace record: traced via ribbon-command-baseline.csv; see docs/audit/FEATURE-COMMAND-MATRIX-NOTES-2026-09-09.md,,traced-2026-09-09,C:/Users/User/Documents/Codex/2026-09-05/read-c-users-user-projects-pdf/outputs/UI-BUTTON-REVIEW-2026-09-09.md (UI01)
welcome,Home,Cards,Open PDF,open,,true,implemented+available,Always (primary card),None,WelcomeWidget openFileRequested -> HomeController ToolId::Open,MainWindow::openDocument (engine load + viewer load + identity publish),File-open dialog,Workspace shown with document; recent list updated,None (open),None,"src/ui/WelcomeWidget.cpp:232,243-244,261; src/GpMainWindow.cpp:207-208; src/GpMainWindow.cpp:635-775",Click card from fresh welcome state; verify chosen workflow reached (UI03 acceptance),,traced-2026-09-09,C:/Users/User/Documents/Codex/2026-09-05/read-c-users-user-projects-pdf/outputs/UI-BUTTON-REVIEW-2026-09-09.md (UI03/UI04)
welcome,Home,Cards,Merge files,combine,combinePDF; merge,true,implemented+available,Always (no open doc needed),None,WelcomeWidget mergeFilesRequested -> ToolRegistry::activate(ToolId::Combine),PdfViewerWidget::mergeDocuments,Multi file-open + save dialog,New merged PDF opened on accept,None (new file),None,"src/ui/WelcomeWidget.cpp:233,262; src/GpMainWindow.cpp:223-224",Click card from fresh welcome state; verify chosen workflow reached (UI03 acceptance),,traced-2026-09-09,C:/Users/User/Documents/Codex/2026-09-05/read-c-users-user-projects-pdf/outputs/UI-BUTTON-REVIEW-2026-09-09.md (UI03/UI04)
welcome,Home,Cards,Convert,open (current routing),convertRequested,true,implemented+missing-context,UI03 DEFECT: handler routes to ToolId::Open ONLY - task intent (which conversion) is dropped (GpMainWindow.cpp:215-216),None (open only today),WelcomeWidget convertRequested -> HomeController ToolId::Open (defect),openDocument,File-open dialog,Document opened; NO conversion task activated,None,None,src/GpMainWindow.cpp:215-216,Click card from fresh welcome state; verify chosen workflow reached (UI03 acceptance),,traced-2026-09-09,C:/Users/User/Documents/Codex/2026-09-05/read-c-users-user-projects-pdf/outputs/UI-BUTTON-REVIEW-2026-09-09.md (UI03/UI04)
welcome,Home,Cards,Protect,open (current routing),protectRequested,true,implemented+missing-context,UI03 DEFECT: handler routes to ToolId::Open ONLY - Protect task intent dropped (GpMainWindow.cpp:217-218),None (open only today),WelcomeWidget protectRequested -> HomeController ToolId::Open (defect),openDocument,File-open dialog,Document opened; NO protect task activated,None,None,src/GpMainWindow.cpp:217-218,Click card from fresh welcome state; verify chosen workflow reached (UI03 acceptance),,traced-2026-09-09,C:/Users/User/Documents/Codex/2026-09-05/read-c-users-user-projects-pdf/outputs/UI-BUTTON-REVIEW-2026-09-09.md (UI03/UI04)
welcome,Home,Cards,Import Office,importOffice,fromFile (ribbon),true,implemented+dependency-unavailable,LibreOffice soffice runtime probe; dialog offers download when absent,Office file,WelcomeWidget importOfficeRequested -> HomeController ToolId::ImportOffice,ConversionManager::convertOfficeToPdf,Office file-open + save dialog,New PDF opened after conversion,None (new file),LibreOffice (CapId::OfficeImport),"src/ui/WelcomeWidget.cpp:240,252,258,265; src/GpMainWindow.cpp:209-210",Click card from fresh welcome state; verify chosen workflow reached (UI03 acceptance),,traced-2026-09-09,C:/Users/User/Documents/Codex/2026-09-05/read-c-users-user-projects-pdf/outputs/UI-BUTTON-REVIEW-2026-09-09.md (UI03/UI04)
welcome,Home,Cards,Images to PDF,imagesToPdf,,true,implemented+available,Always,Image files,WelcomeWidget imagesToPdfRequested -> HomeController ToolId::ImagesToPdf,ConversionManager::convertImagesToPdf,Multi image-open + save dialog,New PDF opened after conversion,None (new file),None,"src/ui/WelcomeWidget.cpp:241,253,259,266; src/GpMainWindow.cpp:211-212",Click card from fresh welcome state; verify chosen workflow reached (UI03 acceptance),,traced-2026-09-09,C:/Users/User/Documents/Codex/2026-09-05/read-c-users-user-projects-pdf/outputs/UI-BUTTON-REVIEW-2026-09-09.md (UI03/UI04)
welcome,Home,Cards,Recent file (click),open,,true,implemented+available,File must exist; missing file prompts removal,Recent file path,WelcomeWidget recentFileRequested -> MainWindow::openDocument,openDocument,None (click),Document opened; missing file -> remove prompt,None,None,"src/ui/WelcomeWidget.cpp:311-318,394-423; src/GpMainWindow.cpp:225-226",Click card from fresh welcome state; verify chosen workflow reached (UI03 acceptance),,traced-2026-09-09,C:/Users/User/Documents/Codex/2026-09-05/read-c-users-user-projects-pdf/outputs/UI-BUTTON-REVIEW-2026-09-09.md (UI03/UI04)
welcome,Home,Cards,Remove from recent list,removeRecent,,true,implemented+available,Missing file click flow (or settings),Recent entry,WelcomeWidget removeRecentFileRequested -> HomeController::removeFromRecents,QSettings recentFiles update,Confirmation prompt on missing file,"Entry removed from list; FILE NOT DELETED (distinct semantics, UI04)",None (settings change),None,src/ui/WelcomeWidget.cpp:402-422; src/GpMainWindow.cpp:227-231,Click card from fresh welcome state; verify chosen workflow reached (UI03 acceptance),,traced-2026-09-09,C:/Users/User/Documents/Codex/2026-09-05/read-c-users-user-projects-pdf/outputs/UI-BUTTON-REVIEW-2026-09-09.md (UI03/UI04)
screen-nav,Tasks,TaskNav,Standard,standard,,true,implemented+available,Always,open a PDF to view,ModeController standard screen,viewer,None,view state,None,None,src/shell/ScreenNav.cpp:28-46; src/shell/TaskNav.cpp:18-32,Bottom strip button toggles task; state synced by TaskStateSync (one writer),,traced-2026-09-09,src/shell/TaskNav.cpp
screen-nav,Tasks,TaskNav,OCR Verify,ocr,,true,implemented+available,Open a PDF,Open a PDF,ModeController OCR screen; Run drives EditController::runOcr,OcrPipeline + exportMrcPdfA,Run/Accept/Reject + language picker,Searchable overlay + MRC PDF/A copy on Accept,Review edits exported on Accept,None,src/shell/ScreenNav.cpp:28-46; src/shell/TaskNav.cpp:18-32,Bottom strip button toggles task; state synced by TaskStateSync (one writer),,traced-2026-09-09,src/shell/TaskNav.cpp
screen-nav,Tasks,TaskNav,Redaction,redact,,true,implemented+available,Open a PDF,Open a PDF,ModeController RedactMode,IRedactor applyMark/PatternRedactions,Marks + pattern/regex UI,Marks placed; Apply excises content,Apply NOT undoable,None,src/shell/ScreenNav.cpp:28-46; src/shell/TaskNav.cpp:18-32,Bottom strip button toggles task; state synced by TaskStateSync (one writer),,traced-2026-09-09,src/shell/TaskNav.cpp
screen-nav,Tasks,TaskNav,Signatures,signature,,true,implemented+available,Open a PDF,Open a PDF,SignaturesPanel placeSignatureRequested -> SecurityController::activate(ToolId::Sign),ISignatureManager,Place Signature + Digital ID card,Signature placed/appended,NOT undoable,CapId::DigitalSignature,src/shell/ScreenNav.cpp:28-46; src/shell/TaskNav.cpp:18-32,Bottom strip button toggles task; state synced by TaskStateSync (one writer),,traced-2026-09-09,src/shell/TaskNav.cpp
screen-nav,Tasks,TaskNav,Compare,compare,,true,implemented+available,Pair of PDFs,Pair of PDFs,HomeController Compare entry route -> CompareMode,CompareWidget diff,A/B picker,Comparison view,None (view),None,src/shell/ScreenNav.cpp:28-46; src/shell/TaskNav.cpp:18-32,Bottom strip button toggles task; state synced by TaskStateSync (one writer),,traced-2026-09-09,src/shell/TaskNav.cpp
screen-nav,Tasks,TaskNav,Pages,pages,,true,implemented+available,Open a PDF,Open a PDF,ModeController PagesMode,ReorderPermutationCommand; split writer,Thumbnail drag + split panel,Page order changed / parts written,Reorder undoable; split None,None,src/shell/ScreenNav.cpp:28-46; src/shell/TaskNav.cpp:18-32,Bottom strip button toggles task; state synced by TaskStateSync (one writer),,traced-2026-09-09,src/shell/TaskNav.cpp
screen-nav,Tasks,TaskNav,Batch,batch,,true,implemented+available,Input files,Input files,ScreenNav -> BatchMode,convert/compress/watermark/pdfa/merge/ocr/redact batch loop,File list + operation panel,Per-file outputs + truthful counts,None (new outputs),None,src/shell/ScreenNav.cpp:28-46; src/shell/TaskNav.cpp:18-32,Bottom strip button toggles task; state synced by TaskStateSync (one writer),,traced-2026-09-09,src/shell/TaskNav.cpp
screen-nav,Tasks,TaskNav,AI Chat,ai,,true,implemented+available,Always,n/a,MainWindow::toggleAi; AIChatPanel,None (assistant panel),None,Right-dock AI panel visibility,None (view),None,src/shell/ScreenNav.cpp:28-46; src/shell/TaskNav.cpp:18-32,Bottom strip button toggles task; state synced by TaskStateSync (one writer),,traced-2026-09-09,src/shell/TaskNav.cpp
screen-nav,Tasks,TaskNav,Form Builder,form,,true,implemented+available,Open a PDF,Open a PDF,ModeController FormBuilderMode,IFormManager add*/setTabOrder,Field placement + properties + tab order,AcroForm fields added/edited,AddFormFieldCommand undoable,None,src/shell/ScreenNav.cpp:28-46; src/shell/TaskNav.cpp:18-32,Bottom strip button toggles task; state synced by TaskStateSync (one writer),,traced-2026-09-09,src/shell/TaskNav.cpp
screen-nav,Tasks,TaskNav,Compress,compress,,true,implemented+available,Open a PDF,Open a PDF,ConvertController entry route -> CompressDialog exec,IExporter optimize/estimate,CompressDialog options,Compressed copy,None (new file),None,src/shell/ScreenNav.cpp:28-46; src/shell/TaskNav.cpp:18-32,Bottom strip button toggles task; state synced by TaskStateSync (one writer),,traced-2026-09-09,src/shell/TaskNav.cpp
screen-nav,Tasks,TaskNav,PDF/A,pdfa,,true,implemented+available,Open a PDF,Open a PDF,PdfAValidationPanel setDocument (ARC06) + exportPdfA callback,IExporter::exportPdfA; veraPDF probe for validation,Validate / export controls,Validation report; PDF/A copy on export,None (new file),veraPDF CLI (validation only),src/shell/ScreenNav.cpp:28-46; src/shell/TaskNav.cpp:18-32,Bottom strip button toggles task; state synced by TaskStateSync (one writer),,traced-2026-09-09,src/shell/TaskNav.cpp
screen-nav,Tasks,TaskNav,Watermark,watermark,,true,implemented+available,Open a PDF,Open a PDF,HomeController Watermark entry route -> WatermarkDialog exec,IImageEditor addText/addImageWatermark,WatermarkDialog options,Watermark stamped,NOT undoable,None,src/shell/ScreenNav.cpp:28-46; src/shell/TaskNav.cpp:18-32,Bottom strip button toggles task; state synced by TaskStateSync (one writer),,traced-2026-09-09,src/shell/TaskNav.cpp
mode-strip,Modes,Pills,View,mode-view,modeChanged(view); Form pill routes to Form Builder screen (GpMainWindow.cpp:836-842),true,implemented+available,Always,n/a (mode label),ModeStrip -> MainWindow::onModeChanged,None (navigation),None,Mode pill selected; Form pill activates Form Builder screen,None,None,src/shell/ModeStrip.cpp:36-66,,,traced-2026-09-09,src/shell/ModeStrip.cpp:36-66
mode-strip,Modes,Pills,Edit,mode-edit,modeChanged(edit); Form pill routes to Form Builder screen (GpMainWindow.cpp:836-842),true,implemented+available,Always,n/a (mode label),ModeStrip -> MainWindow::onModeChanged,None (navigation),None,Mode pill selected; Form pill activates Form Builder screen,None,None,src/shell/ModeStrip.cpp:36-66,,,traced-2026-09-09,src/shell/ModeStrip.cpp:36-66
mode-strip,Modes,Pills,Comment,mode-comment,modeChanged(comment); Form pill routes to Form Builder screen (GpMainWindow.cpp:836-842),true,implemented+available,Always,n/a (mode label),ModeStrip -> MainWindow::onModeChanged,None (navigation),None,Mode pill selected; Form pill activates Form Builder screen,None,None,src/shell/ModeStrip.cpp:36-66,,,traced-2026-09-09,src/shell/ModeStrip.cpp:36-66
mode-strip,Modes,Pills,Form,mode-form,modeChanged(form); Form pill routes to Form Builder screen (GpMainWindow.cpp:836-842),true,implemented+available,Always,n/a (mode label),ModeStrip -> MainWindow::onModeChanged,None (navigation),None,Mode pill selected; Form pill activates Form Builder screen,None,None,src/shell/ModeStrip.cpp:36-66,,,traced-2026-09-09,src/shell/ModeStrip.cpp:36-66
mode-strip,Modes,Pills,Protect,mode-protect,modeChanged(protect); Form pill routes to Form Builder screen (GpMainWindow.cpp:836-842),true,implemented+available,Always,n/a (mode label),ModeStrip -> MainWindow::onModeChanged,None (navigation),None,Mode pill selected; Form pill activates Form Builder screen,None,None,src/shell/ModeStrip.cpp:36-66,,,traced-2026-09-09,src/shell/ModeStrip.cpp:36-66
mode-strip,Modes,Pills,AI,toggle-ai,ai,true,implemented+available,Always,n/a,ModeStrip aiToggleRequested -> MainWindow::toggleAi,None,None,AIChatPanel right-dock visibility toggled,None,None,src/shell/ModeStrip.cpp:36-66; src/GpMainWindow.cpp:942-954,,,traced-2026-09-09,src/shell/ModeStrip.cpp:36-66
mode-strip,Modes,Tools chooser,Tools menu,task-chooser,ScreenNav equivalents,true,implemented+available,Always,task-dependent,ModeStrip task menu built from TaskNav::tasks(),Same as screen-nav entries,None,Activates chosen task screen,n/a,None,src/shell/ModeStrip.cpp:36-66 (compact Tools chooser built from TaskNav),,,traced-2026-09-09,src/shell/ModeStrip.cpp:36-66
side-pane,Left,Sidebar tabs,Pages,pane-pages,hidden ribbon Panes ids where applicable (thumbs/bookmarks/comments/layers),true,implemented+available,Open a PDF,Open a PDF,Sidebar QTabBar -> QStackedWidget,ThumbnailSidebar,Save dialog (Files tab extract),Pane content shown; PDFium thumbnails; click navigates; drag reorder -> PagesController::onPageReordered,Page navigation; reorder undoable,None,src/shell/Sidebar.cpp:62-77 + init(),,,traced-2026-09-09,src/shell/Sidebar.cpp
side-pane,Left,Sidebar tabs,Bookmarks,pane-bookmarks,hidden ribbon Panes ids where applicable (thumbs/bookmarks/comments/layers),true,implemented+available,Open a PDF (outline optional),Open a PDF (outline optional),Sidebar QTabBar -> QStackedWidget,BookmarkPanel,Save dialog (Files tab extract),Pane content shown; QPdfBookmarkModel tree; click navigates,Page navigation,None,src/shell/Sidebar.cpp:62-77 + init(),,,traced-2026-09-09,src/shell/Sidebar.cpp
side-pane,Left,Sidebar tabs,Comments,pane-comments,hidden ribbon Panes ids where applicable (thumbs/bookmarks/comments/layers),true,implemented+available,Open a PDF,Open a PDF,Sidebar QTabBar -> QStackedWidget,CommentsWidget,Save dialog (Files tab extract),"Pane content shown; Filters, status, reply, double-click navigates (EditAnnotationCommand)",Reply/status undoable,None,src/shell/Sidebar.cpp:62-77 + init(),,,traced-2026-09-09,src/shell/Sidebar.cpp
side-pane,Left,Sidebar tabs,Files,pane-files,hidden ribbon Panes ids where applicable (thumbs/bookmarks/comments/layers),true,implemented+available,Open a PDF with embedded files,Open a PDF with embedded files,Sidebar QTabBar -> QStackedWidget,attachment list (QListWidget),Save dialog (Files tab extract),Pane content shown; extractEmbeddedFile + save dialog,None (extract to file),None,src/shell/Sidebar.cpp:62-77 + init(),,,traced-2026-09-09,src/shell/Sidebar.cpp
side-pane,Right,Sidebar tabs,Properties,pane-properties,hidden ribbon Panes ids where applicable (thumbs/bookmarks/comments/layers),true,implemented+available,Open a PDF,Open a PDF,Sidebar QTabBar -> QStackedWidget,InspectorWidget,Save dialog (Files tab extract),Pane content shown; Document metadata + selected-annotation properties,Annotation property edits undoable via command path,None,src/shell/Sidebar.cpp:62-77 + init(),,,traced-2026-09-09,src/shell/Sidebar.cpp
side-pane,Right,Sidebar tabs,Comments,pane-comments,hidden ribbon Panes ids where applicable (thumbs/bookmarks/comments/layers),true,implemented+available,Open a PDF + selection,Open a PDF + selection,Sidebar QTabBar -> QStackedWidget,selected-annotation thread list,Save dialog (Files tab extract),Pane content shown; Thread navigation,None (view),None,src/shell/Sidebar.cpp:62-77 + init(),,,traced-2026-09-09,src/shell/Sidebar.cpp
side-pane,Right,Sidebar tabs,Layers,pane-layers,hidden ribbon Panes ids where applicable (thumbs/bookmarks/comments/layers),true,implemented+missing-context,Open a PDF with layers,Open a PDF with layers,Sidebar QTabBar -> QStackedWidget,OCG list (QListWidget),Save dialog (Files tab extract),Pane content shown; IPdfDocumentIO::getLayers; itemChanged ONLY posts status message (no engine toggle),None,None,src/shell/Sidebar.cpp:62-77 + init(),,,traced-2026-09-09,src/shell/Sidebar.cpp
menu-bar,File,File,New Window,new-window,new-window,true (disabled),planned-unimplemented,Menu renders disabled with 'Planned for a future release' tooltip (MenuBar.cpp:181-185),command-dependent (see matching ribbon row),Disabled dispatch,see matching stable_command_id row,see matching row,see matching row,see matching row,see matching row,"src/shell/MenuBar.cpp:26-136 (actionSpecs), constructor 252-430",TestMenuBarIntegrity enumerates actionSpecs to prove no silent no-ops,,traced-2026-09-09,src/shell/MenuBar.cpp
menu-bar,File,File,Open...,open,open,true,implemented+available,Registry dispatch via MainWindow::onToolActivated (ToolId alias-aware),command-dependent (see matching ribbon row),Registry dispatch,see matching stable_command_id row,see matching row,see matching row,see matching row,see matching row,"src/shell/MenuBar.cpp:26-136 (actionSpecs), constructor 252-430",TestMenuBarIntegrity enumerates actionSpecs to prove no silent no-ops,,traced-2026-09-09,src/shell/MenuBar.cpp
menu-bar,File,File,Open Recent (submenu: files + Prune Missing + Clear),recent-menu,recent-menu,true,implemented+available,Local handler in MenuBar lambda,command-dependent (see matching ribbon row),Local dispatch,see matching stable_command_id row,see matching row,see matching row,see matching row,see matching row,"src/shell/MenuBar.cpp:26-136 (actionSpecs), constructor 252-430",TestMenuBarIntegrity enumerates actionSpecs to prove no silent no-ops,,traced-2026-09-09,src/shell/MenuBar.cpp
menu-bar,File,File,Close,close,close,true,implemented+available,Local handler in MenuBar lambda,command-dependent (see matching ribbon row),Local dispatch,see matching stable_command_id row,see matching row,see matching row,see matching row,see matching row,"src/shell/MenuBar.cpp:26-136 (actionSpecs), constructor 252-430",TestMenuBarIntegrity enumerates actionSpecs to prove no silent no-ops,,traced-2026-09-09,src/shell/MenuBar.cpp
menu-bar,File,File,Save,save,save,true,implemented+available,Registry dispatch via MainWindow::onToolActivated (ToolId alias-aware),command-dependent (see matching ribbon row),Registry dispatch,see matching stable_command_id row,see matching row,see matching row,see matching row,see matching row,"src/shell/MenuBar.cpp:26-136 (actionSpecs), constructor 252-430",TestMenuBarIntegrity enumerates actionSpecs to prove no silent no-ops,,traced-2026-09-09,src/shell/MenuBar.cpp
menu-bar,File,File,Save As...,saveAs,saveAs,true,implemented+available,Registry dispatch via MainWindow::onToolActivated (ToolId alias-aware),command-dependent (see matching ribbon row),Registry dispatch,see matching stable_command_id row,see matching row,see matching row,see matching row,see matching row,"src/shell/MenuBar.cpp:26-136 (actionSpecs), constructor 252-430",TestMenuBarIntegrity enumerates actionSpecs to prove no silent no-ops,,traced-2026-09-09,src/shell/MenuBar.cpp
menu-bar,File,File,Save a Copy...,saveAs,save-copy,true,implemented+available,Local handler in MenuBar lambda,command-dependent (see matching ribbon row),Local dispatch,see matching stable_command_id row,see matching row,see matching row,see matching row,see matching row,"src/shell/MenuBar.cpp:26-136 (actionSpecs), constructor 252-430",TestMenuBarIntegrity enumerates actionSpecs to prove no silent no-ops,,traced-2026-09-09,src/shell/MenuBar.cpp
menu-bar,File,File,Print Preview...,printPreview,printPreview,true,implemented+available,Registry dispatch via MainWindow::onToolActivated (ToolId alias-aware),command-dependent (see matching ribbon row),Registry dispatch,see matching stable_command_id row,see matching row,see matching row,see matching row,see matching row,"src/shell/MenuBar.cpp:26-136 (actionSpecs), constructor 252-430",TestMenuBarIntegrity enumerates actionSpecs to prove no silent no-ops,,traced-2026-09-09,src/shell/MenuBar.cpp
menu-bar,File,File,Page Setup...,pageSetup,pageSetup,true,implemented+available,Registry dispatch via MainWindow::onToolActivated (ToolId alias-aware),command-dependent (see matching ribbon row),Registry dispatch,see matching stable_command_id row,see matching row,see matching row,see matching row,see matching row,"src/shell/MenuBar.cpp:26-136 (actionSpecs), constructor 252-430",TestMenuBarIntegrity enumerates actionSpecs to prove no silent no-ops,,traced-2026-09-09,src/shell/MenuBar.cpp
menu-bar,File,File,Print...,print,print,true,implemented+available,Registry dispatch via MainWindow::onToolActivated (ToolId alias-aware),command-dependent (see matching ribbon row),Registry dispatch,see matching stable_command_id row,see matching row,see matching row,see matching row,see matching row,"src/shell/MenuBar.cpp:26-136 (actionSpecs), constructor 252-430",TestMenuBarIntegrity enumerates actionSpecs to prove no silent no-ops,,traced-2026-09-09,src/shell/MenuBar.cpp
menu-bar,File,File,Export Presets...,exportPresets,exportPresets,true,implemented+available,Registry dispatch via MainWindow::onToolActivated (ToolId alias-aware),command-dependent (see matching ribbon row),Registry dispatch,see matching stable_command_id row,see matching row,see matching row,see matching row,see matching row,"src/shell/MenuBar.cpp:26-136 (actionSpecs), constructor 252-430",TestMenuBarIntegrity enumerates actionSpecs to prove no silent no-ops,,traced-2026-09-09,src/shell/MenuBar.cpp
menu-bar,File,File,Share...,share,share,true,implemented+available,Registry dispatch via MainWindow::onToolActivated (ToolId alias-aware),command-dependent (see matching ribbon row),Registry dispatch,see matching stable_command_id row,see matching row,see matching row,see matching row,see matching row,"src/shell/MenuBar.cpp:26-136 (actionSpecs), constructor 252-430",TestMenuBarIntegrity enumerates actionSpecs to prove no silent no-ops,,traced-2026-09-09,src/shell/MenuBar.cpp
menu-bar,File,File,Document Properties...,properties,properties,true,implemented+available,Registry dispatch via MainWindow::onToolActivated (ToolId alias-aware),command-dependent (see matching ribbon row),Registry dispatch,see matching stable_command_id row,see matching row,see matching row,see matching row,see matching row,"src/shell/MenuBar.cpp:26-136 (actionSpecs), constructor 252-430",TestMenuBarIntegrity enumerates actionSpecs to prove no silent no-ops,,traced-2026-09-09,src/shell/MenuBar.cpp
menu-bar,File,File,Exit,exit,exit,true,implemented+available,Local handler in MenuBar lambda,command-dependent (see matching ribbon row),Local dispatch,see matching stable_command_id row,see matching row,see matching row,see matching row,see matching row,"src/shell/MenuBar.cpp:26-136 (actionSpecs), constructor 252-430",TestMenuBarIntegrity enumerates actionSpecs to prove no silent no-ops,,traced-2026-09-09,src/shell/MenuBar.cpp
menu-bar,Edit,Edit,Undo,undo,undo,true,implemented+available,Registry dispatch via MainWindow::onToolActivated (ToolId alias-aware),command-dependent (see matching ribbon row),Registry dispatch,see matching stable_command_id row,see matching row,see matching row,see matching row,see matching row,"src/shell/MenuBar.cpp:26-136 (actionSpecs), constructor 252-430",TestMenuBarIntegrity enumerates actionSpecs to prove no silent no-ops,,traced-2026-09-09,src/shell/MenuBar.cpp
menu-bar,Edit,Edit,Redo,redo,redo,true,implemented+available,Registry dispatch via MainWindow::onToolActivated (ToolId alias-aware),command-dependent (see matching ribbon row),Registry dispatch,see matching stable_command_id row,see matching row,see matching row,see matching row,see matching row,"src/shell/MenuBar.cpp:26-136 (actionSpecs), constructor 252-430",TestMenuBarIntegrity enumerates actionSpecs to prove no silent no-ops,,traced-2026-09-09,src/shell/MenuBar.cpp
menu-bar,Edit,Edit,Cut,cut,cut,true,implemented+available,Registry dispatch via MainWindow::onToolActivated (ToolId alias-aware),command-dependent (see matching ribbon row),Registry dispatch,see matching stable_command_id row,see matching row,see matching row,see matching row,see matching row,"src/shell/MenuBar.cpp:26-136 (actionSpecs), constructor 252-430",TestMenuBarIntegrity enumerates actionSpecs to prove no silent no-ops,,traced-2026-09-09,src/shell/MenuBar.cpp
menu-bar,Edit,Edit,Copy,copy,copy,true,implemented+available,Registry dispatch via MainWindow::onToolActivated (ToolId alias-aware),command-dependent (see matching ribbon row),Registry dispatch,see matching stable_command_id row,see matching row,see matching row,see matching row,see matching row,"src/shell/MenuBar.cpp:26-136 (actionSpecs), constructor 252-430",TestMenuBarIntegrity enumerates actionSpecs to prove no silent no-ops,,traced-2026-09-09,src/shell/MenuBar.cpp
menu-bar,Edit,Edit,Paste,paste,paste,true (disabled),planned-unimplemented,Menu renders disabled with 'Planned for a future release' tooltip (MenuBar.cpp:181-185),command-dependent (see matching ribbon row),Disabled dispatch,see matching stable_command_id row,see matching row,see matching row,see matching row,see matching row,"src/shell/MenuBar.cpp:26-136 (actionSpecs), constructor 252-430",TestMenuBarIntegrity enumerates actionSpecs to prove no silent no-ops,,traced-2026-09-09,src/shell/MenuBar.cpp
menu-bar,Edit,Edit,Delete,deleteSelection,delete,true,implemented+available,Registry dispatch via MainWindow::onToolActivated (ToolId alias-aware),command-dependent (see matching ribbon row),Registry dispatch,see matching stable_command_id row,see matching row,see matching row,see matching row,see matching row,"src/shell/MenuBar.cpp:26-136 (actionSpecs), constructor 252-430",TestMenuBarIntegrity enumerates actionSpecs to prove no silent no-ops,,traced-2026-09-09,src/shell/MenuBar.cpp
menu-bar,Edit,Edit,Select All,selectAll,select-all,true (disabled),planned-unimplemented,Menu renders disabled with 'Planned for a future release' tooltip (MenuBar.cpp:181-185),command-dependent (see matching ribbon row),Disabled dispatch,see matching stable_command_id row,see matching row,see matching row,see matching row,see matching row,"src/shell/MenuBar.cpp:26-136 (actionSpecs), constructor 252-430",TestMenuBarIntegrity enumerates actionSpecs to prove no silent no-ops,,traced-2026-09-09,src/shell/MenuBar.cpp
menu-bar,Edit,Edit,Find...,search,find,true,implemented+available,Local handler in MenuBar lambda,command-dependent (see matching ribbon row),Local dispatch,see matching stable_command_id row,see matching row,see matching row,see matching row,see matching row,"src/shell/MenuBar.cpp:26-136 (actionSpecs), constructor 252-430",TestMenuBarIntegrity enumerates actionSpecs to prove no silent no-ops,,traced-2026-09-09,src/shell/MenuBar.cpp
menu-bar,Edit,Edit,Find & Replace...,search,find-replace,true,implemented+available,Local handler in MenuBar lambda,command-dependent (see matching ribbon row),Local dispatch,see matching stable_command_id row,see matching row,see matching row,see matching row,see matching row,"src/shell/MenuBar.cpp:26-136 (actionSpecs), constructor 252-430",TestMenuBarIntegrity enumerates actionSpecs to prove no silent no-ops,,traced-2026-09-09,src/shell/MenuBar.cpp
menu-bar,Edit,Edit,Preferences...,preferences,preferences,true,implemented+available,Local handler in MenuBar lambda,command-dependent (see matching ribbon row),Local dispatch,see matching stable_command_id row,see matching row,see matching row,see matching row,see matching row,"src/shell/MenuBar.cpp:26-136 (actionSpecs), constructor 252-430",TestMenuBarIntegrity enumerates actionSpecs to prove no silent no-ops,,traced-2026-09-09,src/shell/MenuBar.cpp
menu-bar,View,View,Zoom In,zoomIn,zoomIn,true,implemented+available,Registry dispatch via MainWindow::onToolActivated (ToolId alias-aware),command-dependent (see matching ribbon row),Registry dispatch,see matching stable_command_id row,see matching row,see matching row,see matching row,see matching row,"src/shell/MenuBar.cpp:26-136 (actionSpecs), constructor 252-430",TestMenuBarIntegrity enumerates actionSpecs to prove no silent no-ops,,traced-2026-09-09,src/shell/MenuBar.cpp
menu-bar,View,View,Zoom Out,zoomOut,zoomOut,true,implemented+available,Registry dispatch via MainWindow::onToolActivated (ToolId alias-aware),command-dependent (see matching ribbon row),Registry dispatch,see matching stable_command_id row,see matching row,see matching row,see matching row,see matching row,"src/shell/MenuBar.cpp:26-136 (actionSpecs), constructor 252-430",TestMenuBarIntegrity enumerates actionSpecs to prove no silent no-ops,,traced-2026-09-09,src/shell/MenuBar.cpp
menu-bar,View,View,Actual Size,actual,actual,true,implemented+available,Registry dispatch via MainWindow::onToolActivated (ToolId alias-aware),command-dependent (see matching ribbon row),Registry dispatch,see matching stable_command_id row,see matching row,see matching row,see matching row,see matching row,"src/shell/MenuBar.cpp:26-136 (actionSpecs), constructor 252-430",TestMenuBarIntegrity enumerates actionSpecs to prove no silent no-ops,,traced-2026-09-09,src/shell/MenuBar.cpp
menu-bar,View,View,Fit Page,fitPage,fitPage,true,implemented+available,Registry dispatch via MainWindow::onToolActivated (ToolId alias-aware),command-dependent (see matching ribbon row),Registry dispatch,see matching stable_command_id row,see matching row,see matching row,see matching row,see matching row,"src/shell/MenuBar.cpp:26-136 (actionSpecs), constructor 252-430",TestMenuBarIntegrity enumerates actionSpecs to prove no silent no-ops,,traced-2026-09-09,src/shell/MenuBar.cpp
menu-bar,View,View,Fit Width,fitWidth,fitWidth,true,implemented+available,Registry dispatch via MainWindow::onToolActivated (ToolId alias-aware),command-dependent (see matching ribbon row),Registry dispatch,see matching stable_command_id row,see matching row,see matching row,see matching row,see matching row,"src/shell/MenuBar.cpp:26-136 (actionSpecs), constructor 252-430",TestMenuBarIntegrity enumerates actionSpecs to prove no silent no-ops,,traced-2026-09-09,src/shell/MenuBar.cpp
menu-bar,View,View,Single Page View,single,single,true,implemented+available,Registry dispatch via MainWindow::onToolActivated (ToolId alias-aware),command-dependent (see matching ribbon row),Registry dispatch,see matching stable_command_id row,see matching row,see matching row,see matching row,see matching row,"src/shell/MenuBar.cpp:26-136 (actionSpecs), constructor 252-430",TestMenuBarIntegrity enumerates actionSpecs to prove no silent no-ops,,traced-2026-09-09,src/shell/MenuBar.cpp
menu-bar,View,View,Continuous Scrolling,continuous,continuous,true,implemented+available,Registry dispatch via MainWindow::onToolActivated (ToolId alias-aware),command-dependent (see matching ribbon row),Registry dispatch,see matching stable_command_id row,see matching row,see matching row,see matching row,see matching row,"src/shell/MenuBar.cpp:26-136 (actionSpecs), constructor 252-430",TestMenuBarIntegrity enumerates actionSpecs to prove no silent no-ops,,traced-2026-09-09,src/shell/MenuBar.cpp
menu-bar,View,View,Two-Page View,two,two-page,true,implemented+available,Registry dispatch via MainWindow::onToolActivated (ToolId alias-aware),command-dependent (see matching ribbon row),Registry dispatch,see matching stable_command_id row,see matching row,see matching row,see matching row,see matching row,"src/shell/MenuBar.cpp:26-136 (actionSpecs), constructor 252-430",TestMenuBarIntegrity enumerates actionSpecs to prove no silent no-ops,,traced-2026-09-09,src/shell/MenuBar.cpp
menu-bar,View,View,Presentation Mode,presentation,presentation,true,implemented+available,Registry dispatch via MainWindow::onToolActivated (ToolId alias-aware),command-dependent (see matching ribbon row),Registry dispatch,see matching stable_command_id row,see matching row,see matching row,see matching row,see matching row,"src/shell/MenuBar.cpp:26-136 (actionSpecs), constructor 252-430",TestMenuBarIntegrity enumerates actionSpecs to prove no silent no-ops,,traced-2026-09-09,src/shell/MenuBar.cpp
menu-bar,View,View,Full Screen,fullscreen,fullscreen,true,implemented+available,Local handler in MenuBar lambda,command-dependent (see matching ribbon row),Local dispatch,see matching stable_command_id row,see matching row,see matching row,see matching row,see matching row,"src/shell/MenuBar.cpp:26-136 (actionSpecs), constructor 252-430",TestMenuBarIntegrity enumerates actionSpecs to prove no silent no-ops,,traced-2026-09-09,src/shell/MenuBar.cpp
menu-bar,View,View,Dark Mode (checkable),darkMode,darkMode,true,implemented+available,Local handler in MenuBar lambda,command-dependent (see matching ribbon row),Local dispatch,see matching stable_command_id row,see matching row,see matching row,see matching row,see matching row,"src/shell/MenuBar.cpp:26-136 (actionSpecs), constructor 252-430",TestMenuBarIntegrity enumerates actionSpecs to prove no silent no-ops,,traced-2026-09-09,src/shell/MenuBar.cpp
menu-bar,View,View,Rulers,rulers,rulers,true (disabled),planned-unimplemented,Menu renders disabled with 'Planned for a future release' tooltip (MenuBar.cpp:181-185),command-dependent (see matching ribbon row),Disabled dispatch,see matching stable_command_id row,see matching row,see matching row,see matching row,see matching row,"src/shell/MenuBar.cpp:26-136 (actionSpecs), constructor 252-430",TestMenuBarIntegrity enumerates actionSpecs to prove no silent no-ops,,traced-2026-09-09,src/shell/MenuBar.cpp
menu-bar,View,View,Guides,guides,guides,true (disabled),planned-unimplemented,Menu renders disabled with 'Planned for a future release' tooltip (MenuBar.cpp:181-185),command-dependent (see matching ribbon row),Disabled dispatch,see matching stable_command_id row,see matching row,see matching row,see matching row,see matching row,"src/shell/MenuBar.cpp:26-136 (actionSpecs), constructor 252-430",TestMenuBarIntegrity enumerates actionSpecs to prove no silent no-ops,,traced-2026-09-09,src/shell/MenuBar.cpp
menu-bar,View,View,Grid,grid,grid,true (disabled),planned-unimplemented,Menu renders disabled with 'Planned for a future release' tooltip (MenuBar.cpp:181-185),command-dependent (see matching ribbon row),Disabled dispatch,see matching stable_command_id row,see matching row,see matching row,see matching row,see matching row,"src/shell/MenuBar.cpp:26-136 (actionSpecs), constructor 252-430",TestMenuBarIntegrity enumerates actionSpecs to prove no silent no-ops,,traced-2026-09-09,src/shell/MenuBar.cpp
menu-bar,Document,Document,Insert Pages...,insertPage,insert-page,true,implemented+available,Registry dispatch via MainWindow::onToolActivated (ToolId alias-aware),command-dependent (see matching ribbon row),Registry dispatch,see matching stable_command_id row,see matching row,see matching row,see matching row,see matching row,"src/shell/MenuBar.cpp:26-136 (actionSpecs), constructor 252-430",TestMenuBarIntegrity enumerates actionSpecs to prove no silent no-ops,,traced-2026-09-09,src/shell/MenuBar.cpp
menu-bar,Document,Document,Delete Pages...,deletePage,delete-page,true,implemented+available,Registry dispatch via MainWindow::onToolActivated (ToolId alias-aware),command-dependent (see matching ribbon row),Registry dispatch,see matching stable_command_id row,see matching row,see matching row,see matching row,see matching row,"src/shell/MenuBar.cpp:26-136 (actionSpecs), constructor 252-430",TestMenuBarIntegrity enumerates actionSpecs to prove no silent no-ops,,traced-2026-09-09,src/shell/MenuBar.cpp
menu-bar,Document,Document,Extract Pages...,extract,extract-page,true,implemented+available,Registry dispatch via MainWindow::onToolActivated (ToolId alias-aware),command-dependent (see matching ribbon row),Registry dispatch,see matching stable_command_id row,see matching row,see matching row,see matching row,see matching row,"src/shell/MenuBar.cpp:26-136 (actionSpecs), constructor 252-430",TestMenuBarIntegrity enumerates actionSpecs to prove no silent no-ops,,traced-2026-09-09,src/shell/MenuBar.cpp
menu-bar,Document,Document,Rotate Clockwise,rotate,rotate-cw,true,implemented+available,Registry dispatch via MainWindow::onToolActivated (ToolId alias-aware),command-dependent (see matching ribbon row),Registry dispatch,see matching stable_command_id row,see matching row,see matching row,see matching row,see matching row,"src/shell/MenuBar.cpp:26-136 (actionSpecs), constructor 252-430",TestMenuBarIntegrity enumerates actionSpecs to prove no silent no-ops,,traced-2026-09-09,src/shell/MenuBar.cpp
menu-bar,Document,Document,Rotate Counter-Clockwise,rotL,rotate-ccw,true,implemented+available,Registry dispatch via MainWindow::onToolActivated (ToolId alias-aware),command-dependent (see matching ribbon row),Registry dispatch,see matching stable_command_id row,see matching row,see matching row,see matching row,see matching row,"src/shell/MenuBar.cpp:26-136 (actionSpecs), constructor 252-430",TestMenuBarIntegrity enumerates actionSpecs to prove no silent no-ops,,traced-2026-09-09,src/shell/MenuBar.cpp
menu-bar,Document,Document,Crop Pages...,crop,crop,true,implemented+available,Registry dispatch via MainWindow::onToolActivated (ToolId alias-aware),command-dependent (see matching ribbon row),Registry dispatch,see matching stable_command_id row,see matching row,see matching row,see matching row,see matching row,"src/shell/MenuBar.cpp:26-136 (actionSpecs), constructor 252-430",TestMenuBarIntegrity enumerates actionSpecs to prove no silent no-ops,,traced-2026-09-09,src/shell/MenuBar.cpp
menu-bar,Document,Document,Resize Pages...,resize,resize,true,implemented+available,Registry dispatch via MainWindow::onToolActivated (ToolId alias-aware),command-dependent (see matching ribbon row),Registry dispatch,see matching stable_command_id row,see matching row,see matching row,see matching row,see matching row,"src/shell/MenuBar.cpp:26-136 (actionSpecs), constructor 252-430",TestMenuBarIntegrity enumerates actionSpecs to prove no silent no-ops,,traced-2026-09-09,src/shell/MenuBar.cpp
menu-bar,Document,Document,Page Numbers...,addPageNumbers,page-numbers,true,implemented+available,Registry dispatch via MainWindow::onToolActivated (ToolId alias-aware),command-dependent (see matching ribbon row),Registry dispatch,see matching stable_command_id row,see matching row,see matching row,see matching row,see matching row,"src/shell/MenuBar.cpp:26-136 (actionSpecs), constructor 252-430",TestMenuBarIntegrity enumerates actionSpecs to prove no silent no-ops,,traced-2026-09-09,src/shell/MenuBar.cpp
menu-bar,Document,Document,Headers & Footers...,addHeader,headers-footers,true,implemented+available,Registry dispatch via MainWindow::onToolActivated (ToolId alias-aware),command-dependent (see matching ribbon row),Registry dispatch,see matching stable_command_id row,see matching row,see matching row,see matching row,see matching row,"src/shell/MenuBar.cpp:26-136 (actionSpecs), constructor 252-430",TestMenuBarIntegrity enumerates actionSpecs to prove no silent no-ops,,traced-2026-09-09,src/shell/MenuBar.cpp
menu-bar,Tools,Tools,OCR Document (checkable),ocr,ocr,true,implemented+available,Local handler in MenuBar lambda,command-dependent (see matching ribbon row),Local dispatch,see matching stable_command_id row,see matching row,see matching row,see matching row,see matching row,"src/shell/MenuBar.cpp:26-136 (actionSpecs), constructor 252-430",TestMenuBarIntegrity enumerates actionSpecs to prove no silent no-ops,,traced-2026-09-09,src/shell/MenuBar.cpp
menu-bar,Tools,Tools,Redaction Mode (checkable),markRedact,redact,true,implemented+available,Local handler in MenuBar lambda,command-dependent (see matching ribbon row),Local dispatch,see matching stable_command_id row,see matching row,see matching row,see matching row,see matching row,"src/shell/MenuBar.cpp:26-136 (actionSpecs), constructor 252-430",TestMenuBarIntegrity enumerates actionSpecs to prove no silent no-ops,,traced-2026-09-09,src/shell/MenuBar.cpp
menu-bar,Tools,Tools,Compare Documents...,compare,compare,true,implemented+available,Local handler in MenuBar lambda,command-dependent (see matching ribbon row),Local dispatch,see matching stable_command_id row,see matching row,see matching row,see matching row,see matching row,"src/shell/MenuBar.cpp:26-136 (actionSpecs), constructor 252-430",TestMenuBarIntegrity enumerates actionSpecs to prove no silent no-ops,,traced-2026-09-09,src/shell/MenuBar.cpp
menu-bar,Tools,Tools,Compress Document...,compress,compress,true,implemented+available,Registry dispatch via MainWindow::onToolActivated (ToolId alias-aware),command-dependent (see matching ribbon row),Registry dispatch,see matching stable_command_id row,see matching row,see matching row,see matching row,see matching row,"src/shell/MenuBar.cpp:26-136 (actionSpecs), constructor 252-430",TestMenuBarIntegrity enumerates actionSpecs to prove no silent no-ops,,traced-2026-09-09,src/shell/MenuBar.cpp
menu-bar,Tools,Tools,Watermark...,watermark,watermark,true,implemented+available,Registry dispatch via MainWindow::onToolActivated (ToolId alias-aware),command-dependent (see matching ribbon row),Registry dispatch,see matching stable_command_id row,see matching row,see matching row,see matching row,see matching row,"src/shell/MenuBar.cpp:26-136 (actionSpecs), constructor 252-430",TestMenuBarIntegrity enumerates actionSpecs to prove no silent no-ops,,traced-2026-09-09,src/shell/MenuBar.cpp
menu-bar,Tools,Tools,Set Expiry Date...,expiryDate,expiry-date,true,implemented+available,Registry dispatch via MainWindow::onToolActivated (ToolId alias-aware),command-dependent (see matching ribbon row),Registry dispatch,see matching stable_command_id row,see matching row,see matching row,see matching row,see matching row,"src/shell/MenuBar.cpp:26-136 (actionSpecs), constructor 252-430",TestMenuBarIntegrity enumerates actionSpecs to prove no silent no-ops,,traced-2026-09-09,src/shell/MenuBar.cpp
menu-bar,Tools,Tools,Measure Distance,distance,measure-dist,true (disabled),implemented+missing-context,Menu renders disabled with 'Planned for a future release' tooltip (MenuBar.cpp:181-185) - ribbon/menu wire target traced in this matrix,command-dependent (see matching ribbon row),Disabled dispatch,see matching stable_command_id row,see matching row,see matching row,see matching row,see matching row,"src/shell/MenuBar.cpp:26-136 (actionSpecs), constructor 252-430",TestMenuBarIntegrity enumerates actionSpecs to prove no silent no-ops,,traced-2026-09-09,src/shell/MenuBar.cpp
menu-bar,Tools,Tools,Measure Area,area,measure-area,true (disabled),implemented+missing-context,Menu renders disabled with 'Planned for a future release' tooltip (MenuBar.cpp:181-185) - ribbon/menu wire target traced in this matrix,command-dependent (see matching ribbon row),Disabled dispatch,see matching stable_command_id row,see matching row,see matching row,see matching row,see matching row,"src/shell/MenuBar.cpp:26-136 (actionSpecs), constructor 252-430",TestMenuBarIntegrity enumerates actionSpecs to prove no silent no-ops,,traced-2026-09-09,src/shell/MenuBar.cpp
menu-bar,Comments,Comments,Highlight,highlight,highlight,true,implemented+available,Registry dispatch via MainWindow::onToolActivated (ToolId alias-aware),command-dependent (see matching ribbon row),Registry dispatch,see matching stable_command_id row,see matching row,see matching row,see matching row,see matching row,"src/shell/MenuBar.cpp:26-136 (actionSpecs), constructor 252-430",TestMenuBarIntegrity enumerates actionSpecs to prove no silent no-ops,,traced-2026-09-09,src/shell/MenuBar.cpp
menu-bar,Comments,Comments,Underline,underline,underline,true,implemented+available,Registry dispatch via MainWindow::onToolActivated (ToolId alias-aware),command-dependent (see matching ribbon row),Registry dispatch,see matching stable_command_id row,see matching row,see matching row,see matching row,see matching row,"src/shell/MenuBar.cpp:26-136 (actionSpecs), constructor 252-430",TestMenuBarIntegrity enumerates actionSpecs to prove no silent no-ops,,traced-2026-09-09,src/shell/MenuBar.cpp
menu-bar,Comments,Comments,Strikeout,strikeout,strike,true,implemented+available,Registry dispatch via MainWindow::onToolActivated (ToolId alias-aware),command-dependent (see matching ribbon row),Registry dispatch,see matching stable_command_id row,see matching row,see matching row,see matching row,see matching row,"src/shell/MenuBar.cpp:26-136 (actionSpecs), constructor 252-430",TestMenuBarIntegrity enumerates actionSpecs to prove no silent no-ops,,traced-2026-09-09,src/shell/MenuBar.cpp
menu-bar,Comments,Comments,Squiggly,squiggly,squiggly,true,implemented+available,Registry dispatch via MainWindow::onToolActivated (ToolId alias-aware),command-dependent (see matching ribbon row),Registry dispatch,see matching stable_command_id row,see matching row,see matching row,see matching row,see matching row,"src/shell/MenuBar.cpp:26-136 (actionSpecs), constructor 252-430",TestMenuBarIntegrity enumerates actionSpecs to prove no silent no-ops,,traced-2026-09-09,src/shell/MenuBar.cpp
menu-bar,Comments,Comments,Sticky Note,note,note,true,implemented+available,Registry dispatch via MainWindow::onToolActivated (ToolId alias-aware),command-dependent (see matching ribbon row),Registry dispatch,see matching stable_command_id row,see matching row,see matching row,see matching row,see matching row,"src/shell/MenuBar.cpp:26-136 (actionSpecs), constructor 252-430",TestMenuBarIntegrity enumerates actionSpecs to prove no silent no-ops,,traced-2026-09-09,src/shell/MenuBar.cpp
menu-bar,Comments,Comments,Text Box,textbox,textbox,true,implemented+available,Registry dispatch via MainWindow::onToolActivated (ToolId alias-aware),command-dependent (see matching ribbon row),Registry dispatch,see matching stable_command_id row,see matching row,see matching row,see matching row,see matching row,"src/shell/MenuBar.cpp:26-136 (actionSpecs), constructor 252-430",TestMenuBarIntegrity enumerates actionSpecs to prove no silent no-ops,,traced-2026-09-09,src/shell/MenuBar.cpp
menu-bar,Comments,Comments,Callout,callout,callout,true,implemented+available,Registry dispatch via MainWindow::onToolActivated (ToolId alias-aware),command-dependent (see matching ribbon row),Registry dispatch,see matching stable_command_id row,see matching row,see matching row,see matching row,see matching row,"src/shell/MenuBar.cpp:26-136 (actionSpecs), constructor 252-430",TestMenuBarIntegrity enumerates actionSpecs to prove no silent no-ops,,traced-2026-09-09,src/shell/MenuBar.cpp
menu-bar,Comments,Comments,Stamps > Approved,stamp-approved,stamp-approved,true,implemented+available,Local handler in MenuBar lambda,command-dependent (see matching ribbon row),UNCONNECTED dispatch,see matching stable_command_id row,see matching row,see matching rowFINDING: added via QMenu::addAction with no connect - a silent no-op NOT covered by actionSpecs/TestMenuBarIntegrity,see matching row,see matching row,src/shell/MenuBar.cpp:363-367,TestMenuBarIntegrity enumerates actionSpecs to prove no silent no-ops,,traced-2026-09-09,src/shell/MenuBar.cpp
menu-bar,Comments,Comments,Stamps > Draft,stamp-draft,stamp-draft,true,implemented+available,Local handler in MenuBar lambda,command-dependent (see matching ribbon row),UNCONNECTED dispatch,see matching stable_command_id row,see matching row,see matching rowFINDING: unconnected silent no-op (MenuBar.cpp:364),see matching row,see matching row,src/shell/MenuBar.cpp:363-367,TestMenuBarIntegrity enumerates actionSpecs to prove no silent no-ops,,traced-2026-09-09,src/shell/MenuBar.cpp
menu-bar,Comments,Comments,Stamps > Confidential,stamp-confidential,stamp-confidential,true,implemented+available,Local handler in MenuBar lambda,command-dependent (see matching ribbon row),UNCONNECTED dispatch,see matching stable_command_id row,see matching row,see matching rowFINDING: unconnected silent no-op (MenuBar.cpp:365),see matching row,see matching row,src/shell/MenuBar.cpp:363-367,TestMenuBarIntegrity enumerates actionSpecs to prove no silent no-ops,,traced-2026-09-09,src/shell/MenuBar.cpp
menu-bar,Comments,Comments,Stamps > Custom Stamp...,customStamp,custom-stamp,true (disabled),implemented+missing-context,Menu renders disabled with 'Planned for a future release' tooltip (MenuBar.cpp:181-185) - ribbon/menu wire target traced in this matrix,command-dependent (see matching ribbon row),Disabled dispatch,see matching stable_command_id row,see matching row,see matching row,see matching row,see matching row,"src/shell/MenuBar.cpp:26-136 (actionSpecs), constructor 252-430",TestMenuBarIntegrity enumerates actionSpecs to prove no silent no-ops,,traced-2026-09-09,src/shell/MenuBar.cpp
menu-bar,Comments,Comments,Drawing Tools > Pencil,pencil,pencil,true,implemented+available,Registry dispatch via MainWindow::onToolActivated (ToolId alias-aware),command-dependent (see matching ribbon row),Registry dispatch,see matching stable_command_id row,see matching row,see matching row,see matching row,see matching row,"src/shell/MenuBar.cpp:26-136 (actionSpecs), constructor 252-430",TestMenuBarIntegrity enumerates actionSpecs to prove no silent no-ops,,traced-2026-09-09,src/shell/MenuBar.cpp
menu-bar,Comments,Comments,Drawing Tools > Line,line,line,true,implemented+available,Registry dispatch via MainWindow::onToolActivated (ToolId alias-aware),command-dependent (see matching ribbon row),Registry dispatch,see matching stable_command_id row,see matching row,see matching row,see matching row,see matching row,"src/shell/MenuBar.cpp:26-136 (actionSpecs), constructor 252-430",TestMenuBarIntegrity enumerates actionSpecs to prove no silent no-ops,,traced-2026-09-09,src/shell/MenuBar.cpp
menu-bar,Comments,Comments,Drawing Tools > Arrow,arrow,arrow,true,implemented+available,Registry dispatch via MainWindow::onToolActivated (ToolId alias-aware),command-dependent (see matching ribbon row),Registry dispatch,see matching stable_command_id row,see matching row,see matching row,see matching row,see matching row,"src/shell/MenuBar.cpp:26-136 (actionSpecs), constructor 252-430",TestMenuBarIntegrity enumerates actionSpecs to prove no silent no-ops,,traced-2026-09-09,src/shell/MenuBar.cpp
menu-bar,Comments,Comments,Drawing Tools > Rectangle,rect,rect,true,implemented+available,Registry dispatch via MainWindow::onToolActivated (ToolId alias-aware),command-dependent (see matching ribbon row),Registry dispatch,see matching stable_command_id row,see matching row,see matching row,see matching row,see matching row,"src/shell/MenuBar.cpp:26-136 (actionSpecs), constructor 252-430",TestMenuBarIntegrity enumerates actionSpecs to prove no silent no-ops,,traced-2026-09-09,src/shell/MenuBar.cpp
menu-bar,Comments,Comments,Drawing Tools > Oval,oval,oval,true,implemented+available,Registry dispatch via MainWindow::onToolActivated (ToolId alias-aware),command-dependent (see matching ribbon row),Registry dispatch,see matching stable_command_id row,see matching row,see matching row,see matching row,see matching row,"src/shell/MenuBar.cpp:26-136 (actionSpecs), constructor 252-430",TestMenuBarIntegrity enumerates actionSpecs to prove no silent no-ops,,traced-2026-09-09,src/shell/MenuBar.cpp
menu-bar,Comments,Comments,Drawing Tools > Polyline,poly,polyline,true (disabled),implemented+missing-context,Menu renders disabled with 'Planned for a future release' tooltip (MenuBar.cpp:181-185) - ribbon/menu wire target traced in this matrix,command-dependent (see matching ribbon row),Disabled dispatch,see matching stable_command_id row,see matching row,see matching row,see matching row,see matching row,"src/shell/MenuBar.cpp:26-136 (actionSpecs), constructor 252-430",TestMenuBarIntegrity enumerates actionSpecs to prove no silent no-ops,,traced-2026-09-09,src/shell/MenuBar.cpp
menu-bar,Comments,Comments,Show/Hide Comments Panel,comments,toggle-comments,true (disabled),implemented+missing-context,Menu renders disabled with 'Planned for a future release' tooltip (MenuBar.cpp:181-185) - ribbon/menu wire target traced in this matrix,command-dependent (see matching ribbon row),Disabled dispatch,see matching stable_command_id row,see matching row,see matching row,see matching row,see matching row,"src/shell/MenuBar.cpp:26-136 (actionSpecs), constructor 252-430",TestMenuBarIntegrity enumerates actionSpecs to prove no silent no-ops,,traced-2026-09-09,src/shell/MenuBar.cpp
menu-bar,Forms,Forms,Add Text Field,textField,text-field,true,implemented+available,Registry dispatch via MainWindow::onToolActivated (ToolId alias-aware),command-dependent (see matching ribbon row),Registry dispatch,see matching stable_command_id row,see matching row,see matching row,see matching row,see matching row,"src/shell/MenuBar.cpp:26-136 (actionSpecs), constructor 252-430",TestMenuBarIntegrity enumerates actionSpecs to prove no silent no-ops,,traced-2026-09-09,src/shell/MenuBar.cpp
menu-bar,Forms,Forms,Add Checkbox,checkbox,checkbox,true,implemented+available,Registry dispatch via MainWindow::onToolActivated (ToolId alias-aware),command-dependent (see matching ribbon row),Registry dispatch,see matching stable_command_id row,see matching row,see matching row,see matching row,see matching row,"src/shell/MenuBar.cpp:26-136 (actionSpecs), constructor 252-430",TestMenuBarIntegrity enumerates actionSpecs to prove no silent no-ops,,traced-2026-09-09,src/shell/MenuBar.cpp
menu-bar,Forms,Forms,Add Radio Button,radio,radio,true,implemented+available,Registry dispatch via MainWindow::onToolActivated (ToolId alias-aware),command-dependent (see matching ribbon row),Registry dispatch,see matching stable_command_id row,see matching row,see matching row,see matching row,see matching row,"src/shell/MenuBar.cpp:26-136 (actionSpecs), constructor 252-430",TestMenuBarIntegrity enumerates actionSpecs to prove no silent no-ops,,traced-2026-09-09,src/shell/MenuBar.cpp
menu-bar,Forms,Forms,Add Dropdown,dropdown,dropdown,true,implemented+available,Registry dispatch via MainWindow::onToolActivated (ToolId alias-aware),command-dependent (see matching ribbon row),Registry dispatch,see matching stable_command_id row,see matching row,see matching row,see matching row,see matching row,"src/shell/MenuBar.cpp:26-136 (actionSpecs), constructor 252-430",TestMenuBarIntegrity enumerates actionSpecs to prove no silent no-ops,,traced-2026-09-09,src/shell/MenuBar.cpp
menu-bar,Forms,Forms,Add Date Field,dateField,date-field,true,implemented+available,Registry dispatch via MainWindow::onToolActivated (ToolId alias-aware),command-dependent (see matching ribbon row),Registry dispatch,see matching stable_command_id row,see matching row,see matching row,see matching row,see matching row,"src/shell/MenuBar.cpp:26-136 (actionSpecs), constructor 252-430",TestMenuBarIntegrity enumerates actionSpecs to prove no silent no-ops,,traced-2026-09-09,src/shell/MenuBar.cpp
menu-bar,Forms,Forms,Add Number Field,numField,num-field,true,implemented+available,Registry dispatch via MainWindow::onToolActivated (ToolId alias-aware),command-dependent (see matching ribbon row),Registry dispatch,see matching stable_command_id row,see matching row,see matching row,see matching row,see matching row,"src/shell/MenuBar.cpp:26-136 (actionSpecs), constructor 252-430",TestMenuBarIntegrity enumerates actionSpecs to prove no silent no-ops,,traced-2026-09-09,src/shell/MenuBar.cpp
menu-bar,Forms,Forms,Add Calculated Field,calcField,calc-field,true,implemented+available,Registry dispatch via MainWindow::onToolActivated (ToolId alias-aware),command-dependent (see matching ribbon row),Registry dispatch,see matching stable_command_id row,see matching row,see matching row,see matching row,see matching row,"src/shell/MenuBar.cpp:26-136 (actionSpecs), constructor 252-430",TestMenuBarIntegrity enumerates actionSpecs to prove no silent no-ops,,traced-2026-09-09,src/shell/MenuBar.cpp
menu-bar,Forms,Forms,Add Signature Field,sigField,signature-field,true,implemented+available,Registry dispatch via MainWindow::onToolActivated (ToolId alias-aware),command-dependent (see matching ribbon row),Registry dispatch,see matching stable_command_id row,see matching row,see matching row,see matching row,see matching row,"src/shell/MenuBar.cpp:26-136 (actionSpecs), constructor 252-430",TestMenuBarIntegrity enumerates actionSpecs to prove no silent no-ops,,traced-2026-09-09,src/shell/MenuBar.cpp
menu-bar,Forms,Forms,Add Button,button,button,true,implemented+available,Registry dispatch via MainWindow::onToolActivated (ToolId alias-aware),command-dependent (see matching ribbon row),Registry dispatch,see matching stable_command_id row,see matching row,see matching row,see matching row,see matching row,"src/shell/MenuBar.cpp:26-136 (actionSpecs), constructor 252-430",TestMenuBarIntegrity enumerates actionSpecs to prove no silent no-ops,,traced-2026-09-09,src/shell/MenuBar.cpp
menu-bar,Forms,Forms,Auto-Detect Fields,autoDetect,autodetect,true,implemented+available,Registry dispatch via MainWindow::onToolActivated (ToolId alias-aware),command-dependent (see matching ribbon row),Registry dispatch,see matching stable_command_id row,see matching row,see matching row,see matching row,see matching row,"src/shell/MenuBar.cpp:26-136 (actionSpecs), constructor 252-430",TestMenuBarIntegrity enumerates actionSpecs to prove no silent no-ops,,traced-2026-09-09,src/shell/MenuBar.cpp
menu-bar,Forms,Forms,Tab Order,tabs,tab-order,true,implemented+available,Registry dispatch via MainWindow::onToolActivated (ToolId alias-aware),command-dependent (see matching ribbon row),Registry dispatch,see matching stable_command_id row,see matching row,see matching row,see matching row,see matching row,"src/shell/MenuBar.cpp:26-136 (actionSpecs), constructor 252-430",TestMenuBarIntegrity enumerates actionSpecs to prove no silent no-ops,,traced-2026-09-09,src/shell/MenuBar.cpp
menu-bar,Forms,Forms,Import Data...,importData,import-data,true,implemented+available,Registry dispatch via MainWindow::onToolActivated (ToolId alias-aware),command-dependent (see matching ribbon row),Registry dispatch,see matching stable_command_id row,see matching row,see matching row,see matching row,see matching row,"src/shell/MenuBar.cpp:26-136 (actionSpecs), constructor 252-430",TestMenuBarIntegrity enumerates actionSpecs to prove no silent no-ops,,traced-2026-09-09,src/shell/MenuBar.cpp
menu-bar,Forms,Forms,Export Data...,exportData,export-data,true,implemented+available,Registry dispatch via MainWindow::onToolActivated (ToolId alias-aware),command-dependent (see matching ribbon row),Registry dispatch,see matching stable_command_id row,see matching row,see matching row,see matching row,see matching row,"src/shell/MenuBar.cpp:26-136 (actionSpecs), constructor 252-430",TestMenuBarIntegrity enumerates actionSpecs to prove no silent no-ops,,traced-2026-09-09,src/shell/MenuBar.cpp
menu-bar,Window,Window,Minimize,minimize,minimize,true,implemented+available,Local handler in MenuBar lambda,command-dependent (see matching ribbon row),Local dispatch,see matching stable_command_id row,see matching row,see matching row,see matching row,see matching row,"src/shell/MenuBar.cpp:26-136 (actionSpecs), constructor 252-430",TestMenuBarIntegrity enumerates actionSpecs to prove no silent no-ops,,traced-2026-09-09,src/shell/MenuBar.cpp
menu-bar,Window,Window,Maximize,maximize,maximize,true,implemented+available,Local handler in MenuBar lambda,command-dependent (see matching ribbon row),Local dispatch,see matching stable_command_id row,see matching row,see matching row,see matching row,see matching row,"src/shell/MenuBar.cpp:26-136 (actionSpecs), constructor 252-430",TestMenuBarIntegrity enumerates actionSpecs to prove no silent no-ops,,traced-2026-09-09,src/shell/MenuBar.cpp
menu-bar,Window,Window,Tile Windows,tile,tile,true (disabled),planned-unimplemented,Menu renders disabled with 'Planned for a future release' tooltip (MenuBar.cpp:181-185),command-dependent (see matching ribbon row),Disabled dispatch,see matching stable_command_id row,see matching row,see matching row,see matching row,see matching row,"src/shell/MenuBar.cpp:26-136 (actionSpecs), constructor 252-430",TestMenuBarIntegrity enumerates actionSpecs to prove no silent no-ops,,traced-2026-09-09,src/shell/MenuBar.cpp
menu-bar,Window,Window,Active Document label,active-doc,active-doc,true (disabled),planned-unimplemented,Menu renders disabled with 'Planned for a future release' tooltip (MenuBar.cpp:181-185),command-dependent (see matching ribbon row),Disabled dispatch,see matching stable_command_id row,see matching row,"see matching rowInformational label only, never clickable (MenuBar.cpp:411-419)",see matching row,see matching row,"src/shell/MenuBar.cpp:26-136 (actionSpecs), constructor 252-430",TestMenuBarIntegrity enumerates actionSpecs to prove no silent no-ops,,traced-2026-09-09,src/shell/MenuBar.cpp
menu-bar,Help,Help,Keyboard Shortcuts (Ctrl+/),shortcuts,shortcuts,true,implemented+available,Local handler in MenuBar lambda,command-dependent (see matching ribbon row),Local dispatch,see matching stable_command_id row,see matching row,see matching row,see matching row,see matching row,"src/shell/MenuBar.cpp:26-136 (actionSpecs), constructor 252-430",TestMenuBarIntegrity enumerates actionSpecs to prove no silent no-ops,,traced-2026-09-09,src/shell/MenuBar.cpp
menu-bar,Help,Help,Documentation,guide,guide,true,implemented+available,Local handler in MenuBar lambda,command-dependent (see matching ribbon row),Local dispatch,see matching stable_command_id row,see matching row,see matching row,see matching row,see matching row,"src/shell/MenuBar.cpp:26-136 (actionSpecs), constructor 252-430",TestMenuBarIntegrity enumerates actionSpecs to prove no silent no-ops,,traced-2026-09-09,src/shell/MenuBar.cpp
menu-bar,Help,Help,Check for Updates...,updates,updates,true (disabled),planned-unimplemented,Menu renders disabled with 'Planned for a future release' tooltip (MenuBar.cpp:181-185),command-dependent (see matching ribbon row),Disabled dispatch,see matching stable_command_id row,see matching row,see matching row,see matching row,see matching row,"src/shell/MenuBar.cpp:26-136 (actionSpecs), constructor 252-430",TestMenuBarIntegrity enumerates actionSpecs to prove no silent no-ops,,traced-2026-09-09,src/shell/MenuBar.cpp
menu-bar,Help,Help,About Glyph PDF,about,about,true,implemented+available,Local handler in MenuBar lambda,command-dependent (see matching ribbon row),Local dispatch,see matching stable_command_id row,see matching row,see matching row,see matching row,see matching row,"src/shell/MenuBar.cpp:26-136 (actionSpecs), constructor 252-430",TestMenuBarIntegrity enumerates actionSpecs to prove no silent no-ops,,traced-2026-09-09,src/shell/MenuBar.cpp
shortcut,Keyboard,QShortcut/QAction shortcuts,Ctrl+O,open,QKeySequence::Open (menu Open),true,implemented+available,Always,Always,see matching command row,see matching row,None,File-open dialog,see matching row,None,src/GpMainWindow.cpp:405-474; src/shell/Ribbon.cpp:89-93; src/shell/MenuBar.cpp (QKeySequence assignments); src/modes/OCRMode.cpp:280-283; src/modes/FormBuilderMode.cpp:51-52,UI02 acceptance: ribbon/menu/shortcut paths must agree on enablement,,traced-2026-09-09,src/GpMainWindow.cpp:405-474; src/shell/Ribbon.cpp:89-93; src/shell/MenuBar.cpp (QKeySequence assignments); src/modes/OCRMode.cpp:280-283; src/modes/FormBuilderMode.cpp:51-52
shortcut,Keyboard,QShortcut/QAction shortcuts,QKeySequence::Close,close,menu Close (Windows binding per Qt),true,implemented+available,Document open,Document open,see matching command row,see matching row,None,Closes document/window,see matching row,None,src/GpMainWindow.cpp:405-474; src/shell/Ribbon.cpp:89-93; src/shell/MenuBar.cpp (QKeySequence assignments); src/modes/OCRMode.cpp:280-283; src/modes/FormBuilderMode.cpp:51-52,UI02 acceptance: ribbon/menu/shortcut paths must agree on enablement,,traced-2026-09-09,src/GpMainWindow.cpp:405-474; src/shell/Ribbon.cpp:89-93; src/shell/MenuBar.cpp (QKeySequence assignments); src/modes/OCRMode.cpp:280-283; src/modes/FormBuilderMode.cpp:51-52
shortcut,Keyboard,QShortcut/QAction shortcuts,Ctrl+S,save,QKeySequence::Save (menu Save),true,implemented+available,Open a PDF,Open a PDF,see matching command row,see matching row,None,Checked save (close path treats Failed as stay-open),see matching row,None,src/GpMainWindow.cpp:405-474; src/shell/Ribbon.cpp:89-93; src/shell/MenuBar.cpp (QKeySequence assignments); src/modes/OCRMode.cpp:280-283; src/modes/FormBuilderMode.cpp:51-52,UI02 acceptance: ribbon/menu/shortcut paths must agree on enablement,,traced-2026-09-09,src/GpMainWindow.cpp:405-474; src/shell/Ribbon.cpp:89-93; src/shell/MenuBar.cpp (QKeySequence assignments); src/modes/OCRMode.cpp:280-283; src/modes/FormBuilderMode.cpp:51-52
shortcut,Keyboard,QShortcut/QAction shortcuts,QKeySequence::SaveAs,saveAs,menu Save As,true,implemented+available,Open a PDF,Open a PDF,see matching command row,see matching row,None,Save-as dialog,see matching row,None,src/GpMainWindow.cpp:405-474; src/shell/Ribbon.cpp:89-93; src/shell/MenuBar.cpp (QKeySequence assignments); src/modes/OCRMode.cpp:280-283; src/modes/FormBuilderMode.cpp:51-52,UI02 acceptance: ribbon/menu/shortcut paths must agree on enablement,,traced-2026-09-09,src/GpMainWindow.cpp:405-474; src/shell/Ribbon.cpp:89-93; src/shell/MenuBar.cpp (QKeySequence assignments); src/modes/OCRMode.cpp:280-283; src/modes/FormBuilderMode.cpp:51-52
shortcut,Keyboard,QShortcut/QAction shortcuts,Ctrl+P,print,QKeySequence::Print (menu Print),true,implemented+available,Open a PDF,Open a PDF,see matching command row,see matching row,None,Print dialog,see matching row,None,src/GpMainWindow.cpp:405-474; src/shell/Ribbon.cpp:89-93; src/shell/MenuBar.cpp (QKeySequence assignments); src/modes/OCRMode.cpp:280-283; src/modes/FormBuilderMode.cpp:51-52,UI02 acceptance: ribbon/menu/shortcut paths must agree on enablement,,traced-2026-09-09,src/GpMainWindow.cpp:405-474; src/shell/Ribbon.cpp:89-93; src/shell/MenuBar.cpp (QKeySequence assignments); src/modes/OCRMode.cpp:280-283; src/modes/FormBuilderMode.cpp:51-52
shortcut,Keyboard,QShortcut/QAction shortcuts,Ctrl+Z,undo,QKeySequence::Undo,true,implemented+available,Undoable command exists,Undoable command exists,see matching command row,see matching row,None,Undo,see matching row,None,src/GpMainWindow.cpp:405-474; src/shell/Ribbon.cpp:89-93; src/shell/MenuBar.cpp (QKeySequence assignments); src/modes/OCRMode.cpp:280-283; src/modes/FormBuilderMode.cpp:51-52,UI02 acceptance: ribbon/menu/shortcut paths must agree on enablement,,traced-2026-09-09,src/GpMainWindow.cpp:405-474; src/shell/Ribbon.cpp:89-93; src/shell/MenuBar.cpp (QKeySequence assignments); src/modes/OCRMode.cpp:280-283; src/modes/FormBuilderMode.cpp:51-52
shortcut,Keyboard,QShortcut/QAction shortcuts,QKeySequence::Redo,redo,menu Redo,true,implemented+available,Redoable command exists,Redoable command exists,see matching command row,see matching row,None,Redo,see matching row,None,src/GpMainWindow.cpp:405-474; src/shell/Ribbon.cpp:89-93; src/shell/MenuBar.cpp (QKeySequence assignments); src/modes/OCRMode.cpp:280-283; src/modes/FormBuilderMode.cpp:51-52,UI02 acceptance: ribbon/menu/shortcut paths must agree on enablement,,traced-2026-09-09,src/GpMainWindow.cpp:405-474; src/shell/Ribbon.cpp:89-93; src/shell/MenuBar.cpp (QKeySequence assignments); src/modes/OCRMode.cpp:280-283; src/modes/FormBuilderMode.cpp:51-52
shortcut,Keyboard,QShortcut/QAction shortcuts,Ctrl+X,cut,QKeySequence::Cut,true,implemented+available,Selected object,Selected object,see matching command row,see matching row,None,Copy snapshot + delete,see matching row,None,src/GpMainWindow.cpp:405-474; src/shell/Ribbon.cpp:89-93; src/shell/MenuBar.cpp (QKeySequence assignments); src/modes/OCRMode.cpp:280-283; src/modes/FormBuilderMode.cpp:51-52,UI02 acceptance: ribbon/menu/shortcut paths must agree on enablement,,traced-2026-09-09,src/GpMainWindow.cpp:405-474; src/shell/Ribbon.cpp:89-93; src/shell/MenuBar.cpp (QKeySequence assignments); src/modes/OCRMode.cpp:280-283; src/modes/FormBuilderMode.cpp:51-52
shortcut,Keyboard,QShortcut/QAction shortcuts,Ctrl+C,copy,QKeySequence::Copy,true,implemented+available,Selected object,Selected object,see matching command row,see matching row,None,Raster crop to clipboard,see matching row,None,src/GpMainWindow.cpp:405-474; src/shell/Ribbon.cpp:89-93; src/shell/MenuBar.cpp (QKeySequence assignments); src/modes/OCRMode.cpp:280-283; src/modes/FormBuilderMode.cpp:51-52,UI02 acceptance: ribbon/menu/shortcut paths must agree on enablement,,traced-2026-09-09,src/GpMainWindow.cpp:405-474; src/shell/Ribbon.cpp:89-93; src/shell/MenuBar.cpp (QKeySequence assignments); src/modes/OCRMode.cpp:280-283; src/modes/FormBuilderMode.cpp:51-52
shortcut,Keyboard,QShortcut/QAction shortcuts,QKeySequence::Paste,paste,menu Paste - DISABLED (in-document paste not shipped),true,implemented+available,n/a,n/a,see matching command row,see matching row,None,None,see matching row,None,src/GpMainWindow.cpp:405-474; src/shell/Ribbon.cpp:89-93; src/shell/MenuBar.cpp (QKeySequence assignments); src/modes/OCRMode.cpp:280-283; src/modes/FormBuilderMode.cpp:51-52,UI02 acceptance: ribbon/menu/shortcut paths must agree on enablement,,traced-2026-09-09,src/GpMainWindow.cpp:405-474; src/shell/Ribbon.cpp:89-93; src/shell/MenuBar.cpp (QKeySequence assignments); src/modes/OCRMode.cpp:280-283; src/modes/FormBuilderMode.cpp:51-52
shortcut,Keyboard,QShortcut/QAction shortcuts,Del,delete,QKeySequence::Delete -> DeleteSelection alias,true,implemented+available,Selected object,Selected object,see matching command row,see matching row,None,Selected annotation deleted,see matching row,None,src/GpMainWindow.cpp:405-474; src/shell/Ribbon.cpp:89-93; src/shell/MenuBar.cpp (QKeySequence assignments); src/modes/OCRMode.cpp:280-283; src/modes/FormBuilderMode.cpp:51-52,UI02 acceptance: ribbon/menu/shortcut paths must agree on enablement,,traced-2026-09-09,src/GpMainWindow.cpp:405-474; src/shell/Ribbon.cpp:89-93; src/shell/MenuBar.cpp (QKeySequence assignments); src/modes/OCRMode.cpp:280-283; src/modes/FormBuilderMode.cpp:51-52
shortcut,Keyboard,QShortcut/QAction shortcuts,QKeySequence::SelectAll,select-all,menu Select All - DISABLED,true,implemented+available,n/a,n/a,see matching command row,see matching row,None,None,see matching row,None,src/GpMainWindow.cpp:405-474; src/shell/Ribbon.cpp:89-93; src/shell/MenuBar.cpp (QKeySequence assignments); src/modes/OCRMode.cpp:280-283; src/modes/FormBuilderMode.cpp:51-52,UI02 acceptance: ribbon/menu/shortcut paths must agree on enablement,,traced-2026-09-09,src/GpMainWindow.cpp:405-474; src/shell/Ribbon.cpp:89-93; src/shell/MenuBar.cpp (QKeySequence assignments); src/modes/OCRMode.cpp:280-283; src/modes/FormBuilderMode.cpp:51-52
shortcut,Keyboard,QShortcut/QAction shortcuts,Ctrl+F,find,QKeySequence::Find,true,implemented+available,Always,Always,see matching command row,see matching row,None,FindBar toggled,see matching row,None,src/GpMainWindow.cpp:405-474; src/shell/Ribbon.cpp:89-93; src/shell/MenuBar.cpp (QKeySequence assignments); src/modes/OCRMode.cpp:280-283; src/modes/FormBuilderMode.cpp:51-52,UI02 acceptance: ribbon/menu/shortcut paths must agree on enablement,,traced-2026-09-09,src/GpMainWindow.cpp:405-474; src/shell/Ribbon.cpp:89-93; src/shell/MenuBar.cpp (QKeySequence assignments); src/modes/OCRMode.cpp:280-283; src/modes/FormBuilderMode.cpp:51-52
shortcut,Keyboard,QShortcut/QAction shortcuts,Ctrl+H,find-replace,menu Edit>Find & Replace,true,implemented+available,Always,Always,see matching command row,see matching row,None,FindBar (with replace controls) toggled,see matching row,None,src/GpMainWindow.cpp:405-474; src/shell/Ribbon.cpp:89-93; src/shell/MenuBar.cpp (QKeySequence assignments); src/modes/OCRMode.cpp:280-283; src/modes/FormBuilderMode.cpp:51-52,UI02 acceptance: ribbon/menu/shortcut paths must agree on enablement,,traced-2026-09-09,src/GpMainWindow.cpp:405-474; src/shell/Ribbon.cpp:89-93; src/shell/MenuBar.cpp (QKeySequence assignments); src/modes/OCRMode.cpp:280-283; src/modes/FormBuilderMode.cpp:51-52
shortcut,Keyboard,QShortcut/QAction shortcuts,Ctrl++,zoomIn,QKeySequence::ZoomIn,true,implemented+available,Open a PDF,Open a PDF,see matching command row,see matching row,None,Zoom in,see matching row,None,src/GpMainWindow.cpp:405-474; src/shell/Ribbon.cpp:89-93; src/shell/MenuBar.cpp (QKeySequence assignments); src/modes/OCRMode.cpp:280-283; src/modes/FormBuilderMode.cpp:51-52,UI02 acceptance: ribbon/menu/shortcut paths must agree on enablement,,traced-2026-09-09,src/GpMainWindow.cpp:405-474; src/shell/Ribbon.cpp:89-93; src/shell/MenuBar.cpp (QKeySequence assignments); src/modes/OCRMode.cpp:280-283; src/modes/FormBuilderMode.cpp:51-52
shortcut,Keyboard,QShortcut/QAction shortcuts,Ctrl+-,zoomOut,QKeySequence::ZoomOut,true,implemented+available,Open a PDF,Open a PDF,see matching command row,see matching row,None,Zoom out,see matching row,None,src/GpMainWindow.cpp:405-474; src/shell/Ribbon.cpp:89-93; src/shell/MenuBar.cpp (QKeySequence assignments); src/modes/OCRMode.cpp:280-283; src/modes/FormBuilderMode.cpp:51-52,UI02 acceptance: ribbon/menu/shortcut paths must agree on enablement,,traced-2026-09-09,src/GpMainWindow.cpp:405-474; src/shell/Ribbon.cpp:89-93; src/shell/MenuBar.cpp (QKeySequence assignments); src/modes/OCRMode.cpp:280-283; src/modes/FormBuilderMode.cpp:51-52
shortcut,Keyboard,QShortcut/QAction shortcuts,Ctrl+0,actual,menu Actual Size,true,implemented+available,Open a PDF,Open a PDF,see matching command row,see matching row,None,Zoom 100%,see matching row,None,src/GpMainWindow.cpp:405-474; src/shell/Ribbon.cpp:89-93; src/shell/MenuBar.cpp (QKeySequence assignments); src/modes/OCRMode.cpp:280-283; src/modes/FormBuilderMode.cpp:51-52,UI02 acceptance: ribbon/menu/shortcut paths must agree on enablement,,traced-2026-09-09,src/GpMainWindow.cpp:405-474; src/shell/Ribbon.cpp:89-93; src/shell/MenuBar.cpp (QKeySequence assignments); src/modes/OCRMode.cpp:280-283; src/modes/FormBuilderMode.cpp:51-52
shortcut,Keyboard,QShortcut/QAction shortcuts,F11,fullscreen,menu View>Full Screen,true,implemented+available,Always,Always,see matching command row,see matching row,None,Fullscreen chrome hidden (setFullScreenMode),see matching row,None,src/GpMainWindow.cpp:405-474; src/shell/Ribbon.cpp:89-93; src/shell/MenuBar.cpp (QKeySequence assignments); src/modes/OCRMode.cpp:280-283; src/modes/FormBuilderMode.cpp:51-52,UI02 acceptance: ribbon/menu/shortcut paths must agree on enablement,,traced-2026-09-09,src/GpMainWindow.cpp:405-474; src/shell/Ribbon.cpp:89-93; src/shell/MenuBar.cpp (QKeySequence assignments); src/modes/OCRMode.cpp:280-283; src/modes/FormBuilderMode.cpp:51-52
shortcut,Keyboard,QShortcut/QAction shortcuts,Ctrl+/,shortcuts,menu Help>Keyboard Shortcuts,true,implemented+available,Always,Always,see matching command row,see matching row,None,ShortcutHelpDialog,see matching row,None,src/GpMainWindow.cpp:405-474; src/shell/Ribbon.cpp:89-93; src/shell/MenuBar.cpp (QKeySequence assignments); src/modes/OCRMode.cpp:280-283; src/modes/FormBuilderMode.cpp:51-52,UI02 acceptance: ribbon/menu/shortcut paths must agree on enablement,,traced-2026-09-09,src/GpMainWindow.cpp:405-474; src/shell/Ribbon.cpp:89-93; src/shell/MenuBar.cpp (QKeySequence assignments); src/modes/OCRMode.cpp:280-283; src/modes/FormBuilderMode.cpp:51-52
shortcut,Keyboard,QShortcut/QAction shortcuts,Ctrl+F1,ribbon-collapse,Ribbon collapse toggle (Microsoft idiom),true,implemented+available,Always,Always,see matching command row,see matching row,None,Ribbon body collapsed/expanded,see matching row,None,src/GpMainWindow.cpp:405-474; src/shell/Ribbon.cpp:89-93; src/shell/MenuBar.cpp (QKeySequence assignments); src/modes/OCRMode.cpp:280-283; src/modes/FormBuilderMode.cpp:51-52,UI02 acceptance: ribbon/menu/shortcut paths must agree on enablement,,traced-2026-09-09,src/GpMainWindow.cpp:405-474; src/shell/Ribbon.cpp:89-93; src/shell/MenuBar.cpp (QKeySequence assignments); src/modes/OCRMode.cpp:280-283; src/modes/FormBuilderMode.cpp:51-52
shortcut,Keyboard,QShortcut/QAction shortcuts,Alt+Left,nav-back,viewer back,true,implemented+available,History exists,History exists,see matching command row,see matching row,None,Previous page in view history,see matching row,None,src/GpMainWindow.cpp:405-474; src/shell/Ribbon.cpp:89-93; src/shell/MenuBar.cpp (QKeySequence assignments); src/modes/OCRMode.cpp:280-283; src/modes/FormBuilderMode.cpp:51-52,UI02 acceptance: ribbon/menu/shortcut paths must agree on enablement,,traced-2026-09-09,src/GpMainWindow.cpp:405-474; src/shell/Ribbon.cpp:89-93; src/shell/MenuBar.cpp (QKeySequence assignments); src/modes/OCRMode.cpp:280-283; src/modes/FormBuilderMode.cpp:51-52
shortcut,Keyboard,QShortcut/QAction shortcuts,Alt+Right,nav-forward,viewer forward,true,implemented+available,Forward history exists,Forward history exists,see matching command row,see matching row,None,Next page in view history,see matching row,None,src/GpMainWindow.cpp:405-474; src/shell/Ribbon.cpp:89-93; src/shell/MenuBar.cpp (QKeySequence assignments); src/modes/OCRMode.cpp:280-283; src/modes/FormBuilderMode.cpp:51-52,UI02 acceptance: ribbon/menu/shortcut paths must agree on enablement,,traced-2026-09-09,src/GpMainWindow.cpp:405-474; src/shell/Ribbon.cpp:89-93; src/shell/MenuBar.cpp (QKeySequence assignments); src/modes/OCRMode.cpp:280-283; src/modes/FormBuilderMode.cpp:51-52
shortcut,Keyboard,QShortcut/QAction shortcuts,F6,region-cycle,accessibility region cycle (ribbon/left/center/right/status),true,implemented+available,Always,Always,see matching command row,see matching row,None,Focus moves,see matching row,None,src/GpMainWindow.cpp:405-474; src/shell/Ribbon.cpp:89-93; src/shell/MenuBar.cpp (QKeySequence assignments); src/modes/OCRMode.cpp:280-283; src/modes/FormBuilderMode.cpp:51-52,UI02 acceptance: ribbon/menu/shortcut paths must agree on enablement,,traced-2026-09-09,src/GpMainWindow.cpp:405-474; src/shell/Ribbon.cpp:89-93; src/shell/MenuBar.cpp (QKeySequence assignments); src/modes/OCRMode.cpp:280-283; src/modes/FormBuilderMode.cpp:51-52
shortcut,Keyboard,QShortcut/QAction shortcuts,Shift+F6,region-cycle-rev,reverse region cycle,true,implemented+available,Always,Always,see matching command row,see matching row,None,Focus moves,see matching row,None,src/GpMainWindow.cpp:405-474; src/shell/Ribbon.cpp:89-93; src/shell/MenuBar.cpp (QKeySequence assignments); src/modes/OCRMode.cpp:280-283; src/modes/FormBuilderMode.cpp:51-52,UI02 acceptance: ribbon/menu/shortcut paths must agree on enablement,,traced-2026-09-09,src/GpMainWindow.cpp:405-474; src/shell/Ribbon.cpp:89-93; src/shell/MenuBar.cpp (QKeySequence assignments); src/modes/OCRMode.cpp:280-283; src/modes/FormBuilderMode.cpp:51-52
shortcut,Keyboard,QShortcut/QAction shortcuts,F1,shortcuts-help,ShortcutHelpDialog,true,implemented+available,Always,Always,see matching command row,see matching row,None,Dialog,see matching row,None,src/GpMainWindow.cpp:405-474; src/shell/Ribbon.cpp:89-93; src/shell/MenuBar.cpp (QKeySequence assignments); src/modes/OCRMode.cpp:280-283; src/modes/FormBuilderMode.cpp:51-52,UI02 acceptance: ribbon/menu/shortcut paths must agree on enablement,,traced-2026-09-09,src/GpMainWindow.cpp:405-474; src/shell/Ribbon.cpp:89-93; src/shell/MenuBar.cpp (QKeySequence assignments); src/modes/OCRMode.cpp:280-283; src/modes/FormBuilderMode.cpp:51-52
shortcut,Keyboard,QShortcut/QAction shortcuts,"Ctrl+,",preferences,PreferencesDialog,true,implemented+available,Always,Always,see matching command row,see matching row,None,Dialog,see matching row,None,src/GpMainWindow.cpp:405-474; src/shell/Ribbon.cpp:89-93; src/shell/MenuBar.cpp (QKeySequence assignments); src/modes/OCRMode.cpp:280-283; src/modes/FormBuilderMode.cpp:51-52,UI02 acceptance: ribbon/menu/shortcut paths must agree on enablement,,traced-2026-09-09,src/GpMainWindow.cpp:405-474; src/shell/Ribbon.cpp:89-93; src/shell/MenuBar.cpp (QKeySequence assignments); src/modes/OCRMode.cpp:280-283; src/modes/FormBuilderMode.cpp:51-52
shortcut,Keyboard,QShortcut/QAction shortcuts,F8 / Shift+F8,ocr-next-uncertain,OCRMode next/prev uncertain word (OCR Verify screen),true,implemented+available,OCR results present,OCR results present,see matching command row,see matching row,None,Review navigation,see matching row,None,src/GpMainWindow.cpp:405-474; src/shell/Ribbon.cpp:89-93; src/shell/MenuBar.cpp (QKeySequence assignments); src/modes/OCRMode.cpp:280-283; src/modes/FormBuilderMode.cpp:51-52,UI02 acceptance: ribbon/menu/shortcut paths must agree on enablement,,traced-2026-09-09,src/GpMainWindow.cpp:405-474; src/shell/Ribbon.cpp:89-93; src/shell/MenuBar.cpp (QKeySequence assignments); src/modes/OCRMode.cpp:280-283; src/modes/FormBuilderMode.cpp:51-52
shortcut,Keyboard,QShortcut/QAction shortcuts,Esc,form-escape,FormBuilderMode escape shortcut,true,implemented+available,Form Builder active,Form Builder active,see matching command row,see matching row,None,Cancels placement,see matching row,None,src/GpMainWindow.cpp:405-474; src/shell/Ribbon.cpp:89-93; src/shell/MenuBar.cpp (QKeySequence assignments); src/modes/OCRMode.cpp:280-283; src/modes/FormBuilderMode.cpp:51-52,UI02 acceptance: ribbon/menu/shortcut paths must agree on enablement,,traced-2026-09-09,src/GpMainWindow.cpp:405-474; src/shell/Ribbon.cpp:89-93; src/shell/MenuBar.cpp (QKeySequence assignments); src/modes/OCRMode.cpp:280-283; src/modes/FormBuilderMode.cpp:51-52
