[1/1116] Automatic MOC and UIC for target docmodel
[2/1116] Automatic MOC and UIC for target liblua
[3/1116] Building CXX object src/docmodel/CMakeFiles/docmodel.dir/docmodel_autogen/mocs_compilation.cpp.obj
[4/1116] Building CXX object third_party/CMakeFiles/liblua.dir/liblua_autogen/mocs_compilation.cpp.obj
[5/1116] Building C object third_party/CMakeFiles/liblua.dir/lua-5.4/src/lauxlib.c.obj
[6/1116] Building C object third_party/CMakeFiles/liblua.dir/lua-5.4/src/lapi.c.obj
[7/1116] Building C object third_party/CMakeFiles/liblua.dir/lua-5.4/src/lbaselib.c.obj
[8/1116] Building C object third_party/CMakeFiles/liblua.dir/lua-5.4/src/lcode.c.obj
[9/1116] Building C object third_party/CMakeFiles/liblua.dir/lua-5.4/src/lcorolib.c.obj
[10/1116] Building C object third_party/CMakeFiles/liblua.dir/lua-5.4/src/lctype.c.obj
[11/1116] Building C object third_party/CMakeFiles/liblua.dir/lua-5.4/src/ldblib.c.obj
[12/1116] Building C object third_party/CMakeFiles/liblua.dir/lua-5.4/src/ldebug.c.obj
[13/1116] Building C object third_party/CMakeFiles/liblua.dir/lua-5.4/src/ldo.c.obj
[14/1116] Building C object third_party/CMakeFiles/liblua.dir/lua-5.4/src/ldump.c.obj
[15/1116] Building C object third_party/CMakeFiles/liblua.dir/lua-5.4/src/lfunc.c.obj
[16/1116] Building C object third_party/CMakeFiles/liblua.dir/lua-5.4/src/linit.c.obj
[17/1116] Building C object third_party/CMakeFiles/liblua.dir/lua-5.4/src/lgc.c.obj
[18/1116] Building C object third_party/CMakeFiles/liblua.dir/lua-5.4/src/liolib.c.obj
[19/1116] Building C object third_party/CMakeFiles/liblua.dir/lua-5.4/src/llex.c.obj
[20/1116] Building C object third_party/CMakeFiles/liblua.dir/lua-5.4/src/lmathlib.c.obj
[21/1116] Building C object third_party/CMakeFiles/liblua.dir/lua-5.4/src/lmem.c.obj
[22/1116] Building C object third_party/CMakeFiles/liblua.dir/lua-5.4/src/lobject.c.obj
[23/1116] Building C object third_party/CMakeFiles/liblua.dir/lua-5.4/src/lopcodes.c.obj
[24/1116] Building C object third_party/CMakeFiles/liblua.dir/lua-5.4/src/loslib.c.obj
[25/1116] Building C object third_party/CMakeFiles/liblua.dir/lua-5.4/src/lparser.c.obj
[26/1116] Building C object third_party/CMakeFiles/liblua.dir/lua-5.4/src/lstate.c.obj
[27/1116] Building C object third_party/CMakeFiles/liblua.dir/lua-5.4/src/lstring.c.obj
[28/1116] Building C object third_party/CMakeFiles/liblua.dir/lua-5.4/src/loadlib.c.obj
[29/1116] Building C object third_party/CMakeFiles/liblua.dir/lua-5.4/src/lstrlib.c.obj
[30/1116] Building C object third_party/CMakeFiles/liblua.dir/lua-5.4/src/ltable.c.obj
[31/1116] Building C object third_party/CMakeFiles/liblua.dir/lua-5.4/src/ltm.c.obj
[32/1116] Building C object third_party/CMakeFiles/liblua.dir/lua-5.4/src/ltablib.c.obj
[33/1116] Building C object third_party/CMakeFiles/liblua.dir/lua-5.4/src/lundump.c.obj
[34/1116] Building C object third_party/CMakeFiles/liblua.dir/lua-5.4/src/lutf8lib.c.obj
[35/1116] Building C object third_party/CMakeFiles/liblua.dir/lua-5.4/src/lzio.c.obj
[36/1116] Building C object third_party/CMakeFiles/liblua.dir/lua-5.4/src/lvm.c.obj
[37/1116] Building CXX object src/docmodel/CMakeFiles/docmodel.dir/Inline.cpp.obj
[38/1116] Building CXX object src/docmodel/CMakeFiles/docmodel.dir/Block.cpp.obj
[39/1116] Building CXX object src/docmodel/CMakeFiles/docmodel.dir/SemanticDocument.cpp.obj
[40/1116] Linking CXX static library third_party\libliblua.a
[41/1116] Automatic MOC and UIC for target libjbig2enc
[42/1116] Building CXX object third_party/jbig2enc/CMakeFiles/libjbig2enc.dir/libjbig2enc_autogen/mocs_compilation.cpp.obj
[43/1116] Building CXX object third_party/jbig2enc/CMakeFiles/libjbig2enc.dir/src/jbig2arith.cc.obj
D:/pdf/pdf-litems/third_party/jbig2enc/src/jbig2arith.cc: In function 'void jbig2enc_refine(jbig2enc_ctx*, const uint8_t*, int, int, const uint8_t*, int, int, int, int)':
D:/pdf/pdf-litems/third_party/jbig2enc/src/jbig2arith.cc:605:14: warning: variable 'image_counter' set but not used [-Wunused-but-set-variable=]
  605 |   static int image_counter = 0;
      |              ^~~~~~~~~~~~~
[44/1116] Building CXX object src/docmodel/CMakeFiles/docmodel.dir/DocumentFuzzer.cpp.obj
[45/1116] Linking CXX static library src\docmodel\libdocmodel.a
[46/1116] Automatic MOC and UIC for target pdfws_djot
[47/1116] Building CXX object third_party/jbig2enc/CMakeFiles/libjbig2enc.dir/src/jbig2comparator.cc.obj
[48/1116] Building CXX object src/pdfws_djot/CMakeFiles/pdfws_djot.dir/pdfws_djot_autogen/mocs_compilation.cpp.obj
[49/1116] Building CXX object src/pdfws_djot/CMakeFiles/pdfws_djot.dir/ProvenanceGuard.cpp.obj
[50/1116] Building CXX object src/pdfws_djot/CMakeFiles/pdfws_djot.dir/LuaDjotCodec.cpp.obj
[51/1116] Building CXX object src/pdfws_djot/CMakeFiles/pdfws_djot.dir/DjotToRichTextXhtml.cpp.obj
[52/1116] Building CXX object src/pdfws_djot/CMakeFiles/pdfws_djot.dir/PdfStructureMapper.cpp.obj
[53/1116] Building CXX object third_party/jbig2enc/CMakeFiles/libjbig2enc.dir/src/jbig2sym.cc.obj
[54/1116] Linking CXX static library src\pdfws_djot\libpdfws_djot.a
[55/1116] Automatic MOC and UIC for target pdfws_commands
[56/1116] Building CXX object CMakeFiles/pdfws_commands.dir/pdfws_commands_autogen/mocs_compilation.cpp.obj
[57/1116] Building CXX object third_party/jbig2enc/CMakeFiles/libjbig2enc.dir/src/jbig2enc.cc.obj
[58/1116] Linking CXX static library third_party\jbig2enc\liblibjbig2enc.a
[59/1116] Building CXX object CMakeFiles/pdfws_commands.dir/src/commands/ReorderPermutationCommand.cpp.obj
[60/1116] Automatic MOC and UIC for target pdfws_engines
[61/1116] Building CXX object CMakeFiles/pdfws_commands.dir/src/commands/CropPageCommand.cpp.obj
[62/1116] Building CXX object CMakeFiles/pdfws_commands.dir/src/commands/AutoDetectPlacement.cpp.obj
[63/1116] Linking CXX static library libpdfws_commands.a
[64/1116] Generating glyphpdf_ar.qm
Updating 'D:/pdf/pdf-litems/build-rel/glyphpdf_ar.qm'...
    Generated 0 translation(s) (0 finished and 0 unfinished)
    Ignored 1394 untranslated source text(s)
[65/1116] Generating glyphpdf_de.qm
Updating 'D:/pdf/pdf-litems/build-rel/glyphpdf_de.qm'...
    Generated 0 translation(s) (0 finished and 0 unfinished)
    Ignored 1394 untranslated source text(s)
[66/1116] Generating glyphpdf_fr.qm
Updating 'D:/pdf/pdf-litems/build-rel/glyphpdf_fr.qm'...
    Generated 0 translation(s) (0 finished and 0 unfinished)
    Ignored 1394 untranslated source text(s)
[67/1116] Building CXX object CMakeFiles/pdfws_engines.dir/cmake_pch.hxx.gch
[68/1116] Automatic MOC and UIC for target TestInterfaces
[69/1116] Building CXX object CMakeFiles/pdfws_engines.dir/src/core/AnnotationSerializer.cpp.obj
[70/1116] Building CXX object CMakeFiles/pdfws_engines.dir/src/core/ErrorInfo.cpp.obj
[71/1116] Building CXX object CMakeFiles/pdfws_engines.dir/pdfws_engines_autogen/mocs_compilation.cpp.obj
[72/1116] Building CXX object CMakeFiles/pdfws_engines.dir/src/core/PageLabels.cpp.obj
[73/1116] Building CXX object CMakeFiles/pdfws_engines.dir/src/core/Capability.cpp.obj
[74/1116] Building CXX object CMakeFiles/pdfws_engines.dir/src/core/FormStaleFieldTracker.cpp.obj
[75/1116] Building CXX object CMakeFiles/pdfws_engines.dir/src/core/PolicyController.cpp.obj
[76/1116] Building CXX object CMakeFiles/pdfws_engines.dir/src/core/TempFileManager.cpp.obj
[77/1116] Building CXX object CMakeFiles/pdfws_engines.dir/src/core/CredentialManager.cpp.obj
[78/1116] Building CXX object CMakeFiles/pdfws_engines.dir/src/core/VersionedJson.cpp.obj
[79/1116] Building CXX object CMakeFiles/pdfws_engines.dir/src/core/BatchPreset.cpp.obj
[80/1116] Building CXX object CMakeFiles/pdfws_engines.dir/src/core/EncryptedFileSecretStore.cpp.obj
D:/pdf/pdf-litems/src/core/EncryptedFileSecretStore.cpp:70:6: warning: 'bool {anonymous}::permsAreOwnerOnlyFile(const QString&)' defined but not used [-Wunused-function]
   70 | bool permsAreOwnerOnlyFile(const QString& path)
      |      ^~~~~~~~~~~~~~~~~~~~~
[81/1116] Building CXX object CMakeFiles/pdfws_engines.dir/src/engines/OcrEngine.cpp.obj
[82/1116] Building CXX object CMakeFiles/pdfws_engines.dir/src/engines/FormManager.cpp.obj
[83/1116] Building CXX object CMakeFiles/pdfws_engines.dir/src/engines/SafeSave.cpp.obj
[84/1116] Building CXX object CMakeFiles/pdfws_engines.dir/src/engines/PdfEditorEngine.cpp.obj
[85/1116] Building CXX object CMakeFiles/pdfws_engines.dir/src/engines/SevenZipLocator.cpp.obj
[86/1116] Building CXX object CMakeFiles/pdfws_engines.dir/src/engines/AccessibilityChecker.cpp.obj
[87/1116] Building CXX object CMakeFiles/pdfws_engines.dir/src/engines/AccessibilityFixes.cpp.obj
[88/1116] Building CXX object CMakeFiles/pdfws_engines.dir/src/engines/formjs/AFormShim.cpp.obj
[89/1116] Building CXX object CMakeFiles/pdfws_engines.dir/src/engines/formjs/FormJsSandbox.cpp.obj
D:/pdf/pdf-litems/src/engines/formjs/FormJsSandbox.cpp: In member function 'gp::formjs::JsEvalResult gp::formjs::FormJsSandbox::runScriptedEvent(const QString&, const QString&, const QString&, const QJsonObject&, int)':
D:/pdf/pdf-litems/src/engines/formjs/FormJsSandbox.cpp:522:40: warning: comparison of integer expressions of different signedness: 'int64_t' {aka 'long long int'} and 'size_t' {aka 'long long unsigned int'} [-Wsign-compare]
  522 |                     if (mu.malloc_size >= size_t(m_limits.memoryLimitBytes * 0.9)) {
      |                         ~~~~~~~~~~~~~~~^~~~~~~~~~~~~~~~~~~~~~~~~~~~~~~~~~~~~~~~~~
[90/1116] Building CXX object CMakeFiles/pdfws_engines.dir/src/engines/formjs/FormJsRunner.cpp.obj
D:/pdf/pdf-litems/src/engines/formjs/FormJsRunner.cpp:40:24: warning: 'PoDoFo::PdfDictionary& gp::formjs::{anonymous}::fieldDict(PoDoFo::PdfField&)' defined but not used [-Wunused-function]
   40 | PoDoFo::PdfDictionary& fieldDict(PoDoFo::PdfField& f) { return f.GetDictionary(); }
      |                        ^~~~~~~~~
[91/1116] Building CXX object CMakeFiles/pdfws_engines.dir/src/engines/AccessibilityTagger.cpp.obj
D:/pdf/pdf-litems/src/engines/AccessibilityTagger.cpp: In function 'std::map<int, std::map<int, gp::{anonymous}::GroupEdge> > gp::{anonymous}::assignGroups(WalkOutput&, QList<ElementRec>&)':
D:/pdf/pdf-litems/src/engines/AccessibilityTagger.cpp:1269:18: warning: comparison of integer expressions of different signedness: 'size_t' {aka 'long long unsigned int'} and 'qsizetype' {aka 'long long int'} [-Wsign-compare]
 1269 |         while (i < evs.size()) {
      |                ~~^~~~~~~~~~~~
D:/pdf/pdf-litems/src/engines/AccessibilityTagger.cpp:1272:26: warning: comparison of integer expressions of different signedness: 'size_t' {aka 'long long unsigned int'} and 'qsizetype' {aka 'long long int'} [-Wsign-compare]
 1272 |             while (j + 1 < evs.size()
      |                    ~~~~~~^~~~~~~~~~~~
D:/pdf/pdf-litems/src/engines/AccessibilityTagger.cpp: At global scope:
D:/pdf/pdf-litems/src/engines/AccessibilityTagger.cpp:127:5: warning: 'gp::{anonymous}::Mat gp::{anonymous}::dictMatrix(const PoDoFo::PdfDictionary&, const char*)' defined but not used [-Wunused-function]
  127 | Mat dictMatrix(const PdfDictionary& dict, const char* key) {
      |     ^~~~~~~~~~
[92/1116] Building CXX object CMakeFiles/pdfws_engines.dir/src/engines/RedactOperation.cpp.obj
[93/1116] Building CXX object CMakeFiles/pdfws_engines.dir/src/core/RedactionProof.cpp.obj
D:/pdf/pdf-litems/src/core/RedactionProof.cpp: In function 'QString gp::RedactionProof::{anonymous}::sha256Hex(const QString&, qint64*)':
D:/pdf/pdf-litems/src/core/RedactionProof.cpp:49:21: warning: 'void QCryptographicHash::addData(const char*, qsizetype)' is deprecated: Use the QByteArrayView overload instead [-Wdeprecated-declarations]
   49 |         hash.addData(buf, int(n));
      |         ~~~~~~~~~~~~^~~~~~~~~~~~~
In file included from C:/msys64/ucrt64/include/qt6/QtCore/QCryptographicHash:1,
                 from D:/pdf/pdf-litems/src/core/RedactionProof.cpp:4:
C:/msys64/ucrt64/include/qt6/QtCore/qcryptographichash.h:77:10: note: declared here
   77 |     void addData(const char *data, qsizetype length);
      |          ^~~~~~~
In file included from C:/msys64/ucrt64/include/qt6/QtCore/qstringview.h:11,
                 from C:/msys64/ucrt64/include/qt6/QtCore/qchar.h:730,
                 from C:/msys64/ucrt64/include/qt6/QtCore/qstring.h:15,
                 from C:/msys64/ucrt64/include/qt6/QtCore/QString:1,
                 from D:/pdf/pdf-litems/build-rel/CMakeFiles/pdfws_engines.dir/cmake_pch.hxx:5,
                 from <command-line>:
D:/pdf/pdf-litems/src/core/RedactionProof.cpp: In function 'bool gp::RedactionProof::{anonymous}::hasCompressedContainerSignature(const QByteArray&)':
D:/pdf/pdf-litems/src/core/RedactionProof.cpp:370:27: warning: hex escape sequence out of range
  370 |         QByteArrayLiteral("\xfd7zXZ\x00"),
      |                           ^~~~~~~~~~~~~~
D:/pdf/pdf-litems/src/core/RedactionProof.cpp:370:27: warning: hex escape sequence out of range
  370 |         QByteArrayLiteral("\xfd7zXZ\x00"),
      |                           ^~~~~~~~~~~~~~
[94/1116] Building CXX object CMakeFiles/pdfws_engines.dir/src/core/SigningRequestModel.cpp.obj
[95/1116] Building CXX object CMakeFiles/pdfws_engines.dir/src/engines/SignatureManager.cpp.obj
[96/1116] Building CXX object CMakeFiles/pdfws_engines.dir/src/core/SigningLabels.cpp.obj
[97/1116] Building CXX object CMakeFiles/pdfws_engines.dir/src/core/SigningRequestRunner.cpp.obj
[98/1116] Building CXX object CMakeFiles/pdfws_engines.dir/src/engines/SignatureFieldCreator.cpp.obj
[99/1116] Building CXX object CMakeFiles/pdfws_engines.dir/src/engines/DocumentSession.cpp.obj
[100/1116] Building CXX object CMakeFiles/pdfws_engines.dir/src/engines/ConversionManager.cpp.obj
[101/1116] Building CXX object CMakeFiles/pdfws_engines.dir/src/engines/AutosaveManager.cpp.obj
[102/1116] Building CXX object CMakeFiles/pdfws_engines.dir/src/engines/BackendRouter.cpp.obj
[103/1116] Building CXX object CMakeFiles/pdfws_engines.dir/src/engines/PatternRedactor.cpp.obj
[104/1116] Building CXX object CMakeFiles/pdfws_engines.dir/src/engines/TextMatchFinder.cpp.obj
D:/pdf/pdf-litems/src/engines/TextMatchFinder.cpp: In static member function 'static QList<QRectF> TextMatchFinder::lineRectsInRegion(const QString&, int, const QRectF&, MatchBudget*)':
D:/pdf/pdf-litems/src/engines/TextMatchFinder.cpp:294:18: warning: unused variable 'effectiveBudget' [-Wunused-variable]
  294 |     MatchBudget* effectiveBudget = budget ? budget : &defaultBudget;
      |                  ^~~~~~~~~~~~~~~
[105/1116] Building CXX object CMakeFiles/pdfws_engines.dir/src/engines/ReviewSummaryWriter.cpp.obj
[106/1116] Building CXX object CMakeFiles/pdfws_engines.dir/src/engines/A11yReportWriter.cpp.obj
[107/1116] Building CXX object CMakeFiles/pdfws_engines.dir/src/engines/HeadingOutlineDetector.cpp.obj
[108/1116] Building CXX object CMakeFiles/pdfws_engines.dir/src/engines/podofo/PdfStringEscape.cpp.obj
[109/1116] Building CXX object CMakeFiles/pdfws_engines.dir/src/core/StampLibrary.cpp.obj
D:/pdf/pdf-litems/src/core/StampLibrary.cpp: In static member function 'static QList<StampTemplate> StampLibrary::builtIns()':
D:/pdf/pdf-litems/src/core/StampLibrary.cpp:26:5: warning: missing initializer for member 'StampTemplate::imagePath' [-Wmissing-field-initializers]
   26 |     };
      |     ^
D:/pdf/pdf-litems/src/core/StampLibrary.cpp:26:5: warning: missing initializer for member 'StampTemplate::imagePath' [-Wmissing-field-initializers]
D:/pdf/pdf-litems/src/core/StampLibrary.cpp:26:5: warning: missing initializer for member 'StampTemplate::imagePath' [-Wmissing-field-initializers]
D:/pdf/pdf-litems/src/core/StampLibrary.cpp:26:5: warning: missing initializer for member 'StampTemplate::imagePath' [-Wmissing-field-initializers]
D:/pdf/pdf-litems/src/core/StampLibrary.cpp:26:5: warning: missing initializer for member 'StampTemplate::imagePath' [-Wmissing-field-initializers]
[110/1116] Building CXX object CMakeFiles/pdfws_engines.dir/src/engines/podofo/GlyphAdvanceCalculator.cpp.obj
[111/1116] Building CXX object CMakeFiles/pdfws_engines.dir/src/engines/podofo/FontSubsetter.cpp.obj
D:/pdf/pdf-litems/src/engines/podofo/FontSubsetter.cpp: In function 'bool gp::fontsubset::blankUnusedGlyphs(const unsigned char*, size_t, const QSet<unsigned int>&, QByteArray&)':
D:/pdf/pdf-litems/src/engines/podofo/FontSubsetter.cpp:674:26: warning: comparison of integer expressions of different signedness: 'size_t' {aka 'long long unsigned int'} and 'qsizetype' {aka 'long long int'} [-Wsign-compare]
  674 |     for (size_t i = 0; i < ctx.tables.size(); ++i) {
      |                        ~~^~~~~~~~~~~~~~~~~~~
[112/1116] Building CXX object CMakeFiles/pdfws_engines.dir/src/engines/podofo/ContentSpans.cpp.obj
D:/pdf/pdf-litems/src/engines/podofo/ContentSpans.cpp:344:5: warning: 'int gp::content::{anonymous}::innermostBlockOpen(const QList<gp::content::Token>&, int)' defined but not used [-Wunused-function]
  344 | int innermostBlockOpen(const QList<Token> &toks, int at)
      |     ^~~~~~~~~~~~~~~~~~
[113/1116] Building CXX object CMakeFiles/pdfws_engines.dir/src/engines/podofo/PdfEncryptPubSec.cpp.obj
[114/1116] Building CXX object CMakeFiles/pdfws_engines.dir/src/engines/podofo/PdfPageOps.cpp.obj
[115/1116] Building CXX object CMakeFiles/pdfws_engines.dir/src/engines/podofo/PoDoFoBackend.cpp.obj
[116/1116] Building CXX object CMakeFiles/pdfws_engines.dir/src/engines/pdfium/PdfiumEnvironment.cpp.obj
[117/1116] Building CXX object CMakeFiles/pdfws_engines.dir/src/engines/pdfium/PdfiumBackend.cpp.obj
[118/1116] Building CXX object CMakeFiles/pdfws_engines.dir/src/engines/qpdf/QpdfBackend.cpp.obj
[119/1116] Building CXX object CMakeFiles/pdfws_engines.dir/src/engines/DiffEngine.cpp.obj
[120/1116] Building CXX object CMakeFiles/pdfws_engines.dir/src/engines/MyersDiff.cpp.obj
[121/1116] Building CXX object CMakeFiles/pdfws_engines.dir/src/engines/RenderCache.cpp.obj
[122/1116] Building CXX object CMakeFiles/pdfws_engines.dir/src/engines/VeraPdfValidator.cpp.obj
[123/1116] Building CXX object CMakeFiles/pdfws_engines.dir/src/engines/ocr/PpDocLayoutDetector.cpp.obj
D:/pdf/pdf-litems/src/engines/ocr/PpDocLayoutDetector.cpp:45:12: warning: 'RegionType {anonymous}::classToRegionType(int)' defined but not used [-Wunused-function]
   45 | RegionType classToRegionType(int classIdx)
      |            ^~~~~~~~~~~~~~~~~
[124/1116] Building CXX object CMakeFiles/pdfws_engines.dir/src/engines/ocr/SuryaDetector.cpp.obj
[125/1116] Building CXX object CMakeFiles/pdfws_engines.dir/src/engines/scheduling/LaneScheduler.cpp.obj
[126/1116] Building CXX object CMakeFiles/pdfws_engines.dir/src/engines/ocr/OcrPreprocessor.cpp.obj
[127/1116] Building CXX object CMakeFiles/pdfws_engines.dir/src/engines/ocr/LayoutEnsemble.cpp.obj
[128/1116] Building CXX object CMakeFiles/pdfws_engines.dir/src/engines/ocr/OcrPipeline.cpp.obj
[129/1116] Building CXX object CMakeFiles/pdfws_engines.dir/src/engines/ocr/PpOcrDecoder.cpp.obj
[130/1116] Building CXX object CMakeFiles/pdfws_engines.dir/src/engines/ocr/OcrDjotMapper.cpp.obj
[131/1116] Building CXX object CMakeFiles/pdfws_engines.dir/src/engines/ocr/RapidOcrEngine.cpp.obj
[132/1116] Building CXX object CMakeFiles/pdfws_engines.dir/src/engines/conversion/DjvuImporter.cpp.obj
[133/1116] Automatic MOC and UIC for target TestSignatureValidationMock
[134/1116] Automatic MOC and UIC for target TestChain1
[135/1116] Building CXX object CMakeFiles/pdfws_engines.dir/src/engines/mrc/MrcPageProcessor.cpp.obj
[136/1116] Linking CXX static library libpdfws_engines.a
[137/1116] Automatic MOC and UIC for target TestPageLabels
[138/1116] Automatic MOC and UIC for target UnitTests
[139/1116] Automatic MOC and UIC for target TestExpiryInterface
[140/1116] Automatic MOC and UIC for target SmokeTest
[141/1116] Automatic MOC and UIC for target TestSanitization
[142/1116] Automatic MOC and UIC for target TestSanitizeTrailerUaf
[143/1116] Automatic MOC and UIC for target TestAutosave
[144/1116] Automatic MOC and UIC for target pdfws_ui
[145/1116] Automatic RCC for resources/commands.qrc
[146/1116] Automatic MOC and UIC for target TestRobustness
[147/1116] Building CXX object CMakeFiles/pdfws_ui.dir/src/shell/RibbonModel.cpp.obj
[148/1116] Building CXX object CMakeFiles/pdfws_ui.dir/cmake_pch.hxx.gch
[149/1116] Building CXX object CMakeFiles/pdfws_ui.dir/src/modes/OCRMode.cpp.obj
D:/pdf/pdf-litems/src/modes/OCRMode.cpp: In member function 'void gp::OCRMode::updateInfoStrip()':
D:/pdf/pdf-litems/src/modes/OCRMode.cpp:1697:9: warning: variable 'verifiedCount' set but not used [-Wunused-but-set-variable=]
 1697 |     int verifiedCount = 0;
      |         ^~~~~~~~~~~~~
[150/1116] Building CXX object CMakeFiles/pdfws_ui.dir/src/ui/PdfViewerWidget.cpp.obj
[151/1116] Building CXX object CMakeFiles/pdfws_ui.dir/src/ui/EditAnnotationCommand.cpp.obj
[152/1116] Building CXX object CMakeFiles/pdfws_ui.dir/pdfws_ui_autogen/mocs_compilation.cpp.obj
[153/1116] Building CXX object CMakeFiles/pdfws_ui.dir/src/ui/PrintJob.cpp.obj
[154/1116] Building CXX object CMakeFiles/pdfws_ui.dir/src/ui/WelcomeWidget.cpp.obj
[155/1116] Building CXX object CMakeFiles/pdfws_ui.dir/src/ui/FindBar.cpp.obj
[156/1116] Building CXX object CMakeFiles/pdfws_ui.dir/src/ui/FindReplaceDialog.cpp.obj
[157/1116] Building CXX object CMakeFiles/pdfws_ui.dir/src/ui/StampLibraryDialog.cpp.obj
[158/1116] Building CXX object CMakeFiles/pdfws_ui.dir/src/ui/ResizeDialog.cpp.obj
[159/1116] Building CXX object CMakeFiles/pdfws_ui.dir/src/ui/HeaderFooterDialog.cpp.obj
[160/1116] Building CXX object CMakeFiles/pdfws_ui.dir/src/ui/AutoBookmarkDialog.cpp.obj
[161/1116] Building CXX object CMakeFiles/pdfws_ui.dir/src/ui/BatesNumberingDialog.cpp.obj
[162/1116] Building CXX object CMakeFiles/pdfws_ui.dir/src/ui/EditToolBar.cpp.obj
[163/1116] Building CXX object CMakeFiles/pdfws_ui.dir/src/ui/CompareWidget.cpp.obj
[164/1116] Building CXX object CMakeFiles/pdfws_ui.dir/src/ui/InspectorWidget.cpp.obj
[165/1116] Building CXX object CMakeFiles/pdfws_ui.dir/src/ui/BookmarkPanel.cpp.obj
[166/1116] Building CXX object CMakeFiles/pdfws_ui.dir/src/ui/DocumentPropertiesWidget.cpp.obj
[167/1116] Building CXX object CMakeFiles/pdfws_ui.dir/src/ui/SignaturesWidget.cpp.obj
[168/1116] Building CXX object CMakeFiles/pdfws_ui.dir/src/ui/CommentsWidget.cpp.obj
[169/1116] Building CXX object CMakeFiles/pdfws_ui.dir/src/ui/PageManagementDialog.cpp.obj
[170/1116] Building CXX object CMakeFiles/pdfws_ui.dir/src/ui/EncryptionDialog.cpp.obj
[171/1116] Building CXX object CMakeFiles/pdfws_ui.dir/src/ui/PermissionsDialog.cpp.obj
[172/1116] Building CXX object CMakeFiles/pdfws_ui.dir/src/ui/SignatureDialog.cpp.obj
[173/1116] Building CXX object CMakeFiles/pdfws_ui.dir/src/ui/SigningRequestDialog.cpp.obj
[174/1116] Building CXX object CMakeFiles/pdfws_ui.dir/src/ui/SigningProgressPanel.cpp.obj
[175/1116] Building CXX object CMakeFiles/pdfws_ui.dir/src/ui/RecipientPickerDialog.cpp.obj
[176/1116] Building CXX object CMakeFiles/pdfws_ui.dir/src/ui/SignaturePicker.cpp.obj
[177/1116] Building CXX object CMakeFiles/pdfws_ui.dir/src/ui/OcspConsentDialog.cpp.obj
[178/1116] Building CXX object CMakeFiles/pdfws_ui.dir/src/ui/SanitizeSummaryDialog.cpp.obj
[179/1116] Building CXX object CMakeFiles/pdfws_ui.dir/src/ui/MetadataDialog.cpp.obj
[180/1116] Building CXX object CMakeFiles/pdfws_ui.dir/src/ui/AnnotationLayer.cpp.obj
[181/1116] Building CXX object CMakeFiles/pdfws_ui.dir/src/ui/ThumbnailSidebar.cpp.obj
[182/1116] Building CXX object CMakeFiles/pdfws_ui.dir/src/ui/ShortcutHelpDialog.cpp.obj
[183/1116] Building CXX object CMakeFiles/pdfws_ui.dir/src/ui/UpdateDialog.cpp.obj
[184/1116] Building CXX object CMakeFiles/pdfws_ui.dir/src/ui/RecoveryDialog.cpp.obj
[185/1116] Building CXX object CMakeFiles/pdfws_ui.dir/src/ui/PreferencesDialog.cpp.obj
[186/1116] Building CXX object CMakeFiles/pdfws_ui.dir/src/ui/ErrorDialog.cpp.obj
[187/1116] Building CXX object CMakeFiles/pdfws_ui.dir/src/ui/PageSetupDialog.cpp.obj
[188/1116] Building CXX object CMakeFiles/pdfws_ui.dir/src/ui/ExportPresetsPanel.cpp.obj
[189/1116] Building CXX object CMakeFiles/pdfws_ui.dir/src/core/SupportBundle.cpp.obj
[190/1116] Building CXX object CMakeFiles/pdfws_ui.dir/src/core/UpdateChecker.cpp.obj
[191/1116] Building CXX object CMakeFiles/pdfws_ui.dir/src/core/NetworkTouchpoints.cpp.obj
[192/1116] Building CXX object CMakeFiles/pdfws_ui.dir/src/core/ToolId.cpp.obj
[193/1116] Building CXX object CMakeFiles/pdfws_ui.dir/src/core/CommandRegistry.cpp.obj
[194/1116] Building CXX object CMakeFiles/pdfws_ui.dir/src/shell/ToolRegistry.cpp.obj
[195/1116] Building CXX object CMakeFiles/pdfws_ui.dir/src/shell/controllers/HomeController.cpp.obj
[196/1116] Building CXX object CMakeFiles/pdfws_ui.dir/src/GpMainWindow.cpp.obj
[197/1116] Building CXX object CMakeFiles/pdfws_ui.dir/src/shell/controllers/ViewController.cpp.obj
[198/1116] Building CXX object CMakeFiles/pdfws_ui.dir/src/shell/controllers/PagesController.cpp.obj
[199/1116] Building CXX object CMakeFiles/pdfws_ui.dir/src/shell/controllers/EditController.cpp.obj
[200/1116] Building CXX object CMakeFiles/pdfws_ui.dir/src/shell/controllers/FormsController.cpp.obj
[201/1116] Building CXX object CMakeFiles/pdfws_ui.dir/src/shell/controllers/ConvertController.cpp.obj
[202/1116] Building CXX object CMakeFiles/pdfws_ui.dir/src/shell/controllers/CertEncryptController.cpp.obj
[203/1116] Building CXX object CMakeFiles/pdfws_ui.dir/src/shell/controllers/SecurityController.cpp.obj
[204/1116] Building CXX object CMakeFiles/pdfws_ui.dir/src/shell/controllers/SendForSigningController.cpp.obj
[205/1116] Building CXX object CMakeFiles/pdfws_ui.dir/src/shell/controllers/TaskNavController.cpp.obj
[206/1116] Building CXX object CMakeFiles/pdfws_ui.dir/src/util/Icons.cpp.obj
[207/1116] Building CXX object CMakeFiles/pdfws_ui.dir/src/util/Badge.cpp.obj
[208/1116] Building CXX object CMakeFiles/pdfws_ui.dir/src/util/Slider.cpp.obj
[209/1116] Building CXX object CMakeFiles/pdfws_ui.dir/src/shell/Ribbon.cpp.obj
[210/1116] Building CXX object CMakeFiles/pdfws_ui.dir/src/shell/MenuBar.cpp.obj
[211/1116] Building CXX object CMakeFiles/pdfws_ui.dir/src/shell/ScreenNav.cpp.obj
[212/1116] Building CXX object CMakeFiles/pdfws_ui.dir/src/shell/FlowToolbarLayout.cpp.obj
[213/1116] Building CXX object CMakeFiles/pdfws_ui.dir/src/shell/StatusBar.cpp.obj
[214/1116] Building CXX object CMakeFiles/pdfws_ui.dir/src/shell/ModeStrip.cpp.obj
[215/1116] Building CXX object CMakeFiles/pdfws_ui.dir/src/shell/TaskNav.cpp.obj
[216/1116] Building CXX object CMakeFiles/pdfws_ui.dir/src/shell/TaskStateSync.cpp.obj
[217/1116] Building CXX object CMakeFiles/pdfws_ui.dir/src/shell/Sidebar.cpp.obj
[218/1116] Building CXX object CMakeFiles/pdfws_ui.dir/src/modes/OcrConfidence.cpp.obj
[219/1116] Building CXX object CMakeFiles/pdfws_ui.dir/src/ui/OcrScanCanvas.cpp.obj
D:/pdf/pdf-litems/src/ui/OcrScanCanvas.cpp:16:13: warning: 'gp::{anonymous}::kPaper' defined but not used [-Wunused-variable]
   16 | const char* kPaper = "#f4f1ea";
      |             ^~~~~~
[220/1116] Building CXX object CMakeFiles/pdfws_ui.dir/src/ui/OcrWordMagnifier.cpp.obj
[221/1116] Building CXX object CMakeFiles/pdfws_ui.dir/src/modes/ModeController.cpp.obj
[222/1116] Building CXX object CMakeFiles/pdfws_ui.dir/src/modes/RedactApplyDialog.cpp.obj
[223/1116] Building CXX object CMakeFiles/pdfws_ui.dir/src/modes/RedactMode.cpp.obj
[224/1116] Building CXX object CMakeFiles/pdfws_ui.dir/src/modes/CompareMode.cpp.obj
[225/1116] Building CXX object CMakeFiles/pdfws_ui.dir/src/modes/PagesMode.cpp.obj
[226/1116] Building CXX object CMakeFiles/pdfws_ui.dir/src/modes/HotFolderController.cpp.obj
[227/1116] Building CXX object CMakeFiles/pdfws_ui.dir/src/ui/PresetManagerDialog.cpp.obj
[228/1116] Building CXX object CMakeFiles/pdfws_ui.dir/src/ui/PresetEditorDialog.cpp.obj
[229/1116] Building CXX object CMakeFiles/pdfws_ui.dir/src/modes/FormBuilderMode.cpp.obj
[230/1116] Building CXX object CMakeFiles/pdfws_ui.dir/src/modes/FormFieldPropertiesPanel.cpp.obj
[231/1116] Building CXX object CMakeFiles/pdfws_ui.dir/src/modes/AIChatPanel.cpp.obj
[232/1116] Building CXX object CMakeFiles/pdfws_ui.dir/src/modes/BatchMode.cpp.obj
[233/1116] Building CXX object CMakeFiles/pdfws_ui.dir/src/modes/SignaturesPanel.cpp.obj
[234/1116] Building CXX object CMakeFiles/pdfws_ui.dir/src/engines/ai/OllamaProvider.cpp.obj
[235/1116] Building CXX object CMakeFiles/pdfws_ui.dir/src/modes/AccessibilityPanel.cpp.obj
[236/1116] Building CXX object CMakeFiles/pdfws_ui.dir/src/modes/PdfAValidationPanel.cpp.obj
[237/1116] Building CXX object CMakeFiles/pdfws_ui.dir/src/modes/MeasureMode.cpp.obj
[238/1116] Building CXX object CMakeFiles/pdfws_ui.dir/src/modes/WatermarkDialog.cpp.obj
[239/1116] Building CXX object CMakeFiles/pdfws_ui.dir/pdfws_ui_autogen/3YJK5W5UP7/qrc_commands.cpp.obj
[240/1116] Building CXX object CMakeFiles/pdfws_ui.dir/src/modes/CompressDialog.cpp.obj
[241/1116] Linking CXX static library libpdfws_ui.a
[242/1116] Automatic MOC and UIC for target PdfWorkstation
[243/1116] Automatic MOC and UIC for target TestSecretStore
[244/1116] Automatic MOC and UIC for target TestViewParity
[245/1116] Automatic MOC and UIC for target TestSanitizeSelective
[246/1116] Automatic MOC and UIC for target TestDocumentIdentity
[247/1116] Automatic MOC and UIC for target TestBatesBatchSafety
[248/1116] Automatic MOC and UIC for target TestRecoverySave
[249/1116] Automatic MOC and UIC for target TestSidecarReopenState
[250/1116] Automatic MOC and UIC for target TestReadOnlyGate
[251/1116] Automatic MOC and UIC for target TestSignatureValidation
[252/1116] Automatic MOC and UIC for target TestSignatureRealCrypto
[253/1116] Automatic MOC and UIC for target TestSendForSigning
[254/1116] Automatic MOC and UIC for target TestEraseSignedGuard
[255/1116] Automatic MOC and UIC for target TestSignatureAppearance
[256/1116] Automatic MOC and UIC for target TestOptimizeSignedGuard
[257/1116] Automatic MOC and UIC for target TestImageDedup
[258/1116] Automatic MOC and UIC for target TestRedaction
[259/1116] Automatic MOC and UIC for target TestDedupSMask
[260/1116] Automatic MOC and UIC for target TestCompressJpegReencode
[261/1116] Automatic MOC and UIC for target TestOptimizeEstimate
[262/1116] Automatic MOC and UIC for target TestFontSubset
[263/1116] Automatic MOC and UIC for target TestLayoutEnsemble
[264/1116] Automatic MOC and UIC for target TestOcrPipeline
[265/1116] Automatic MOC and UIC for target TestOcrReviewLifecycle
[266/1116] Automatic MOC and UIC for target TestOcrRegionReocr
[267/1116] Automatic MOC and UIC for target TestOcrVerifyNavigation
[268/1116] Automatic MOC and UIC for target TestOcrOutputMode
[269/1116] Automatic MOC and UIC for target TestOcrVerifyPort
[270/1116] Automatic MOC and UIC for target TestOcrPreprocessor
[271/1116] Automatic MOC and UIC for target TestOcrDjotMapper
[272/1116] Automatic MOC and UIC for target TestThreadSafety
[273/1116] Automatic MOC and UIC for target TestEncryption
[274/1116] Automatic MOC and UIC for target TestResourceLimits
[275/1116] Automatic MOC and UIC for target TestControllers
[276/1116] Automatic MOC and UIC for target TestSevenZipBundle
[277/1116] Automatic MOC and UIC for target TestRibbonIntegrity
[278/1116] Automatic MOC and UIC for target TestMenuBarIntegrity
[279/1116] Automatic MOC and UIC for target TestCommandBinding
[280/1116] Automatic MOC and UIC for target TestWelcomeRoutes
[281/1116] Automatic MOC and UIC for target TestSweepW3UxFlows
[282/1116] Automatic MOC and UIC for target TestUiAccessibility
[283/1116] Automatic MOC and UIC for target TestIntegration
[284/1116] Automatic MOC and UIC for target TestPerformance
[285/1116] Automatic MOC and UIC for target TestVeraPdf
[286/1116] Automatic MOC and UIC for target TestReadingOrderAsync
[287/1116] Automatic MOC and UIC for target TestAccessibilityChecker
[288/1116] Automatic MOC and UIC for target TestAccessibilityPanel
[289/1116] Automatic MOC and UIC for target TestAccessibilityFixes
[290/1116] Automatic MOC and UIC for target TestA11yReportWriter
[291/1116] Automatic MOC and UIC for target TestLaneScheduler
[292/1116] Automatic MOC and UIC for target TestAccessibilityTagger
[293/1116] Automatic MOC and UIC for target TestFormBuilder
[294/1116] Automatic MOC and UIC for target TestFormPersistence
[295/1116] Automatic MOC and UIC for target TestCompareEntry
[296/1116] Automatic MOC and UIC for target TestCompareIntegration
[297/1116] Automatic MOC and UIC for target TestPagesMode
[298/1116] Automatic MOC and UIC for target TestBatchMode
[299/1116] Automatic MOC and UIC for target TestBatchPresets
[300/1116] Automatic MOC and UIC for target TestBatchPresetsP2
[301/1116] Automatic MOC and UIC for target TestBatchOcrLanguage
[302/1116] Automatic MOC and UIC for target TestHotFolder
[303/1116] Automatic MOC and UIC for target TestOcrPreprocessPrefs
[304/1116] Automatic MOC and UIC for target TestBatchOcrSkipText
[305/1116] Automatic MOC and UIC for target TestOpenRouting
[306/1116] Automatic MOC and UIC for target TestBatesCrossDoc
[307/1116] Automatic MOC and UIC for target TestBatchOpsCoverage
[308/1116] Automatic MOC and UIC for target TestExcisionCorruption
[309/1116] Automatic MOC and UIC for target TestPdfACidSetSafety
[310/1116] Automatic MOC and UIC for target TestReadingOrderThreshold
[311/1116] Automatic MOC and UIC for target TestReadingOrderMcid
[312/1116] Automatic MOC and UIC for target TestReadingOrderDepthCap
[313/1116] Automatic MOC and UIC for target TestLinkBookmarkRoundTrip
[314/1116] Automatic MOC and UIC for target TestSignatureSessionCache
[315/1116] Automatic MOC and UIC for target TestCapabilityRegistry
[316/1116] Automatic MOC and UIC for target TestXfaHonestyBanner
[317/1116] Automatic MOC and UIC for target TestTaskNavRegistry
[318/1116] Automatic MOC and UIC for target TestScreenStateSync
[319/1116] Automatic MOC and UIC for target TestRibbonCollapse
[320/1116] Automatic MOC and UIC for target TestModeStripPins
[321/1116] Automatic MOC and UIC for target TestStatusBarSlim
[322/1116] Automatic MOC and UIC for target TestCommentsReview
[323/1116] Automatic MOC and UIC for target TestWelcomeLayout
[324/1116] Automatic MOC and UIC for target TestSignatureBadges
[325/1116] Automatic MOC and UIC for target TestBatchOcrConfidence
[326/1116] Automatic MOC and UIC for target TestInspector
[327/1116] Automatic MOC and UIC for target TestPatternRedact
[328/1116] Automatic MOC and UIC for target TestFindReplace
[329/1116] Automatic MOC and UIC for target TestReviewSummary
[330/1116] Automatic MOC and UIC for target TestPrintableSummary
[331/1116] Automatic MOC and UIC for target TestDynamicStamps
[332/1116] Automatic MOC and UIC for target TestStampImageImport
[333/1116] Automatic MOC and UIC for target TestAutoBookmarks
[334/1116] Automatic MOC and UIC for target TestDjotRoundtrip
[335/1116] Automatic MOC and UIC for target TestDjotFuzz
[336/1116] Automatic MOC and UIC for target TestUpdateChecker
[337/1116] Automatic MOC and UIC for target TestOcrLanguage
[338/1116] Automatic MOC and UIC for target TestWatermarkFont
[339/1116] Automatic MOC and UIC for target TestRedactClearMarks
[340/1116] Automatic MOC and UIC for target TestLinkSchemeSafety
[341/1116] Automatic MOC and UIC for target TestThumbnailZoom
[342/1116] Automatic MOC and UIC for target TestThumbnailOffGui
[343/1116] Automatic MOC and UIC for target TestMergeSuccess
[344/1116] Automatic MOC and UIC for target TestFillFormLock
[345/1116] Automatic MOC and UIC for target TestFillFormNoOp
[346/1116] Automatic MOC and UIC for target TestReadingOrderInheritance
[347/1116] Automatic MOC and UIC for target TestShapeInkPersistence
[348/1116] Automatic MOC and UIC for target TestQuadPointsMarkup
[349/1116] Automatic MOC and UIC for target TestMeasurePanelHonesty
[350/1116] Automatic MOC and UIC for target TestMeasureCore
[351/1116] Automatic MOC and UIC for target TestMeasureRoundTrip
[352/1116] Automatic MOC and UIC for target TestLegacyOriginSpace
[353/1116] Automatic MOC and UIC for target TestMeasureCsvExport
[354/1116] Automatic MOC and UIC for target TestCompressStripSanitize
[355/1116] Automatic MOC and UIC for target TestCompressDialogHonesty
[356/1116] Automatic MOC and UIC for target TestFieldMetadata
[357/1116] Automatic MOC and UIC for target TestFormJsCalc
[358/1116] Automatic MOC and UIC for target TestFormSafety
[359/1116] Automatic MOC and UIC for target TestFormJsAdversarial
[360/1116] Automatic MOC and UIC for target TestFormStaleDisclosure
[361/1116] Automatic MOC and UIC for target TestFormKeystroke
[362/1116] Automatic MOC and UIC for target TestEngineSave
[363/1116] Automatic MOC and UIC for target TestEncryptedPackageSafeWrite
[364/1116] Automatic MOC and UIC for target TestPrintJob
[365/1116] Automatic MOC and UIC for target TestTempOwnership
[366/1116] Automatic MOC and UIC for target TestCleanupCli
[367/1116] Automatic MOC and UIC for target TestFormUndo
[368/1116] Automatic MOC and UIC for target TestValidateAllSignatures
[369/1116] Automatic MOC and UIC for target TestExportPathBadge
[370/1116] Automatic MOC and UIC for target TestImageEditWiring
[371/1116] Automatic MOC and UIC for target TestRedactSanitizeBundle
[372/1116] Automatic MOC and UIC for target TestRedactTransaction
[373/1116] Automatic MOC and UIC for target TestPptxOverlayAlpha
[374/1116] Automatic MOC and UIC for target TestRedactionProof
[375/1116] Automatic MOC and UIC for target TestAutoDetectHeuristic
[376/1116] Automatic MOC and UIC for target fake_soffice
[377/1116] Automatic MOC and UIC for target TestConversionExtraction
[378/1116] Automatic MOC and UIC for target TestTextExtractionCoords
[379/1116] Automatic MOC and UIC for target TestEraseWiring
[380/1116] Automatic MOC and UIC for target TestRibbonMarkupTools
[381/1116] Automatic MOC and UIC for target TestViewerRotation
[382/1116] Automatic MOC and UIC for target TestRotateView
[383/1116] Automatic MOC and UIC for target TestTwoPageOverlay
[384/1116] Automatic MOC and UIC for target TestViewingModes
[385/1116] Automatic MOC and UIC for target TestSignaturePicker
[386/1116] Automatic MOC and UIC for target TestCertEncryptPicker
[387/1116] Automatic MOC and UIC for target TestCertifySelector
[388/1116] Automatic MOC and UIC for target TestPolicyController
[389/1116] Automatic MOC and UIC for target TestPolicyWiring
[390/1116] Automatic MOC and UIC for target TestOcspConsent
[391/1116] Automatic MOC and UIC for target TestSupportBundle
[392/1116] Automatic MOC and UIC for target TestNetworkDisclosure
[393/1116] Automatic MOC and UIC for target TestOcrAcceptSeam
[394/1116] Automatic MOC and UIC for target TestSearchFlags
[395/1116] Automatic MOC and UIC for target TestExportPresets
[396/1116] Automatic MOC and UIC for target TestOcrAcceptScope
[397/1116] Automatic MOC and UIC for target TestViewerLinkSeam
[398/1116] Automatic MOC and UIC for target TestHyperlinkNavigation
[399/1116] Automatic MOC and UIC for target TestRedactMarkAll
[400/1116] Automatic MOC and UIC for target TestRedactApplyMarks
[401/1116] Automatic MOC and UIC for target TestAiProvider
[402/1116] Automatic MOC and UIC for target TestAnnotationDjot
[403/1116] Automatic MOC and UIC for target TestOllamaProvider
[404/1116] Automatic MOC and UIC for target TestDiffEngine
[405/1116] Automatic MOC and UIC for target TestOfficeImport
[406/1116] Automatic MOC and UIC for target TestMrcPipeline
[407/1116] Automatic MOC and UIC for target TestCheckedMutationCoverage
[408/1116] Automatic MOC and UIC for target TestHistoryIntegrity
[409/1116] Automatic MOC and UIC for target TestImageAppearance
[410/1116] Automatic MOC and UIC for target TestOfficeExport
[411/1116] Automatic MOC and UIC for target TestTextEditStyle
[412/1116] Automatic MOC and UIC for target TestEraserEngine
[413/1116] Automatic MOC and UIC for target render_path_profile
[414/1116] Automatic MOC and UIC for target TestRenderGuards
[415/1116] Automatic MOC and UIC for target TestPersistenceOutcomes
[416/1116] Automatic MOC and UIC for target TestSep13LeadCapability
[417/1116] Automatic MOC and UIC for target TestSep13LeadBatchMerge
[418/1116] Automatic MOC and UIC for target TestSep13LeadOcrGuards
[419/1116] Automatic MOC and UIC for target TestSep13LeadConversionExport
[420/1116] Automatic MOC and UIC for target TestSep13LeadRedactionProof
[421/1116] Automatic MOC and UIC for target R14ProbeRedactSpace
[422/1116] Automatic MOC and UIC for target TestSep13LeadBtDowngrade
[423/1116] Automatic MOC and UIC for target R14ProbeSep13Fixes
[424/1116] Automatic MOC and UIC for target TestSep13LeadComparePerf
[425/1116] Automatic MOC and UIC for target TestSweepW1PresetAdversary
[426/1116] Automatic MOC and UIC for target TestSweepW1SigningAdversary
[427/1116] Automatic MOC and UIC for target TestSweepW1SummaryPolicyAdversary
[428/1116] Automatic MOC and UIC for target TestSweepW1SecProbe
[429/1116] Automatic MOC and UIC for target W2BProbeNaming
[430/1116] Automatic MOC and UIC for target W2BProbeSigning
[431/1116] Automatic MOC and UIC for target W2BProbeSummaryPolicy
[432/1116] Automatic MOC and UIC for target W2BProbeA11y
[433/1116] Automatic MOC and UIC for target W2BProbeLegacySpace
[434/1116] Automatic MOC and UIC for target W2BProbeOfficeSave
[435/1116] Automatic MOC and UIC for target TestRotate270PageSpace
[436/1116] Automatic MOC and UIC for target R14ProbeBatchSkip
[437/1116] Automatic MOC and UIC for target TestGsdW2Probe
[438/1116] Automatic MOC and UIC for target W2CProbeRotate270
[439/1116] Automatic MOC and UIC for target TestPgr37PageSpaceLaw
[440/1116] Automatic MOC and UIC for target TestPgr35BatchCollision
[441/1116] Automatic MOC and UIC for target TestPgr36StaleSigningPanel
[442/1116] Automatic MOC and UIC for target TestFileHandleCoordination
[443/1116] Running rcc for resource PdfWorkstation_translations
[444/1116] Automatic MOC and UIC for target TestCommandRegistry
[445/1116] Automatic RCC for tests/TestViewParity.qrc
[446/1116] Building CXX object CMakeFiles/TestViewParity.dir/TestViewParity_autogen/mocs_compilation.cpp.obj
[447/1116] Automatic RCC for resources.qrc
[448/1116] Building CXX object CMakeFiles/PdfWorkstation.dir/PdfWorkstation_autogen/mocs_compilation.cpp.obj
[449/1116] Building CXX object CMakeFiles/PdfWorkstation.dir/src/app/main.cpp.obj
D:/pdf/pdf-litems/src/app/main.cpp: In function 'int main(int, char**)':
D:/pdf/pdf-litems/src/app/main.cpp:98:25: warning: loop variable 'f' of type 'const QString&' binds to a temporary constructed from type 'const char* const' [-Wrange-loop-construct]
   98 |     for (const QString& f : {":/fonts/Manrope-Regular.ttf",
      |                         ^
D:/pdf/pdf-litems/src/app/main.cpp:98:25: note: use non-reference type 'const QString' to make the copy explicit or 'const char* const&' to prevent copying
[450/1116] Building CXX object CMakeFiles/TestViewParity.dir/tests/TestViewParity.cpp.obj
[451/1116] Building RC object CMakeFiles/PdfWorkstation.dir/src/app/app_icon.rc.obj
[452/1116] Building RC object CMakeFiles/PdfWorkstation.dir/version.rc.obj
[453/1116] Building CXX object CMakeFiles/PdfWorkstation.dir/build-rel/.qt/rcc/qrc_PdfWorkstation_translations.cpp.obj
[454/1116] Building CXX object CMakeFiles/PdfWorkstation.dir/PdfWorkstation_autogen/EWIEGA46WW/qrc_resources.cpp.obj
[455/1116] Building CXX object CMakeFiles/PdfWorkstation.dir/src/app/Bootstrapper.cpp.obj
[456/1116] Building CXX object CMakeFiles/TestViewParity.dir/TestViewParity_autogen/KRHXW7JQHD/qrc_TestViewParity.cpp.obj
[457/1116] Building CXX object CMakeFiles/UnitTests.dir/UnitTests_autogen/mocs_compilation.cpp.obj
[458/1116] Building CXX object CMakeFiles/TestViewParity.dir/src/app/Bootstrapper.cpp.obj
[459/1116] Building CXX object CMakeFiles/UnitTests.dir/tests/UnitTests.cpp.obj
[460/1116] Building CXX object CMakeFiles/TestInterfaces.dir/TestInterfaces_autogen/mocs_compilation.cpp.obj
[461/1116] Building CXX object CMakeFiles/TestInterfaces.dir/src/engines/DocumentSession.cpp.obj
[462/1116] Building CXX object CMakeFiles/TestExpiryInterface.dir/TestExpiryInterface_autogen/mocs_compilation.cpp.obj
[463/1116] Building CXX object CMakeFiles/TestInterfaces.dir/tests/TestPdfEditorInterface.cpp.obj
[464/1116] Building CXX object CMakeFiles/SmokeTest.dir/SmokeTest_autogen/mocs_compilation.cpp.obj
[465/1116] Building CXX object CMakeFiles/TestExpiryInterface.dir/tests/TestExpiryInterface.cpp.obj
[466/1116] Building CXX object CMakeFiles/TestSanitization.dir/TestSanitization_autogen/mocs_compilation.cpp.obj
[467/1116] Building CXX object CMakeFiles/SmokeTest.dir/tests/smoke_test.cpp.obj
[468/1116] Building CXX object CMakeFiles/TestSanitizeSelective.dir/TestSanitizeSelective_autogen/mocs_compilation.cpp.obj
[469/1116] Building CXX object CMakeFiles/TestSanitization.dir/tests/TestSanitization.cpp.obj
[470/1116] Building CXX object CMakeFiles/TestSanitizeTrailerUaf.dir/TestSanitizeTrailerUaf_autogen/mocs_compilation.cpp.obj
[471/1116] Building CXX object CMakeFiles/TestSanitizeSelective.dir/tests/TestSanitizeSelective.cpp.obj
[472/1116] Building CXX object CMakeFiles/TestAutosave.dir/TestAutosave_autogen/mocs_compilation.cpp.obj
[473/1116] Building CXX object CMakeFiles/TestSanitizeTrailerUaf.dir/tests/TestSanitizeTrailerUaf.cpp.obj
[474/1116] Building CXX object CMakeFiles/TestDocumentIdentity.dir/TestDocumentIdentity_autogen/mocs_compilation.cpp.obj
[475/1116] Building CXX object CMakeFiles/TestAutosave.dir/tests/TestAutosave.cpp.obj
[476/1116] Building CXX object CMakeFiles/TestDocumentIdentity.dir/tests/TestDocumentIdentity.cpp.obj
[477/1116] Building CXX object CMakeFiles/TestBatesBatchSafety.dir/TestBatesBatchSafety_autogen/mocs_compilation.cpp.obj
[478/1116] Building CXX object CMakeFiles/TestDocumentIdentity.dir/src/app/Bootstrapper.cpp.obj
[479/1116] Building CXX object CMakeFiles/TestBatesBatchSafety.dir/src/app/Bootstrapper.cpp.obj
[480/1116] Building CXX object CMakeFiles/TestRecoverySave.dir/TestRecoverySave_autogen/mocs_compilation.cpp.obj
[481/1116] Building CXX object CMakeFiles/TestBatesBatchSafety.dir/tests/TestBatesBatchSafety.cpp.obj
[482/1116] Building CXX object CMakeFiles/TestRecoverySave.dir/src/app/Bootstrapper.cpp.obj
[483/1116] Building CXX object CMakeFiles/TestReadOnlyGate.dir/TestReadOnlyGate_autogen/mocs_compilation.cpp.obj
[484/1116] Building CXX object CMakeFiles/TestRecoverySave.dir/tests/TestRecoverySave.cpp.obj
[485/1116] Building CXX object CMakeFiles/TestReadOnlyGate.dir/src/app/Bootstrapper.cpp.obj
[486/1116] Building CXX object CMakeFiles/TestSidecarReopenState.dir/TestSidecarReopenState_autogen/mocs_compilation.cpp.obj
[487/1116] Building CXX object CMakeFiles/TestReadOnlyGate.dir/tests/TestReadOnlyGate.cpp.obj
[488/1116] Building CXX object CMakeFiles/TestSidecarReopenState.dir/src/app/Bootstrapper.cpp.obj
[489/1116] Building CXX object CMakeFiles/TestSignatureValidationMock.dir/TestSignatureValidationMock_autogen/mocs_compilation.cpp.obj
[490/1116] Building CXX object CMakeFiles/TestSidecarReopenState.dir/tests/TestSidecarReopenState.cpp.obj
[491/1116] Building CXX object CMakeFiles/TestRobustness.dir/TestRobustness_autogen/mocs_compilation.cpp.obj
[492/1116] Building CXX object CMakeFiles/TestSignatureValidationMock.dir/tests/TestSignatureValidationMock.cpp.obj
[493/1116] Building CXX object CMakeFiles/TestSecretStore.dir/TestSecretStore_autogen/mocs_compilation.cpp.obj
[494/1116] Building CXX object CMakeFiles/TestRobustness.dir/tests/TestRobustness.cpp.obj
[495/1116] Building CXX object CMakeFiles/TestSignatureValidation.dir/TestSignatureValidation_autogen/mocs_compilation.cpp.obj
[496/1116] Building CXX object CMakeFiles/TestSecretStore.dir/tests/TestSecretStore.cpp.obj
D:/pdf/pdf-litems/tests/TestSecretStore.cpp: In function 'QByteArray {anonymous}::craftLegacyV1Blob(const QByteArray&, const QByteArray&)':
D:/pdf/pdf-litems/tests/TestSecretStore.cpp:96:9: warning: unused variable 'len' [-Wunused-variable]
   96 |     int len = 0, cipherLen = 0;
      |         ^~~
[497/1116] Building CXX object CMakeFiles/TestSignatureRealCrypto.dir/TestSignatureRealCrypto_autogen/mocs_compilation.cpp.obj
[498/1116] Building CXX object CMakeFiles/TestSignatureValidation.dir/tests/TestSignatureValidation.cpp.obj
[499/1116] Building CXX object CMakeFiles/TestSendForSigning.dir/TestSendForSigning_autogen/mocs_compilation.cpp.obj
[500/1116] Building CXX object CMakeFiles/TestSignatureRealCrypto.dir/tests/TestSignatureRealCrypto.cpp.obj
D:/pdf/pdf-litems/tests/TestSignatureRealCrypto.cpp: In member function 'void TestSignatureRealCrypto::testTamperedPdfInvalid()':
D:/pdf/pdf-litems/tests/TestSignatureRealCrypto.cpp:1028:28: warning: unused variable 'off1' [-Wunused-variable]
 1028 |                     qint64 off1 = parts[0].toLongLong();
      |                            ^~~~
D:/pdf/pdf-litems/tests/TestSignatureRealCrypto.cpp: In member function 'void TestSignatureRealCrypto::testOwnModDateRefreshNotDowngraded()':
D:/pdf/pdf-litems/tests/TestSignatureRealCrypto.cpp:1263:90: warning: 'QDateTime::QDateTime(QDate, QTime, Qt::TimeSpec, int)' is deprecated: Pass QTimeZone instead [-Wdeprecated-declarations]
 1263 |                 std::chrono::seconds(QDateTime(QDate(2031, 2, 3), QTime(4, 5, 6), Qt::UTC)
      |                                                                                          ^
In file included from C:/msys64/ucrt64/include/qt6/QtCore/qcborvalue.h:11,
                 from C:/msys64/ucrt64/include/qt6/QtCore/qcborarray.h:8,
                 from C:/msys64/ucrt64/include/qt6/QtCore/QtCore:55,
                 from C:/msys64/ucrt64/include/qt6/QtTest/QtTestDepends:3,
                 from C:/msys64/ucrt64/include/qt6/QtTest/QtTest:3,
                 from D:/pdf/pdf-litems/tests/TestSignatureRealCrypto.cpp:19:
C:/msys64/ucrt64/include/qt6/QtCore/qdatetime.h:390:5: note: declared here
  390 |     QDateTime(QDate date, QTime time, Qt::TimeSpec spec, int offsetSeconds = 0);
      |     ^~~~~~~~~
[501/1116] Building CXX object CMakeFiles/TestEraseSignedGuard.dir/TestEraseSignedGuard_autogen/mocs_compilation.cpp.obj
[502/1116] Building CXX object CMakeFiles/TestSendForSigning.dir/tests/TestSendForSigning.cpp.obj
[503/1116] Building CXX object CMakeFiles/TestSignatureAppearance.dir/TestSignatureAppearance_autogen/mocs_compilation.cpp.obj
[504/1116] Building CXX object CMakeFiles/TestEraseSignedGuard.dir/tests/TestEraseSignedGuard.cpp.obj
[505/1116] Building CXX object CMakeFiles/TestOptimizeSignedGuard.dir/TestOptimizeSignedGuard_autogen/mocs_compilation.cpp.obj
[506/1116] Building CXX object CMakeFiles/TestSignatureAppearance.dir/tests/TestSignatureAppearance.cpp.obj
D:/pdf/pdf-litems/tests/TestSignatureAppearance.cpp: In function 'QDateTime {anonymous}::fixedClaimedTime()':
D:/pdf/pdf-litems/tests/TestSignatureAppearance.cpp:50:86: warning: 'QDateTime::QDateTime(QDate, QTime, Qt::TimeSpec, int)' is deprecated: Pass QTimeZone instead [-Wdeprecated-declarations]
   50 |     return QDateTime(QDate(2026, 9, 5), QTime(14, 30, 0), Qt::OffsetFromUTC, 2 * 3600);
      |                                                                                      ^
In file included from C:/msys64/ucrt64/include/qt6/QtCore/qcborvalue.h:11,
                 from C:/msys64/ucrt64/include/qt6/QtCore/qcborarray.h:8,
                 from C:/msys64/ucrt64/include/qt6/QtCore/QtCore:55,
                 from C:/msys64/ucrt64/include/qt6/QtTest/QtTestDepends:3,
                 from C:/msys64/ucrt64/include/qt6/QtTest/QtTest:3,
                 from D:/pdf/pdf-litems/tests/TestSignatureAppearance.cpp:15:
C:/msys64/ucrt64/include/qt6/QtCore/qdatetime.h:390:5: note: declared here
  390 |     QDateTime(QDate date, QTime time, Qt::TimeSpec spec, int offsetSeconds = 0);
      |     ^~~~~~~~~
[507/1116] Building CXX object CMakeFiles/TestImageDedup.dir/TestImageDedup_autogen/mocs_compilation.cpp.obj
[508/1116] Building CXX object CMakeFiles/TestOptimizeSignedGuard.dir/tests/TestOptimizeSignedGuard.cpp.obj
[509/1116] Building CXX object CMakeFiles/TestChain1.dir/TestChain1_autogen/mocs_compilation.cpp.obj
[510/1116] Building CXX object CMakeFiles/TestImageDedup.dir/tests/TestImageDedup.cpp.obj
[511/1116] Building CXX object CMakeFiles/TestRedaction.dir/TestRedaction_autogen/mocs_compilation.cpp.obj
[512/1116] Building CXX object CMakeFiles/TestChain1.dir/tests/TestChain1.cpp.obj
[513/1116] Building CXX object CMakeFiles/TestDedupSMask.dir/TestDedupSMask_autogen/mocs_compilation.cpp.obj
[514/1116] Building CXX object CMakeFiles/TestRedaction.dir/tests/TestRedaction.cpp.obj
[515/1116] Building CXX object CMakeFiles/TestCompressJpegReencode.dir/TestCompressJpegReencode_autogen/mocs_compilation.cpp.obj
[516/1116] Building CXX object CMakeFiles/TestDedupSMask.dir/tests/TestDedupSMask.cpp.obj
[517/1116] Building CXX object CMakeFiles/TestFontSubset.dir/TestFontSubset_autogen/mocs_compilation.cpp.obj
[518/1116] Building CXX object CMakeFiles/TestCompressJpegReencode.dir/tests/TestCompressJpegReencode.cpp.obj
[519/1116] Building CXX object CMakeFiles/TestOptimizeEstimate.dir/TestOptimizeEstimate_autogen/mocs_compilation.cpp.obj
[520/1116] Building CXX object CMakeFiles/TestFontSubset.dir/tests/TestFontSubset.cpp.obj
[521/1116] Building CXX object CMakeFiles/TestLayoutEnsemble.dir/TestLayoutEnsemble_autogen/mocs_compilation.cpp.obj
[522/1116] Building CXX object CMakeFiles/TestOptimizeEstimate.dir/tests/TestOptimizeEstimate.cpp.obj
[523/1116] Building CXX object CMakeFiles/TestOcrPipeline.dir/TestOcrPipeline_autogen/mocs_compilation.cpp.obj
[524/1116] Building CXX object CMakeFiles/TestLayoutEnsemble.dir/tests/TestLayoutEnsemble.cpp.obj
[525/1116] Building CXX object CMakeFiles/TestOcrReviewLifecycle.dir/TestOcrReviewLifecycle_autogen/mocs_compilation.cpp.obj
[526/1116] Building CXX object CMakeFiles/TestOcrPipeline.dir/tests/TestOcrPipeline.cpp.obj
[527/1116] Building CXX object CMakeFiles/TestOcrRegionReocr.dir/TestOcrRegionReocr_autogen/mocs_compilation.cpp.obj
[528/1116] Building CXX object CMakeFiles/TestOcrReviewLifecycle.dir/tests/TestOcrReviewLifecycle.cpp.obj
[529/1116] Building CXX object CMakeFiles/TestOcrRegionReocr.dir/tests/TestOcrRegionReocr.cpp.obj
D:/pdf/pdf-litems/tests/TestOcrRegionReocr.cpp: In function 'void {anonymous}::dragWidget(QWidget*, const QPointF&, const QPointF&)':
D:/pdf/pdf-litems/tests/TestOcrRegionReocr.cpp:121:69: warning: 'QMouseEvent::QMouseEvent(QEvent::Type, const QPointF&, Qt::MouseButton, Qt::MouseButtons, Qt::KeyboardModifiers, const QPointingDevice*)' is deprecated: Use another constructor [-Wdeprecated-declarations]
  121 |                       Qt::LeftButton, Qt::LeftButton, Qt::NoModifier);
      |                                                                     ^
In file included from C:/msys64/ucrt64/include/qt6/QtGui/qtestsupport_gui.h:8,
                 from C:/msys64/ucrt64/include/qt6/QtTest/qtestsystem.h:11,
                 from C:/msys64/ucrt64/include/qt6/QtTest/qtest.h:270,
                 from C:/msys64/ucrt64/include/qt6/QtTest/QtTest:11,
                 from D:/pdf/pdf-litems/tests/TestOcrRegionReocr.cpp:31:
C:/msys64/ucrt64/include/qt6/QtGui/qevent.h:202:5: note: declared here
  202 |     QMouseEvent(Type type, const QPointF &localPos, Qt::MouseButton button,
      |     ^~~~~~~~~~~
D:/pdf/pdf-litems/tests/TestOcrRegionReocr.cpp:124:68: warning: 'QMouseEvent::QMouseEvent(QEvent::Type, const QPointF&, Qt::MouseButton, Qt::MouseButtons, Qt::KeyboardModifiers, const QPointingDevice*)' is deprecated: Use another constructor [-Wdeprecated-declarations]
  124 |                      Qt::LeftButton, Qt::LeftButton, Qt::NoModifier);
      |                                                                    ^
C:/msys64/ucrt64/include/qt6/QtGui/qevent.h:202:5: note: declared here
  202 |     QMouseEvent(Type type, const QPointF &localPos, Qt::MouseButton button,
      |     ^~~~~~~~~~~
D:/pdf/pdf-litems/tests/TestOcrRegionReocr.cpp:127:69: warning: 'QMouseEvent::QMouseEvent(QEvent::Type, const QPointF&, Qt::MouseButton, Qt::MouseButtons, Qt::KeyboardModifiers, const QPointingDevice*)' is deprecated: Use another constructor [-Wdeprecated-declarations]
  127 |                         Qt::LeftButton, Qt::NoButton, Qt::NoModifier);
      |                                                                     ^
C:/msys64/ucrt64/include/qt6/QtGui/qevent.h:202:5: note: declared here
  202 |     QMouseEvent(Type type, const QPointF &localPos, Qt::MouseButton button,
      |     ^~~~~~~~~~~
[530/1116] Building CXX object CMakeFiles/TestOcrOutputMode.dir/TestOcrOutputMode_autogen/mocs_compilation.cpp.obj
[531/1116] Building CXX object CMakeFiles/TestOcrRegionReocr.dir/src/app/Bootstrapper.cpp.obj
[532/1116] Building CXX object CMakeFiles/TestOcrVerifyNavigation.dir/TestOcrVerifyNavigation_autogen/mocs_compilation.cpp.obj
[533/1116] Building CXX object CMakeFiles/TestOcrOutputMode.dir/tests/TestOcrOutputMode.cpp.obj
[534/1116] Building CXX object CMakeFiles/TestOcrVerifyPort.dir/TestOcrVerifyPort_autogen/mocs_compilation.cpp.obj
[535/1116] Building CXX object CMakeFiles/TestOcrVerifyNavigation.dir/tests/TestOcrVerifyNavigation.cpp.obj
[536/1116] Building CXX object CMakeFiles/TestOcrPreprocessor.dir/TestOcrPreprocessor_autogen/mocs_compilation.cpp.obj
[537/1116] Building CXX object CMakeFiles/TestOcrVerifyPort.dir/tests/TestOcrVerifyPort.cpp.obj
[538/1116] Building CXX object CMakeFiles/TestOcrDjotMapper.dir/TestOcrDjotMapper_autogen/mocs_compilation.cpp.obj
[539/1116] Building CXX object CMakeFiles/TestOcrPreprocessor.dir/tests/TestOcrPreprocessor.cpp.obj
[540/1116] Building CXX object CMakeFiles/TestThreadSafety.dir/TestThreadSafety_autogen/mocs_compilation.cpp.obj
[541/1116] Building CXX object CMakeFiles/TestOcrDjotMapper.dir/tests/TestOcrDjotMapper.cpp.obj
[542/1116] Building CXX object CMakeFiles/TestEncryption.dir/TestEncryption_autogen/mocs_compilation.cpp.obj
[543/1116] Building CXX object CMakeFiles/TestThreadSafety.dir/tests/TestThreadSafety.cpp.obj
[544/1116] Building CXX object CMakeFiles/TestResourceLimits.dir/TestResourceLimits_autogen/mocs_compilation.cpp.obj
[545/1116] Building CXX object CMakeFiles/TestEncryption.dir/tests/TestEncryption.cpp.obj
D:/pdf/pdf-litems/tests/TestEncryption.cpp: In static member function 'static QByteArray TestEncryption::aesGcmDecrypt(const QByteArray&, const QByteArray&)':
D:/pdf/pdf-litems/tests/TestEncryption.cpp:184:23: warning: comparison of integer expressions of different signedness: 'qsizetype' {aka 'long long int'} and 'long long unsigned int' [-Wsign-compare]
  184 |         if (in.size() < 1 + kNonceLen + kTagLen || in[0] != kVersionGCM) return {};
      |             ~~~~~~~~~~^~~~~~~~~~~~~~~~~~~~~~~~~
D:/pdf/pdf-litems/tests/TestEncryption.cpp: In member function 'void TestEncryption::testCertificateEncryption()':
D:/pdf/pdf-litems/tests/TestEncryption.cpp:218:27: warning: 'RSA* RSA_new()' is deprecated: Since OpenSSL 3.0 [-Wdeprecated-declarations]
  218 |         RSA* rsa = RSA_new();
      |                    ~~~~~~~^~
In file included from D:/pdf/msys64/ucrt64/include/openssl/x509.h:38,
                 from D:/pdf/pdf-litems/tests/TestEncryption.cpp:6:
D:/pdf/msys64/ucrt64/include/openssl/rsa.h:212:28: note: declared here
  212 | OSSL_DEPRECATEDIN_3_0 RSA *RSA_new(void);
      |                            ^~~~~~~
D:/pdf/pdf-litems/tests/TestEncryption.cpp:219:28: warning: 'int RSA_generate_key_ex(RSA*, int, BIGNUM*, BN_GENCB*)' is deprecated: Since OpenSSL 3.0 [-Wdeprecated-declarations]
  219 |         RSA_generate_key_ex(rsa, 2048, bn, nullptr);
      |         ~~~~~~~~~~~~~~~~~~~^~~~~~~~~~~~~~~~~~~~~~~~
D:/pdf/msys64/ucrt64/include/openssl/rsa.h:270:27: note: declared here
  270 | OSSL_DEPRECATEDIN_3_0 int RSA_generate_key_ex(RSA *rsa, int bits, BIGNUM *e,
      |                           ^~~~~~~~~~~~~~~~~~~
[546/1116] Building CXX object CMakeFiles/TestControllers.dir/TestControllers_autogen/mocs_compilation.cpp.obj
[547/1116] Building CXX object CMakeFiles/TestResourceLimits.dir/tests/TestResourceLimits.cpp.obj
[548/1116] Building CXX object CMakeFiles/TestSevenZipBundle.dir/TestSevenZipBundle_autogen/mocs_compilation.cpp.obj
[549/1116] Building CXX object CMakeFiles/TestControllers.dir/tests/TestControllers.cpp.obj
[550/1116] Building CXX object CMakeFiles/TestRibbonIntegrity.dir/TestRibbonIntegrity_autogen/mocs_compilation.cpp.obj
[551/1116] Building CXX object CMakeFiles/TestSevenZipBundle.dir/tests/TestSevenZipBundle.cpp.obj
[552/1116] Building CXX object CMakeFiles/TestMenuBarIntegrity.dir/TestMenuBarIntegrity_autogen/mocs_compilation.cpp.obj
[553/1116] Building CXX object CMakeFiles/TestRibbonIntegrity.dir/tests/TestRibbonIntegrity.cpp.obj
[554/1116] Building CXX object CMakeFiles/TestCommandBinding.dir/TestCommandBinding_autogen/mocs_compilation.cpp.obj
[555/1116] Building CXX object CMakeFiles/TestMenuBarIntegrity.dir/tests/TestMenuBarIntegrity.cpp.obj
[556/1116] Building CXX object CMakeFiles/TestCommandBinding.dir/src/app/Bootstrapper.cpp.obj
[557/1116] Building CXX object CMakeFiles/TestWelcomeRoutes.dir/TestWelcomeRoutes_autogen/mocs_compilation.cpp.obj
[558/1116] Building CXX object CMakeFiles/TestCommandBinding.dir/tests/TestCommandBinding.cpp.obj
[559/1116] Building CXX object CMakeFiles/TestWelcomeRoutes.dir/src/app/Bootstrapper.cpp.obj
[560/1116] Building CXX object CMakeFiles/TestSweepW3UxFlows.dir/TestSweepW3UxFlows_autogen/mocs_compilation.cpp.obj
[561/1116] Building CXX object CMakeFiles/TestWelcomeRoutes.dir/tests/TestWelcomeRoutes.cpp.obj
[562/1116] Building CXX object CMakeFiles/TestSweepW3UxFlows.dir/src/app/Bootstrapper.cpp.obj
[563/1116] Building CXX object CMakeFiles/TestUiAccessibility.dir/TestUiAccessibility_autogen/mocs_compilation.cpp.obj
[564/1116] Building CXX object CMakeFiles/TestSweepW3UxFlows.dir/tests/TestSweepW3UxFlows.cpp.obj
D:/pdf/pdf-litems/tests/TestSweepW3UxFlows.cpp:257:6: warning: 'void {anonymous}::pickMultiFilesByTitle(const QString&, const QStringList&, int)' defined but not used [-Wunused-function]
  257 | void pickMultiFilesByTitle(const QString &title, const QStringList &paths, int budgetMs = 60000)
      |      ^~~~~~~~~~~~~~~~~~~~~
[565/1116] Building CXX object CMakeFiles/TestUiAccessibility.dir/tests/TestUiAccessibility.cpp.obj
[566/1116] Building CXX object CMakeFiles/TestIntegration.dir/TestIntegration_autogen/mocs_compilation.cpp.obj
[567/1116] Building CXX object CMakeFiles/TestUiAccessibility.dir/src/app/Bootstrapper.cpp.obj
[568/1116] Building CXX object CMakeFiles/TestPerformance.dir/TestPerformance_autogen/mocs_compilation.cpp.obj
[569/1116] Building CXX object CMakeFiles/TestIntegration.dir/tests/TestIntegration.cpp.obj
[570/1116] Building CXX object CMakeFiles/TestVeraPdf.dir/TestVeraPdf_autogen/mocs_compilation.cpp.obj
[571/1116] Building CXX object CMakeFiles/TestPerformance.dir/tests/TestPerformance.cpp.obj
[572/1116] Building CXX object CMakeFiles/TestReadingOrderAsync.dir/TestReadingOrderAsync_autogen/mocs_compilation.cpp.obj
[573/1116] Building CXX object CMakeFiles/TestVeraPdf.dir/tests/TestVeraPdf.cpp.obj
[574/1116] Building CXX object CMakeFiles/TestAccessibilityChecker.dir/TestAccessibilityChecker_autogen/mocs_compilation.cpp.obj
[575/1116] Building CXX object CMakeFiles/TestReadingOrderAsync.dir/tests/TestReadingOrderAsync.cpp.obj
[576/1116] Building CXX object CMakeFiles/TestAccessibilityPanel.dir/TestAccessibilityPanel_autogen/mocs_compilation.cpp.obj
[577/1116] Building CXX object CMakeFiles/TestAccessibilityChecker.dir/tests/TestAccessibilityChecker.cpp.obj
D:/pdf/pdf-litems/tests/TestAccessibilityChecker.cpp: In function 'bool {anonymous}::buildPdf(const QString&, const FixtureOpts&)':
D:/pdf/pdf-litems/tests/TestAccessibilityChecker.cpp:83:36: warning: comparison of integer expressions of different signedness: 'unsigned int' and 'const int' [-Wsign-compare]
   83 |             for (unsigned i = 0; i < o.images; ++i) {
      |                                  ~~^~~~~~~~~~
[578/1116] Building CXX object CMakeFiles/TestA11yReportWriter.dir/TestA11yReportWriter_autogen/mocs_compilation.cpp.obj
[579/1116] Building CXX object CMakeFiles/TestAccessibilityPanel.dir/tests/TestAccessibilityPanel.cpp.obj
[580/1116] Building CXX object CMakeFiles/TestAccessibilityFixes.dir/TestAccessibilityFixes_autogen/mocs_compilation.cpp.obj
[581/1116] Building CXX object CMakeFiles/TestA11yReportWriter.dir/tests/TestA11yReportWriter.cpp.obj
[582/1116] Building CXX object CMakeFiles/TestAccessibilityTagger.dir/TestAccessibilityTagger_autogen/mocs_compilation.cpp.obj
[583/1116] Building CXX object CMakeFiles/TestAccessibilityFixes.dir/tests/TestAccessibilityFixes.cpp.obj
[584/1116] Building CXX object CMakeFiles/TestLaneScheduler.dir/TestLaneScheduler_autogen/mocs_compilation.cpp.obj
[585/1116] Building CXX object CMakeFiles/TestAccessibilityTagger.dir/tests/TestAccessibilityTagger.cpp.obj
[586/1116] Building CXX object CMakeFiles/TestFormBuilder.dir/TestFormBuilder_autogen/mocs_compilation.cpp.obj
[587/1116] Building CXX object CMakeFiles/TestLaneScheduler.dir/tests/TestLaneScheduler.cpp.obj
[588/1116] Building CXX object CMakeFiles/TestFormPersistence.dir/TestFormPersistence_autogen/mocs_compilation.cpp.obj
[589/1116] Building CXX object CMakeFiles/TestFormPersistence.dir/tests/TestFormPersistence.cpp.obj
[590/1116] Building CXX object CMakeFiles/TestCompareEntry.dir/TestCompareEntry_autogen/mocs_compilation.cpp.obj
[591/1116] Building CXX object CMakeFiles/TestFormBuilder.dir/tests/TestFormBuilder.cpp.obj
[592/1116] Building CXX object CMakeFiles/TestCompareIntegration.dir/TestCompareIntegration_autogen/mocs_compilation.cpp.obj
[593/1116] Building CXX object CMakeFiles/TestCompareEntry.dir/tests/TestCompareEntry.cpp.obj
[594/1116] Building CXX object CMakeFiles/TestPagesMode.dir/TestPagesMode_autogen/mocs_compilation.cpp.obj
[595/1116] Building CXX object CMakeFiles/TestCompareIntegration.dir/tests/TestCompareIntegration.cpp.obj
[596/1116] Building CXX object CMakeFiles/TestPageLabels.dir/TestPageLabels_autogen/mocs_compilation.cpp.obj
[597/1116] Building CXX object CMakeFiles/TestPageLabels.dir/tests/TestPageLabels.cpp.obj
[598/1116] Building CXX object CMakeFiles/TestPagesMode.dir/tests/TestPagesMode.cpp.obj
[599/1116] Building CXX object CMakeFiles/TestPageLabels.dir/src/core/PageLabels.cpp.obj
[600/1116] Building CXX object CMakeFiles/TestBatchMode.dir/TestBatchMode_autogen/mocs_compilation.cpp.obj
[601/1116] Building CXX object CMakeFiles/TestPageLabels.dir/src/engines/SafeSave.cpp.obj
[602/1116] Building CXX object CMakeFiles/TestBatchPresets.dir/TestBatchPresets_autogen/mocs_compilation.cpp.obj
[603/1116] Building CXX object CMakeFiles/TestBatchMode.dir/tests/TestBatchMode.cpp.obj
[604/1116] Building CXX object CMakeFiles/TestBatchPresetsP2.dir/TestBatchPresetsP2_autogen/mocs_compilation.cpp.obj
[605/1116] Building CXX object CMakeFiles/TestBatchPresets.dir/tests/TestBatchPresets.cpp.obj
[606/1116] Building CXX object CMakeFiles/TestHotFolder.dir/TestHotFolder_autogen/mocs_compilation.cpp.obj
[607/1116] Building CXX object CMakeFiles/TestHotFolder.dir/tests/TestHotFolder.cpp.obj
[608/1116] Building CXX object CMakeFiles/TestBatchOcrLanguage.dir/TestBatchOcrLanguage_autogen/mocs_compilation.cpp.obj
[609/1116] Building CXX object CMakeFiles/TestBatchPresetsP2.dir/tests/TestBatchPresetsP2.cpp.obj
[610/1116] Building CXX object CMakeFiles/TestBatchOcrSkipText.dir/TestBatchOcrSkipText_autogen/mocs_compilation.cpp.obj
[611/1116] Building CXX object CMakeFiles/TestBatchOcrLanguage.dir/tests/TestBatchOcrLanguage.cpp.obj
[612/1116] Building CXX object CMakeFiles/TestOcrPreprocessPrefs.dir/TestOcrPreprocessPrefs_autogen/mocs_compilation.cpp.obj
[613/1116] Building CXX object CMakeFiles/TestBatchOcrSkipText.dir/tests/TestBatchOcrSkipText.cpp.obj
[614/1116] Building CXX object CMakeFiles/TestBatesCrossDoc.dir/TestBatesCrossDoc_autogen/mocs_compilation.cpp.obj
[615/1116] Building CXX object CMakeFiles/TestOcrPreprocessPrefs.dir/tests/TestOcrPreprocessPrefs.cpp.obj
[616/1116] Building CXX object CMakeFiles/TestOpenRouting.dir/TestOpenRouting_autogen/mocs_compilation.cpp.obj
[617/1116] Building CXX object CMakeFiles/TestBatesCrossDoc.dir/tests/TestBatesCrossDoc.cpp.obj
[618/1116] Building CXX object CMakeFiles/TestExcisionCorruption.dir/TestExcisionCorruption_autogen/mocs_compilation.cpp.obj
[619/1116] Building CXX object CMakeFiles/TestOpenRouting.dir/tests/TestOpenRouting.cpp.obj
[620/1116] Building CXX object CMakeFiles/TestBatchOpsCoverage.dir/TestBatchOpsCoverage_autogen/mocs_compilation.cpp.obj
[621/1116] Building CXX object CMakeFiles/TestExcisionCorruption.dir/tests/TestExcisionCorruption.cpp.obj
[622/1116] Building CXX object CMakeFiles/TestPdfACidSetSafety.dir/TestPdfACidSetSafety_autogen/mocs_compilation.cpp.obj
[623/1116] Building CXX object CMakeFiles/TestBatchOpsCoverage.dir/tests/TestBatchOpsCoverage.cpp.obj
[624/1116] Building CXX object CMakeFiles/TestReadingOrderThreshold.dir/TestReadingOrderThreshold_autogen/mocs_compilation.cpp.obj
[625/1116] Building CXX object CMakeFiles/TestPdfACidSetSafety.dir/tests/TestPdfACidSetSafety.cpp.obj
[626/1116] Building CXX object CMakeFiles/TestReadingOrderMcid.dir/TestReadingOrderMcid_autogen/mocs_compilation.cpp.obj
[627/1116] Building CXX object CMakeFiles/TestReadingOrderThreshold.dir/tests/TestReadingOrderThreshold.cpp.obj
[628/1116] Building CXX object CMakeFiles/TestReadingOrderDepthCap.dir/TestReadingOrderDepthCap_autogen/mocs_compilation.cpp.obj
[629/1116] Building CXX object CMakeFiles/TestReadingOrderMcid.dir/tests/TestReadingOrderMcid.cpp.obj
[630/1116] Building CXX object CMakeFiles/TestLinkBookmarkRoundTrip.dir/TestLinkBookmarkRoundTrip_autogen/mocs_compilation.cpp.obj
[631/1116] Building CXX object CMakeFiles/TestReadingOrderDepthCap.dir/tests/TestReadingOrderDepthCap.cpp.obj
[632/1116] Building CXX object CMakeFiles/TestSignatureSessionCache.dir/TestSignatureSessionCache_autogen/mocs_compilation.cpp.obj
[633/1116] Building CXX object CMakeFiles/TestLinkBookmarkRoundTrip.dir/tests/TestLinkBookmarkRoundTrip.cpp.obj
[634/1116] Building CXX object CMakeFiles/TestCapabilityRegistry.dir/TestCapabilityRegistry_autogen/mocs_compilation.cpp.obj
[635/1116] Building CXX object CMakeFiles/TestSignatureSessionCache.dir/tests/TestSignatureSessionCache.cpp.obj
[636/1116] Building CXX object CMakeFiles/TestXfaHonestyBanner.dir/TestXfaHonestyBanner_autogen/mocs_compilation.cpp.obj
[637/1116] Building CXX object CMakeFiles/TestCapabilityRegistry.dir/tests/TestCapabilityRegistry.cpp.obj
[638/1116] Building CXX object CMakeFiles/TestTaskNavRegistry.dir/TestTaskNavRegistry_autogen/mocs_compilation.cpp.obj
[639/1116] Building CXX object CMakeFiles/TestXfaHonestyBanner.dir/tests/TestXfaHonestyBanner.cpp.obj
[640/1116] Building CXX object CMakeFiles/TestScreenStateSync.dir/TestScreenStateSync_autogen/mocs_compilation.cpp.obj
[641/1116] Building CXX object CMakeFiles/TestTaskNavRegistry.dir/tests/TestTaskNavRegistry.cpp.obj
[642/1116] Building CXX object CMakeFiles/TestRibbonCollapse.dir/TestRibbonCollapse_autogen/mocs_compilation.cpp.obj
[643/1116] Building CXX object CMakeFiles/TestScreenStateSync.dir/tests/TestScreenStateSync.cpp.obj
[644/1116] Building CXX object CMakeFiles/TestModeStripPins.dir/TestModeStripPins_autogen/mocs_compilation.cpp.obj
[645/1116] Building CXX object CMakeFiles/TestRibbonCollapse.dir/tests/TestRibbonCollapse.cpp.obj
[646/1116] Building CXX object CMakeFiles/TestStatusBarSlim.dir/TestStatusBarSlim_autogen/mocs_compilation.cpp.obj
[647/1116] Building CXX object CMakeFiles/TestModeStripPins.dir/tests/TestModeStripPins.cpp.obj
[648/1116] Building CXX object CMakeFiles/TestCommentsReview.dir/TestCommentsReview_autogen/mocs_compilation.cpp.obj
[649/1116] Building CXX object CMakeFiles/TestStatusBarSlim.dir/tests/TestStatusBarSlim.cpp.obj
[650/1116] Building CXX object CMakeFiles/TestWelcomeLayout.dir/TestWelcomeLayout_autogen/mocs_compilation.cpp.obj
[651/1116] Building CXX object CMakeFiles/TestCommentsReview.dir/tests/TestCommentsReview.cpp.obj
[652/1116] Building CXX object CMakeFiles/TestSignatureBadges.dir/TestSignatureBadges_autogen/mocs_compilation.cpp.obj
[653/1116] Building CXX object CMakeFiles/TestWelcomeLayout.dir/tests/TestWelcomeLayout.cpp.obj
[654/1116] Building CXX object CMakeFiles/TestBatchOcrConfidence.dir/TestBatchOcrConfidence_autogen/mocs_compilation.cpp.obj
[655/1116] Building CXX object CMakeFiles/TestSignatureBadges.dir/tests/TestSignatureBadges.cpp.obj
[656/1116] Building CXX object CMakeFiles/TestInspector.dir/TestInspector_autogen/mocs_compilation.cpp.obj
[657/1116] Building CXX object CMakeFiles/TestBatchOcrConfidence.dir/tests/TestBatchOcrConfidence.cpp.obj
[658/1116] Building CXX object CMakeFiles/TestPatternRedact.dir/TestPatternRedact_autogen/mocs_compilation.cpp.obj
[659/1116] Building CXX object CMakeFiles/TestInspector.dir/tests/TestInspector.cpp.obj
[660/1116] Building CXX object CMakeFiles/TestFindReplace.dir/TestFindReplace_autogen/mocs_compilation.cpp.obj
[661/1116] Building CXX object CMakeFiles/TestPatternRedact.dir/tests/TestPatternRedact.cpp.obj
[662/1116] Building CXX object CMakeFiles/TestFindReplace.dir/src/app/Bootstrapper.cpp.obj
[663/1116] Building CXX object CMakeFiles/TestFindReplace.dir/tests/TestFindReplace.cpp.obj
[664/1116] Building CXX object CMakeFiles/TestReviewSummary.dir/TestReviewSummary_autogen/mocs_compilation.cpp.obj
[665/1116] Building CXX object CMakeFiles/TestPrintableSummary.dir/TestPrintableSummary_autogen/mocs_compilation.cpp.obj
[666/1116] Building CXX object CMakeFiles/TestReviewSummary.dir/tests/TestReviewSummary.cpp.obj
[667/1116] Building CXX object CMakeFiles/TestDynamicStamps.dir/TestDynamicStamps_autogen/mocs_compilation.cpp.obj
[668/1116] Building CXX object CMakeFiles/TestPrintableSummary.dir/tests/TestPrintableSummary.cpp.obj
[669/1116] Building CXX object CMakeFiles/TestStampImageImport.dir/TestStampImageImport_autogen/mocs_compilation.cpp.obj
[670/1116] Building CXX object CMakeFiles/TestStampImageImport.dir/tests/TestStampImageImport.cpp.obj
[671/1116] Building CXX object CMakeFiles/TestDynamicStamps.dir/tests/TestDynamicStamps.cpp.obj
D:/pdf/pdf-litems/tests/TestDynamicStamps.cpp: In member function 'void TestDynamicStamps::customStampsPersistAndReload()':
D:/pdf/pdf-litems/tests/TestDynamicStamps.cpp:105:22: warning: missing initializer for member 'StampTemplate::imagePath' [-Wmissing-field-initializers]
  105 |         stamps.append({ QStringLiteral("custom:abc"), QStringLiteral("Escrow Release"),
      |         ~~~~~~~~~~~~~^~~~~~~~~~~~~~~~~~~~~~~~~~~~~~~~~~~~~~~~~~~~~~~~~~~~~~~~~~~~~~~~~~
  106 |                         QStringLiteral("Escrow | ${author} | ${date}"), QColor(0x00, 0x66, 0x00) });
      |                         ~~~~~~~~~~~~~~~~~~~~~~~~~~~~~~~~~~~~~~~~~~~~~~~~~~~~~~~~~~~~~~~~~~~~~~~~~~~
D:/pdf/pdf-litems/tests/TestDynamicStamps.cpp:107:22: warning: missing initializer for member 'StampTemplate::imagePath' [-Wmissing-field-initializers]
  107 |         stamps.append({ QStringLiteral("custom:def"), QStringLiteral("Paid"),
      |         ~~~~~~~~~~~~~^~~~~~~~~~~~~~~~~~~~~~~~~~~~~~~~~~~~~~~~~~~~~~~~~~~~~~~~
  108 |                         QStringLiteral("PAID ${datetime}"), QColor(0x66, 0x00, 0x00) });
      |                         ~~~~~~~~~~~~~~~~~~~~~~~~~~~~~~~~~~~~~~~~~~~~~~~~~~~~~~~~~~~~~~~
[672/1116] Building CXX object CMakeFiles/TestAutoBookmarks.dir/TestAutoBookmarks_autogen/mocs_compilation.cpp.obj
[673/1116] Building CXX object CMakeFiles/TestAutoBookmarks.dir/src/app/Bootstrapper.cpp.obj
[674/1116] Building CXX object CMakeFiles/TestDjotRoundtrip.dir/TestDjotRoundtrip_autogen/mocs_compilation.cpp.obj
[675/1116] Building CXX object CMakeFiles/TestAutoBookmarks.dir/tests/TestAutoBookmarks.cpp.obj
[676/1116] Building CXX object CMakeFiles/TestDjotFuzz.dir/TestDjotFuzz_autogen/mocs_compilation.cpp.obj
[677/1116] Building CXX object CMakeFiles/TestDjotRoundtrip.dir/tests/TestDjotRoundtrip.cpp.obj
[678/1116] Building CXX object CMakeFiles/TestUpdateChecker.dir/TestUpdateChecker_autogen/mocs_compilation.cpp.obj
[679/1116] Building CXX object CMakeFiles/TestDjotFuzz.dir/tests/TestDjotFuzz.cpp.obj
[680/1116] Building CXX object CMakeFiles/TestUpdateChecker.dir/tests/TestUpdateChecker.cpp.obj
[681/1116] Building CXX object CMakeFiles/TestUpdateChecker.dir/src/core/UpdateChecker.cpp.obj
[682/1116] Building CXX object CMakeFiles/TestWatermarkFont.dir/TestWatermarkFont_autogen/mocs_compilation.cpp.obj
[683/1116] Building CXX object CMakeFiles/TestUpdateChecker.dir/src/core/TempFileManager.cpp.obj
[684/1116] Building CXX object CMakeFiles/TestOcrLanguage.dir/TestOcrLanguage_autogen/mocs_compilation.cpp.obj
[685/1116] Building CXX object CMakeFiles/TestWatermarkFont.dir/tests/TestWatermarkFont.cpp.obj
[686/1116] Building CXX object CMakeFiles/TestRedactClearMarks.dir/TestRedactClearMarks_autogen/mocs_compilation.cpp.obj
[687/1116] Building CXX object CMakeFiles/TestOcrLanguage.dir/tests/TestOcrLanguage.cpp.obj
[688/1116] Building CXX object CMakeFiles/TestLinkSchemeSafety.dir/TestLinkSchemeSafety_autogen/mocs_compilation.cpp.obj
[689/1116] Building CXX object CMakeFiles/TestRedactClearMarks.dir/tests/TestRedactClearMarks.cpp.obj
[690/1116] Building CXX object CMakeFiles/TestLinkSchemeSafety.dir/tests/TestLinkSchemeSafety.cpp.obj
[691/1116] Building CXX object CMakeFiles/TestThumbnailZoom.dir/TestThumbnailZoom_autogen/mocs_compilation.cpp.obj
[692/1116] Building CXX object CMakeFiles/TestThumbnailOffGui.dir/TestThumbnailOffGui_autogen/mocs_compilation.cpp.obj
[693/1116] Building CXX object CMakeFiles/TestThumbnailZoom.dir/tests/TestThumbnailZoom.cpp.obj
[694/1116] Building CXX object CMakeFiles/TestMergeSuccess.dir/TestMergeSuccess_autogen/mocs_compilation.cpp.obj
[695/1116] Building CXX object CMakeFiles/TestThumbnailOffGui.dir/tests/TestThumbnailOffGui.cpp.obj
[696/1116] Building CXX object CMakeFiles/TestFillFormLock.dir/TestFillFormLock_autogen/mocs_compilation.cpp.obj
[697/1116] Building CXX object CMakeFiles/TestMergeSuccess.dir/tests/TestMergeSuccess.cpp.obj
[698/1116] Building CXX object CMakeFiles/TestFillFormNoOp.dir/TestFillFormNoOp_autogen/mocs_compilation.cpp.obj
[699/1116] Building CXX object CMakeFiles/TestFillFormLock.dir/tests/TestFillFormLock.cpp.obj
[700/1116] Building CXX object CMakeFiles/TestReadingOrderInheritance.dir/TestReadingOrderInheritance_autogen/mocs_compilation.cpp.obj
[701/1116] Building CXX object CMakeFiles/TestFillFormNoOp.dir/tests/TestFillFormNoOp.cpp.obj
[702/1116] Building CXX object CMakeFiles/TestShapeInkPersistence.dir/TestShapeInkPersistence_autogen/mocs_compilation.cpp.obj
[703/1116] Building CXX object CMakeFiles/TestReadingOrderInheritance.dir/tests/TestReadingOrderInheritance.cpp.obj
[704/1116] Building CXX object CMakeFiles/TestQuadPointsMarkup.dir/TestQuadPointsMarkup_autogen/mocs_compilation.cpp.obj
[705/1116] Building CXX object CMakeFiles/TestShapeInkPersistence.dir/tests/TestShapeInkPersistence.cpp.obj
[706/1116] Building CXX object CMakeFiles/TestMeasurePanelHonesty.dir/TestMeasurePanelHonesty_autogen/mocs_compilation.cpp.obj
[707/1116] Building CXX object CMakeFiles/TestQuadPointsMarkup.dir/tests/TestQuadPointsMarkup.cpp.obj
[708/1116] Building CXX object CMakeFiles/TestMeasureCore.dir/TestMeasureCore_autogen/mocs_compilation.cpp.obj
[709/1116] Building CXX object CMakeFiles/TestMeasurePanelHonesty.dir/tests/TestMeasurePanelHonesty.cpp.obj
D:/pdf/pdf-litems/tests/TestMeasurePanelHonesty.cpp: In function 'void {anonymous}::layerClick(AnnotationLayer*, const QPointF&)':
D:/pdf/pdf-litems/tests/TestMeasurePanelHonesty.cpp:36:53: warning: 'QMouseEvent::QMouseEvent(QEvent::Type, const QPointF&, Qt::MouseButton, Qt::MouseButtons, Qt::KeyboardModifiers, const QPointingDevice*)' is deprecated: Use another constructor [-Wdeprecated-declarations]
   36 |                       Qt::LeftButton, Qt::NoModifier);
      |                                                     ^
In file included from C:/msys64/ucrt64/include/qt6/QtGui/qtestsupport_gui.h:8,
                 from C:/msys64/ucrt64/include/qt6/QtTest/qtestsystem.h:11,
                 from C:/msys64/ucrt64/include/qt6/QtTest/qtest.h:270,
                 from C:/msys64/ucrt64/include/qt6/QtTest/QtTest:11,
                 from D:/pdf/pdf-litems/tests/TestMeasurePanelHonesty.cpp:16:
C:/msys64/ucrt64/include/qt6/QtGui/qevent.h:202:5: note: declared here
  202 |     QMouseEvent(Type type, const QPointF &localPos, Qt::MouseButton button,
      |     ^~~~~~~~~~~
D:/pdf/pdf-litems/tests/TestMeasurePanelHonesty.cpp:39:55: warning: 'QMouseEvent::QMouseEvent(QEvent::Type, const QPointF&, Qt::MouseButton, Qt::MouseButtons, Qt::KeyboardModifiers, const QPointingDevice*)' is deprecated: Use another constructor [-Wdeprecated-declarations]
   39 |                         Qt::LeftButton, Qt::NoModifier);
      |                                                       ^
C:/msys64/ucrt64/include/qt6/QtGui/qevent.h:202:5: note: declared here
  202 |     QMouseEvent(Type type, const QPointF &localPos, Qt::MouseButton button,
      |     ^~~~~~~~~~~
D:/pdf/pdf-litems/tests/TestMeasurePanelHonesty.cpp: In function 'void {anonymous}::layerDoubleClick(AnnotationLayer*, const QPointF&)':
D:/pdf/pdf-litems/tests/TestMeasurePanelHonesty.cpp:47:51: warning: 'QMouseEvent::QMouseEvent(QEvent::Type, const QPointF&, Qt::MouseButton, Qt::MouseButtons, Qt::KeyboardModifiers, const QPointingDevice*)' is deprecated: Use another constructor [-Wdeprecated-declarations]
   47 |                     Qt::LeftButton, Qt::NoModifier);
      |                                                   ^
C:/msys64/ucrt64/include/qt6/QtGui/qevent.h:202:5: note: declared here
  202 |     QMouseEvent(Type type, const QPointF &localPos, Qt::MouseButton button,
      |     ^~~~~~~~~~~
D:/pdf/pdf-litems/tests/TestMeasurePanelHonesty.cpp:50:55: warning: 'QMouseEvent::QMouseEvent(QEvent::Type, const QPointF&, Qt::MouseButton, Qt::MouseButtons, Qt::KeyboardModifiers, const QPointingDevice*)' is deprecated: Use another constructor [-Wdeprecated-declarations]
   50 |                         Qt::LeftButton, Qt::NoModifier);
      |                                                       ^
C:/msys64/ucrt64/include/qt6/QtGui/qevent.h:202:5: note: declared here
  202 |     QMouseEvent(Type type, const QPointF &localPos, Qt::MouseButton button,
      |     ^~~~~~~~~~~
[710/1116] Building CXX object CMakeFiles/TestMeasureRoundTrip.dir/TestMeasureRoundTrip_autogen/mocs_compilation.cpp.obj
[711/1116] Building CXX object CMakeFiles/TestMeasureCore.dir/tests/TestMeasureCore.cpp.obj
[712/1116] Building CXX object CMakeFiles/TestLegacyOriginSpace.dir/TestLegacyOriginSpace_autogen/mocs_compilation.cpp.obj
[713/1116] Building CXX object CMakeFiles/TestMeasureRoundTrip.dir/tests/TestMeasureRoundTrip.cpp.obj
[714/1116] Building CXX object CMakeFiles/TestMeasureCsvExport.dir/TestMeasureCsvExport_autogen/mocs_compilation.cpp.obj
[715/1116] Building CXX object CMakeFiles/TestLegacyOriginSpace.dir/tests/TestLegacyOriginSpace.cpp.obj
D:/pdf/pdf-litems/tests/TestLegacyOriginSpace.cpp: In function 'constexpr bool {anonymous}::rectClose(const QRectF&, const QRectF&)':
D:/pdf/pdf-litems/tests/TestLegacyOriginSpace.cpp:59:21: warning: call to non-'constexpr' function 'double fabs(double)' [-Winvalid-constexpr]
   59 |     return std::fabs(a.x() - b.x()) < 0.01 && std::fabs(a.y() - b.y()) < 0.01
      |            ~~~~~~~~~^~~~~~~~~~~~~~~
In file included from D:/pdf/msys64/ucrt64/include/c++/16.1.0/cmath:55,
                 from C:/msys64/ucrt64/include/qt6/QtCore/qnumeric.h:19,
                 from C:/msys64/ucrt64/include/qt6/QtCore/qglobal.h:60,
                 from C:/msys64/ucrt64/include/qt6/QtCore/QtCore:4,
                 from C:/msys64/ucrt64/include/qt6/QtTest/QtTestDepends:3,
                 from C:/msys64/ucrt64/include/qt6/QtTest/QtTest:3,
                 from D:/pdf/pdf-litems/tests/TestLegacyOriginSpace.cpp:27:
D:/pdf/msys64/ucrt64/include/math.h:229:31: note: 'double fabs(double)' declared here
  229 |   __CRT_INLINE double __cdecl fabs (double x)
      |                               ^~~~
[716/1116] Building CXX object CMakeFiles/TestCompressStripSanitize.dir/TestCompressStripSanitize_autogen/mocs_compilation.cpp.obj
[717/1116] Building CXX object CMakeFiles/TestMeasureCsvExport.dir/tests/TestMeasureCsvExport.cpp.obj
[718/1116] Building CXX object CMakeFiles/TestCompressDialogHonesty.dir/TestCompressDialogHonesty_autogen/mocs_compilation.cpp.obj
[719/1116] Building CXX object CMakeFiles/TestCompressStripSanitize.dir/tests/TestCompressStripSanitize.cpp.obj
[720/1116] Building CXX object CMakeFiles/TestFieldMetadata.dir/TestFieldMetadata_autogen/mocs_compilation.cpp.obj
[721/1116] Building CXX object CMakeFiles/TestCompressDialogHonesty.dir/tests/TestCompressDialogHonesty.cpp.obj
[722/1116] Building CXX object CMakeFiles/TestFormSafety.dir/TestFormSafety_autogen/mocs_compilation.cpp.obj
[723/1116] Building CXX object CMakeFiles/TestFieldMetadata.dir/tests/TestFieldMetadata.cpp.obj
[724/1116] Building CXX object CMakeFiles/TestFormJsCalc.dir/TestFormJsCalc_autogen/mocs_compilation.cpp.obj
[725/1116] Building CXX object CMakeFiles/TestFormSafety.dir/tests/TestFormSafety.cpp.obj
[726/1116] Building CXX object CMakeFiles/TestFormJsAdversarial.dir/TestFormJsAdversarial_autogen/mocs_compilation.cpp.obj
[727/1116] Building CXX object CMakeFiles/TestFormJsCalc.dir/tests/TestFormJsCalc.cpp.obj
D:/pdf/pdf-litems/tests/TestFormJsCalc.cpp: In member function 'QString TestFormJsCalc::makeOrderForm(const QString&)':
D:/pdf/pdf-litems/tests/TestFormJsCalc.cpp:281:27: warning: missing initializer for member '{anonymous}::FieldSpec::validateScript' [-Wmissing-field-initializers]
  281 |         return makeFormPdf(name,
      |                ~~~~~~~~~~~^~~~~~
  282 |         {
      |         ~                  
  283 |             { QStringLiteral("qty1"), {}, {}, {} },
      |             ~~~~~~~~~~~~~~~~~~~~~~~~~~~~~~~~~~~~~~~
  284 |             { QStringLiteral("price1"), {}, {}, {} },
      |             ~~~~~~~~~~~~~~~~~~~~~~~~~~~~~~~~~~~~~~~~~
  285 |             { QStringLiteral("qty2"), {}, {}, {} },
      |             ~~~~~~~~~~~~~~~~~~~~~~~~~~~~~~~~~~~~~~~
  286 |             { QStringLiteral("price2"), {}, {}, {} },
      |             ~~~~~~~~~~~~~~~~~~~~~~~~~~~~~~~~~~~~~~~~~
  287 |             { QStringLiteral("line1"),
      |             ~~~~~~~~~~~~~~~~~~~~~~~~~~
  288 |               QStringLiteral("AFSimple_Calculate('PROD', new Array('qty1','price1'));"), {}, {} },
      |               ~~~~~~~~~~~~~~~~~~~~~~~~~~~~~~~~~~~~~~~~~~~~~~~~~~~~~~~~~~~~~~~~~~~~~~~~~~~~~~~~~~~~
  289 |             { QStringLiteral("line2"),
      |             ~~~~~~~~~~~~~~~~~~~~~~~~~~
  290 |               QStringLiteral("AFSimple_Calculate('PROD', new Array('qty2','price2'));"), {}, {} },
      |               ~~~~~~~~~~~~~~~~~~~~~~~~~~~~~~~~~~~~~~~~~~~~~~~~~~~~~~~~~~~~~~~~~~~~~~~~~~~~~~~~~~~~
  291 |             { QStringLiteral("total"),
      |             ~~~~~~~~~~~~~~~~~~~~~~~~~~
  292 |               QStringLiteral("AFSimple_Calculate('SUM', new Array('line1','line2'));"),
      |               ~~~~~~~~~~~~~~~~~~~~~~~~~~~~~~~~~~~~~~~~~~~~~~~~~~~~~~~~~~~~~~~~~~~~~~~~~
  293 |               QStringLiteral("AFNumber_Format(2, 0, 0, 0, \"$\", true);"), {} },
      |               ~~~~~~~~~~~~~~~~~~~~~~~~~~~~~~~~~~~~~~~~~~~~~~~~~~~~~~~~~~~~~~~~~~
  294 |         },
      |         ~~                 
  295 |         { QStringLiteral("line1"), QStringLiteral("line2"), QStringLiteral("total") });
      |         ~~~~~~~~~~~~~~~~~~~~~~~~~~~~~~~~~~~~~~~~~~~~~~~~~~~~~~~~~~~~~~~~~~~~~~~~~~~~~~
D:/pdf/pdf-litems/tests/TestFormJsCalc.cpp:281:27: warning: missing initializer for member '{anonymous}::FieldSpec::keystrokeScript' [-Wmissing-field-initializers]
D:/pdf/pdf-litems/tests/TestFormJsCalc.cpp:281:27: warning: missing initializer for member '{anonymous}::FieldSpec::validateScript' [-Wmissing-field-initializers]
D:/pdf/pdf-litems/tests/TestFormJsCalc.cpp:281:27: warning: missing initializer for member '{anonymous}::FieldSpec::keystrokeScript' [-Wmissing-field-initializers]
D:/pdf/pdf-litems/tests/TestFormJsCalc.cpp:281:27: warning: missing initializer for member '{anonymous}::FieldSpec::validateScript' [-Wmissing-field-initializers]
D:/pdf/pdf-litems/tests/TestFormJsCalc.cpp:281:27: warning: missing initializer for member '{anonymous}::FieldSpec::keystrokeScript' [-Wmissing-field-initializers]
D:/pdf/pdf-litems/tests/TestFormJsCalc.cpp:281:27: warning: missing initializer for member '{anonymous}::FieldSpec::validateScript' [-Wmissing-field-initializers]
D:/pdf/pdf-litems/tests/TestFormJsCalc.cpp:281:27: warning: missing initializer for member '{anonymous}::FieldSpec::keystrokeScript' [-Wmissing-field-initializers]
D:/pdf/pdf-litems/tests/TestFormJsCalc.cpp:281:27: warning: missing initializer for member '{anonymous}::FieldSpec::validateScript' [-Wmissing-field-initializers]
D:/pdf/pdf-litems/tests/TestFormJsCalc.cpp:281:27: warning: missing initializer for member '{anonymous}::FieldSpec::keystrokeScript' [-Wmissing-field-initializers]
D:/pdf/pdf-litems/tests/TestFormJsCalc.cpp:281:27: warning: missing initializer for member '{anonymous}::FieldSpec::validateScript' [-Wmissing-field-initializers]
D:/pdf/pdf-litems/tests/TestFormJsCalc.cpp:281:27: warning: missing initializer for member '{anonymous}::FieldSpec::keystrokeScript' [-Wmissing-field-initializers]
D:/pdf/pdf-litems/tests/TestFormJsCalc.cpp:281:27: warning: missing initializer for member '{anonymous}::FieldSpec::validateScript' [-Wmissing-field-initializers]
D:/pdf/pdf-litems/tests/TestFormJsCalc.cpp:281:27: warning: missing initializer for member '{anonymous}::FieldSpec::keystrokeScript' [-Wmissing-field-initializers]
D:/pdf/pdf-litems/tests/TestFormJsCalc.cpp: In member function 'void TestFormJsCalc::endEventTimeoutKeepsValueAndDisclosesSkipped()':
D:/pdf/pdf-litems/tests/TestFormJsCalc.cpp:942:37: warning: missing initializer for member '{anonymous}::FieldSpec::validateScript' [-Wmissing-field-initializers]
  942 |     const QString form = makeFormPdf(QStringLiteral("order-endhook.pdf"),
      |                          ~~~~~~~~~~~^~~~~~~~~~~~~~~~~~~~~~~~~~~~~~~~~~~~~
  943 |     {
      |     ~                                
  944 |         { QStringLiteral("qty1"), {}, {}, {} },
      |         ~~~~~~~~~~~~~~~~~~~~~~~~~~~~~~~~~~~~~~~
  945 |         { QStringLiteral("blocker"),
      |         ~~~~~~~~~~~~~~~~~~~~~~~~~~~~ 
  946 |           QStringLiteral("globalThis.__gpEndEvent = function () { while (true) {} }; event.value = 'x';"), {}, {} },
      |           ~~~~~~~~~~~~~~~~~~~~~~~~~~~~~~~~~~~~~~~~~~~~~~~~~~~~~~~~~~~~~~~~~~~~~~~~~~~~~~~~~~~~~~~~~~~~~~~~~~~~~~~~~~
  947 |         { QStringLiteral("total"),
      |         ~~~~~~~~~~~~~~~~~~~~~~~~~~   
  948 |           QStringLiteral("AFSimple_Calculate('SUM', new Array('qty1'));"), {}, QStringLiteral("0") },
      |           ~~~~~~~~~~~~~~~~~~~~~~~~~~~~~~~~~~~~~~~~~~~~~~~~~~~~~~~~~~~~~~~~~~~~~~~~~~~~~~~~~~~~~~~~~~~
  949 |     },
      |     ~~                               
  950 |     { QStringLiteral("blocker"), QStringLiteral("total") });
      |     ~~~~~~~~~~~~~~~~~~~~~~~~~~~~~~~~~~~~~~~~~~~~~~~~~~~~~~~
D:/pdf/pdf-litems/tests/TestFormJsCalc.cpp:942:37: warning: missing initializer for member '{anonymous}::FieldSpec::keystrokeScript' [-Wmissing-field-initializers]
D:/pdf/pdf-litems/tests/TestFormJsCalc.cpp:942:37: warning: missing initializer for member '{anonymous}::FieldSpec::validateScript' [-Wmissing-field-initializers]
D:/pdf/pdf-litems/tests/TestFormJsCalc.cpp:942:37: warning: missing initializer for member '{anonymous}::FieldSpec::keystrokeScript' [-Wmissing-field-initializers]
D:/pdf/pdf-litems/tests/TestFormJsCalc.cpp:942:37: warning: missing initializer for member '{anonymous}::FieldSpec::validateScript' [-Wmissing-field-initializers]
D:/pdf/pdf-litems/tests/TestFormJsCalc.cpp:942:37: warning: missing initializer for member '{anonymous}::FieldSpec::keystrokeScript' [-Wmissing-field-initializers]
D:/pdf/pdf-litems/tests/TestFormJsCalc.cpp: In member function 'void TestFormJsCalc::syntaxErrorKeepsCommittedValueAndOthersCalculate()':
D:/pdf/pdf-litems/tests/TestFormJsCalc.cpp:1057:37: warning: missing initializer for member '{anonymous}::FieldSpec::validateScript' [-Wmissing-field-initializers]
 1057 |     const QString form = makeFormPdf(QStringLiteral("order-syntax.pdf"),
      |                          ~~~~~~~~~~~^~~~~~~~~~~~~~~~~~~~~~~~~~~~~~~~~~~~
 1058 |     {
      |     ~                                
 1059 |         { QStringLiteral("qty1"), {}, {}, {} },
      |         ~~~~~~~~~~~~~~~~~~~~~~~~~~~~~~~~~~~~~~~
 1060 |         { QStringLiteral("price1"), {}, {}, {} },
      |         ~~~~~~~~~~~~~~~~~~~~~~~~~~~~~~~~~~~~~~~~~
 1061 |         { QStringLiteral("qty2"), {}, {}, {} },
      |         ~~~~~~~~~~~~~~~~~~~~~~~~~~~~~~~~~~~~~~~
 1062 |         { QStringLiteral("price2"), {}, {}, {} },
      |         ~~~~~~~~~~~~~~~~~~~~~~~~~~~~~~~~~~~~~~~~~
 1063 |         { QStringLiteral("line1"), QStringLiteral("AFSimple_Calculate('PROD'"), {}, {} }, // syntax error
      |         ~~~~~~~~~~~~~~~~~~~~~~~~~~~~~~~~~~~~~~~~~~~~~~~~~~~~~~~~~~~~~~~~~~~~~~~~~~~~~~~~~~~~~~~~~~~~~~~~~
 1064 |         { QStringLiteral("line2"),
      |         ~~~~~~~~~~~~~~~~~~~~~~~~~~   
 1065 |           QStringLiteral("AFSimple_Calculate('PROD', new Array('qty2','price2'));"), {}, {} },
      |           ~~~~~~~~~~~~~~~~~~~~~~~~~~~~~~~~~~~~~~~~~~~~~~~~~~~~~~~~~~~~~~~~~~~~~~~~~~~~~~~~~~~~
 1066 |         { QStringLiteral("total"),
      |         ~~~~~~~~~~~~~~~~~~~~~~~~~~   
 1067 |           QStringLiteral("AFSimple_Calculate('SUM', new Array('line1','line2'));"), {}, {} },
      |           ~~~~~~~~~~~~~~~~~~~~~~~~~~~~~~~~~~~~~~~~~~~~~~~~~~~~~~~~~~~~~~~~~~~~~~~~~~~~~~~~~~~
 1068 |     },
      |     ~~                               
 1069 |     { QStringLiteral("line1"), QStringLiteral("line2"), QStringLiteral("total") });
      |     ~~~~~~~~~~~~~~~~~~~~~~~~~~~~~~~~~~~~~~~~~~~~~~~~~~~~~~~~~~~~~~~~~~~~~~~~~~~~~~
D:/pdf/pdf-litems/tests/TestFormJsCalc.cpp:1057:37: warning: missing initializer for member '{anonymous}::FieldSpec::keystrokeScript' [-Wmissing-field-initializers]
D:/pdf/pdf-litems/tests/TestFormJsCalc.cpp:1057:37: warning: missing initializer for member '{anonymous}::FieldSpec::validateScript' [-Wmissing-field-initializers]
D:/pdf/pdf-litems/tests/TestFormJsCalc.cpp:1057:37: warning: missing initializer for member '{anonymous}::FieldSpec::keystrokeScript' [-Wmissing-field-initializers]
D:/pdf/pdf-litems/tests/TestFormJsCalc.cpp:1057:37: warning: missing initializer for member '{anonymous}::FieldSpec::validateScript' [-Wmissing-field-initializers]
D:/pdf/pdf-litems/tests/TestFormJsCalc.cpp:1057:37: warning: missing initializer for member '{anonymous}::FieldSpec::keystrokeScript' [-Wmissing-field-initializers]
D:/pdf/pdf-litems/tests/TestFormJsCalc.cpp:1057:37: warning: missing initializer for member '{anonymous}::FieldSpec::validateScript' [-Wmissing-field-initializers]
D:/pdf/pdf-litems/tests/TestFormJsCalc.cpp:1057:37: warning: missing initializer for member '{anonymous}::FieldSpec::keystrokeScript' [-Wmissing-field-initializers]
D:/pdf/pdf-litems/tests/TestFormJsCalc.cpp:1057:37: warning: missing initializer for member '{anonymous}::FieldSpec::validateScript' [-Wmissing-field-initializers]
D:/pdf/pdf-litems/tests/TestFormJsCalc.cpp:1057:37: warning: missing initializer for member '{anonymous}::FieldSpec::keystrokeScript' [-Wmissing-field-initializers]
D:/pdf/pdf-litems/tests/TestFormJsCalc.cpp:1057:37: warning: missing initializer for member '{anonymous}::FieldSpec::validateScript' [-Wmissing-field-initializers]
D:/pdf/pdf-litems/tests/TestFormJsCalc.cpp:1057:37: warning: missing initializer for member '{anonymous}::FieldSpec::keystrokeScript' [-Wmissing-field-initializers]
D:/pdf/pdf-litems/tests/TestFormJsCalc.cpp:1057:37: warning: missing initializer for member '{anonymous}::FieldSpec::validateScript' [-Wmissing-field-initializers]
D:/pdf/pdf-litems/tests/TestFormJsCalc.cpp:1057:37: warning: missing initializer for member '{anonymous}::FieldSpec::keystrokeScript' [-Wmissing-field-initializers]
D:/pdf/pdf-litems/tests/TestFormJsCalc.cpp: In member function 'void TestFormJsCalc::infiniteLoopKeepsValueAndSaveProceeds()':
D:/pdf/pdf-litems/tests/TestFormJsCalc.cpp:1094:37: warning: missing initializer for member '{anonymous}::FieldSpec::validateScript' [-Wmissing-field-initializers]
 1094 |     const QString form = makeFormPdf(QStringLiteral("order-loop.pdf"),
      |                          ~~~~~~~~~~~^~~~~~~~~~~~~~~~~~~~~~~~~~~~~~~~~~
 1095 |     {
      |     ~                                
 1096 |         { QStringLiteral("qty1"), {}, {}, {} },
      |         ~~~~~~~~~~~~~~~~~~~~~~~~~~~~~~~~~~~~~~~
 1097 |         { QStringLiteral("total"), QStringLiteral("while (true) {}"), {}, QStringLiteral("99") },
      |         ~~~~~~~~~~~~~~~~~~~~~~~~~~~~~~~~~~~~~~~~~~~~~~~~~~~~~~~~~~~~~~~~~~~~~~~~~~~~~~~~~~~~~~~~~
 1098 |     },
      |     ~~                               
 1099 |     { QStringLiteral("total") });
      |     ~~~~~~~~~~~~~~~~~~~~~~~~~~~~     
D:/pdf/pdf-litems/tests/TestFormJsCalc.cpp:1094:37: warning: missing initializer for member '{anonymous}::FieldSpec::keystrokeScript' [-Wmissing-field-initializers]
D:/pdf/pdf-litems/tests/TestFormJsCalc.cpp:1094:37: warning: missing initializer for member '{anonymous}::FieldSpec::validateScript' [-Wmissing-field-initializers]
D:/pdf/pdf-litems/tests/TestFormJsCalc.cpp:1094:37: warning: missing initializer for member '{anonymous}::FieldSpec::keystrokeScript' [-Wmissing-field-initializers]
D:/pdf/pdf-litems/tests/TestFormJsCalc.cpp: In member function 'void TestFormJsCalc::cyclicCalculationOrderTerminates()':
D:/pdf/pdf-litems/tests/TestFormJsCalc.cpp:1126:37: warning: missing initializer for member '{anonymous}::FieldSpec::validateScript' [-Wmissing-field-initializers]
 1126 |     const QString form = makeFormPdf(QStringLiteral("cyclic-co.pdf"),
      |                          ~~~~~~~~~~~^~~~~~~~~~~~~~~~~~~~~~~~~~~~~~~~~
 1127 |     {
      |     ~                                
 1128 |         { QStringLiteral("a"), QStringLiteral("event.value = 1;"), {}, {} },
      |         ~~~~~~~~~~~~~~~~~~~~~~~~~~~~~~~~~~~~~~~~~~~~~~~~~~~~~~~~~~~~~~~~~~~~
 1129 |         { QStringLiteral("b"), QStringLiteral("AFSimple_Calculate('SUM', new Array('a'));"), {}, {} },
      |         ~~~~~~~~~~~~~~~~~~~~~~~~~~~~~~~~~~~~~~~~~~~~~~~~~~~~~~~~~~~~~~~~~~~~~~~~~~~~~~~~~~~~~~~~~~~~~~
 1130 |     },
      |     ~~                               
 1131 |     { QStringLiteral("a"), QStringLiteral("b"), QStringLiteral("a") }); // cycle
      |     ~~~~~~~~~~~~~~~~~~~~~~~~~~~~~~~~~~~~~~~~~~~~~~~~~~~~~~~~~~~~~~~~~~
D:/pdf/pdf-litems/tests/TestFormJsCalc.cpp:1126:37: warning: missing initializer for member '{anonymous}::FieldSpec::keystrokeScript' [-Wmissing-field-initializers]
D:/pdf/pdf-litems/tests/TestFormJsCalc.cpp:1126:37: warning: missing initializer for member '{anonymous}::FieldSpec::validateScript' [-Wmissing-field-initializers]
D:/pdf/pdf-litems/tests/TestFormJsCalc.cpp:1126:37: warning: missing initializer for member '{anonymous}::FieldSpec::keystrokeScript' [-Wmissing-field-initializers]
D:/pdf/pdf-litems/tests/TestFormJsCalc.cpp: In member function 'void TestFormJsCalc::dependentChainMidCascadeFailureIsFieldAttributedAndDownstreamComputesFromCommittedState()':
D:/pdf/pdf-litems/tests/TestFormJsCalc.cpp:1296:37: warning: missing initializer for member '{anonymous}::FieldSpec::validateScript' [-Wmissing-field-initializers]
 1296 |     const QString form = makeFormPdf(QStringLiteral("chain-exception.pdf"),
      |                          ~~~~~~~~~~~^~~~~~~~~~~~~~~~~~~~~~~~~~~~~~~~~~~~~~~
 1297 |     {
      |     ~                                
 1298 |         { QStringLiteral("input"), {}, {}, {} },
      |         ~~~~~~~~~~~~~~~~~~~~~~~~~~~~~~~~~~~~~~~~
 1299 |         { QStringLiteral("a"), QStringLiteral("event.value = Number(this.getField('input').value);"), {}, {} },
      |         ~~~~~~~~~~~~~~~~~~~~~~~~~~~~~~~~~~~~~~~~~~~~~~~~~~~~~~~~~~~~~~~~~~~~~~~~~~~~~~~~~~~~~~~~~~~~~~~~~~~~~~~
 1300 |         { QStringLiteral("b"), QStringLiteral("throw new Error('boom');"), {}, QStringLiteral("7") },
      |         ~~~~~~~~~~~~~~~~~~~~~~~~~~~~~~~~~~~~~~~~~~~~~~~~~~~~~~~~~~~~~~~~~~~~~~~~~~~~~~~~~~~~~~~~~~~~~
 1301 |         { QStringLiteral("total"),
      |         ~~~~~~~~~~~~~~~~~~~~~~~~~~   
 1302 |           QStringLiteral("AFSimple_Calculate('SUM', new Array('a','b'));"), {}, QStringLiteral("0") },
      |           ~~~~~~~~~~~~~~~~~~~~~~~~~~~~~~~~~~~~~~~~~~~~~~~~~~~~~~~~~~~~~~~~~~~~~~~~~~~~~~~~~~~~~~~~~~~~
 1303 |     },
      |     ~~                               
 1304 |     { QStringLiteral("a"), QStringLiteral("b"), QStringLiteral("total") });
      |     ~~~~~~~~~~~~~~~~~~~~~~~~~~~~~~~~~~~~~~~~~~~~~~~~~~~~~~~~~~~~~~~~~~~~~~
D:/pdf/pdf-litems/tests/TestFormJsCalc.cpp:1296:37: warning: missing initializer for member '{anonymous}::FieldSpec::keystrokeScript' [-Wmissing-field-initializers]
D:/pdf/pdf-litems/tests/TestFormJsCalc.cpp:1296:37: warning: missing initializer for member '{anonymous}::FieldSpec::validateScript' [-Wmissing-field-initializers]
D:/pdf/pdf-litems/tests/TestFormJsCalc.cpp:1296:37: warning: missing initializer for member '{anonymous}::FieldSpec::keystrokeScript' [-Wmissing-field-initializers]
D:/pdf/pdf-litems/tests/TestFormJsCalc.cpp:1296:37: warning: missing initializer for member '{anonymous}::FieldSpec::validateScript' [-Wmissing-field-initializers]
D:/pdf/pdf-litems/tests/TestFormJsCalc.cpp:1296:37: warning: missing initializer for member '{anonymous}::FieldSpec::keystrokeScript' [-Wmissing-field-initializers]
D:/pdf/pdf-litems/tests/TestFormJsCalc.cpp:1296:37: warning: missing initializer for member '{anonymous}::FieldSpec::validateScript' [-Wmissing-field-initializers]
D:/pdf/pdf-litems/tests/TestFormJsCalc.cpp:1296:37: warning: missing initializer for member '{anonymous}::FieldSpec::keystrokeScript' [-Wmissing-field-initializers]
D:/pdf/pdf-litems/tests/TestFormJsCalc.cpp: In member function 'void TestFormJsCalc::dependentChainTimeoutAbortsMidCascadeAndDisclosesDownstreamStale()':
D:/pdf/pdf-litems/tests/TestFormJsCalc.cpp:1339:37: warning: missing initializer for member '{anonymous}::FieldSpec::validateScript' [-Wmissing-field-initializers]
 1339 |     const QString form = makeFormPdf(QStringLiteral("chain-timeout.pdf"),
      |                          ~~~~~~~~~~~^~~~~~~~~~~~~~~~~~~~~~~~~~~~~~~~~~~~~
 1340 |     {
      |     ~                                
 1341 |         { QStringLiteral("input"), {}, {}, {} },
      |         ~~~~~~~~~~~~~~~~~~~~~~~~~~~~~~~~~~~~~~~~
 1342 |         { QStringLiteral("a"), QStringLiteral("event.value = Number(this.getField('input').value);"), {}, {} },
      |         ~~~~~~~~~~~~~~~~~~~~~~~~~~~~~~~~~~~~~~~~~~~~~~~~~~~~~~~~~~~~~~~~~~~~~~~~~~~~~~~~~~~~~~~~~~~~~~~~~~~~~~~
 1343 |         { QStringLiteral("b"),
      |         ~~~~~~~~~~~~~~~~~~~~~~       
 1344 |           QStringLiteral("while (true) {}"), {}, QStringLiteral("7") },
      |           ~~~~~~~~~~~~~~~~~~~~~~~~~~~~~~~~~~~~~~~~~~~~~~~~~~~~~~~~~~~~~
 1345 |         { QStringLiteral("total"),
      |         ~~~~~~~~~~~~~~~~~~~~~~~~~~   
 1346 |           QStringLiteral("AFSimple_Calculate('SUM', new Array('a','b'));"), {}, QStringLiteral("0") },
      |           ~~~~~~~~~~~~~~~~~~~~~~~~~~~~~~~~~~~~~~~~~~~~~~~~~~~~~~~~~~~~~~~~~~~~~~~~~~~~~~~~~~~~~~~~~~~~
 1347 |     },
      |     ~~                               
 1348 |     { QStringLiteral("a"), QStringLiteral("b"), QStringLiteral("total") });
      |     ~~~~~~~~~~~~~~~~~~~~~~~~~~~~~~~~~~~~~~~~~~~~~~~~~~~~~~~~~~~~~~~~~~~~~~
D:/pdf/pdf-litems/tests/TestFormJsCalc.cpp:1339:37: warning: missing initializer for member '{anonymous}::FieldSpec::keystrokeScript' [-Wmissing-field-initializers]
D:/pdf/pdf-litems/tests/TestFormJsCalc.cpp:1339:37: warning: missing initializer for member '{anonymous}::FieldSpec::validateScript' [-Wmissing-field-initializers]
D:/pdf/pdf-litems/tests/TestFormJsCalc.cpp:1339:37: warning: missing initializer for member '{anonymous}::FieldSpec::keystrokeScript' [-Wmissing-field-initializers]
D:/pdf/pdf-litems/tests/TestFormJsCalc.cpp:1339:37: warning: missing initializer for member '{anonymous}::FieldSpec::validateScript' [-Wmissing-field-initializers]
D:/pdf/pdf-litems/tests/TestFormJsCalc.cpp:1339:37: warning: missing initializer for member '{anonymous}::FieldSpec::keystrokeScript' [-Wmissing-field-initializers]
D:/pdf/pdf-litems/tests/TestFormJsCalc.cpp:1339:37: warning: missing initializer for member '{anonymous}::FieldSpec::validateScript' [-Wmissing-field-initializers]
D:/pdf/pdf-litems/tests/TestFormJsCalc.cpp:1339:37: warning: missing initializer for member '{anonymous}::FieldSpec::keystrokeScript' [-Wmissing-field-initializers]
D:/pdf/pdf-litems/tests/TestFormJsCalc.cpp: In member function 'void TestFormJsCalc::preCascadeEngineFailureNamesEveryCalculatedFieldStale()':
D:/pdf/pdf-litems/tests/TestFormJsCalc.cpp:1383:37: warning: missing initializer for member '{anonymous}::FieldSpec::validateScript' [-Wmissing-field-initializers]
 1383 |     const QString form = makeFormPdf(QStringLiteral("chain-precascade.pdf"),
      |                          ~~~~~~~~~~~^~~~~~~~~~~~~~~~~~~~~~~~~~~~~~~~~~~~~~~~
 1384 |     {
      |     ~                                
 1385 |         big,
      |         ~~~~                         
 1386 |         { QStringLiteral("total"),
      |         ~~~~~~~~~~~~~~~~~~~~~~~~~~   
 1387 |           QStringLiteral("AFSimple_Calculate('SUM', new Array('big'));"), {}, QStringLiteral("0") },
      |           ~~~~~~~~~~~~~~~~~~~~~~~~~~~~~~~~~~~~~~~~~~~~~~~~~~~~~~~~~~~~~~~~~~~~~~~~~~~~~~~~~~~~~~~~~~
 1388 |     },
      |     ~~                               
 1389 |     { QStringLiteral("total") });
      |     ~~~~~~~~~~~~~~~~~~~~~~~~~~~~     
D:/pdf/pdf-litems/tests/TestFormJsCalc.cpp:1383:37: warning: missing initializer for member '{anonymous}::FieldSpec::keystrokeScript' [-Wmissing-field-initializers]
D:/pdf/pdf-litems/tests/TestFormJsCalc.cpp: In member function 'void TestFormJsCalc::validateRejectsBlockedValueKeepsPreviousAndDiscloses()':
D:/pdf/pdf-litems/tests/TestFormJsCalc.cpp:1423:37: warning: missing initializer for member '{anonymous}::FieldSpec::keystrokeScript' [-Wmissing-field-initializers]
 1423 |     const QString form = makeFormPdf(QStringLiteral("validate-reject.pdf"),
      |                          ~~~~~~~~~~~^~~~~~~~~~~~~~~~~~~~~~~~~~~~~~~~~~~~~~~
 1424 |     {
      |     ~                                
 1425 |         { QStringLiteral("qty"), {}, {}, QStringLiteral("3"),
      |         ~~~~~~~~~~~~~~~~~~~~~~~~~~~~~~~~~~~~~~~~~~~~~~~~~~~~~
 1426 |           QStringLiteral("if (Number(event.value) > 10) { event.rc = false; }") },
      |           ~~~~~~~~~~~~~~~~~~~~~~~~~~~~~~~~~~~~~~~~~~~~~~~~~~~~~~~~~~~~~~~~~~~~~~~~
 1427 |         { QStringLiteral("note"), {}, {}, {}, {} },
      |         ~~~~~~~~~~~~~~~~~~~~~~~~~~~~~~~~~~~~~~~~~~~
 1428 |     },
      |     ~~                               
 1429 |     {});
      |     ~~~                              
D:/pdf/pdf-litems/tests/TestFormJsCalc.cpp:1423:37: warning: missing initializer for member '{anonymous}::FieldSpec::keystrokeScript' [-Wmissing-field-initializers]
D:/pdf/pdf-litems/tests/TestFormJsCalc.cpp: In member function 'void TestFormJsCalc::validateTransformsTheValueAcrobatSemantics()':
D:/pdf/pdf-litems/tests/TestFormJsCalc.cpp:1456:37: warning: missing initializer for member '{anonymous}::FieldSpec::keystrokeScript' [-Wmissing-field-initializers]
 1456 |     const QString form = makeFormPdf(QStringLiteral("validate-transform.pdf"),
      |                          ~~~~~~~~~~~^~~~~~~~~~~~~~~~~~~~~~~~~~~~~~~~~~~~~~~~~~
 1457 |     {
      |     ~                                
 1458 |         { QStringLiteral("qty"), {}, {}, QStringLiteral("0"),
      |         ~~~~~~~~~~~~~~~~~~~~~~~~~~~~~~~~~~~~~~~~~~~~~~~~~~~~~
 1459 |           QStringLiteral("event.value = Number(event.value) * 2;") },
      |           ~~~~~~~~~~~~~~~~~~~~~~~~~~~~~~~~~~~~~~~~~~~~~~~~~~~~~~~~~~~
 1460 |     },
      |     ~~                               
 1461 |     {});
      |     ~~~                              
D:/pdf/pdf-litems/tests/TestFormJsCalc.cpp: In member function 'void TestFormJsCalc::validateTimeoutBlocksCommitAndTheRestStillFills()':
D:/pdf/pdf-litems/tests/TestFormJsCalc.cpp:1477:37: warning: missing initializer for member '{anonymous}::FieldSpec::keystrokeScript' [-Wmissing-field-initializers]
 1477 |     const QString form = makeFormPdf(QStringLiteral("validate-timeout.pdf"),
      |                          ~~~~~~~~~~~^~~~~~~~~~~~~~~~~~~~~~~~~~~~~~~~~~~~~~~~
 1478 |     {
      |     ~                                
 1479 |         { QStringLiteral("qty"), {}, {}, QStringLiteral("3"), QStringLiteral("while (true) {}") },
      |         ~~~~~~~~~~~~~~~~~~~~~~~~~~~~~~~~~~~~~~~~~~~~~~~~~~~~~~~~~~~~~~~~~~~~~~~~~~~~~~~~~~~~~~~~~~
 1480 |         { QStringLiteral("total"),
      |         ~~~~~~~~~~~~~~~~~~~~~~~~~~   
 1481 |           QStringLiteral("AFSimple_Calculate('SUM', new Array('qty'));"), {}, QStringLiteral("0") },
      |           ~~~~~~~~~~~~~~~~~~~~~~~~~~~~~~~~~~~~~~~~~~~~~~~~~~~~~~~~~~~~~~~~~~~~~~~~~~~~~~~~~~~~~~~~~~
 1482 |     },
      |     ~~                               
 1483 |     { QStringLiteral("total") });
      |     ~~~~~~~~~~~~~~~~~~~~~~~~~~~~     
D:/pdf/pdf-litems/tests/TestFormJsCalc.cpp:1477:37: warning: missing initializer for member '{anonymous}::FieldSpec::validateScript' [-Wmissing-field-initializers]
D:/pdf/pdf-litems/tests/TestFormJsCalc.cpp:1477:37: warning: missing initializer for member '{anonymous}::FieldSpec::keystrokeScript' [-Wmissing-field-initializers]
D:/pdf/pdf-litems/tests/TestFormJsCalc.cpp: In member function 'void TestFormJsCalc::fillWithoutValidateScriptNeverBlocks()':
D:/pdf/pdf-litems/tests/TestFormJsCalc.cpp:1525:37: warning: missing initializer for member '{anonymous}::FieldSpec::validateScript' [-Wmissing-field-initializers]
 1525 |     const QString form = makeFormPdf(QStringLiteral("validate-none.pdf"),
      |                          ~~~~~~~~~~~^~~~~~~~~~~~~~~~~~~~~~~~~~~~~~~~~~~~~
 1526 |     {
      |     ~                                
 1527 |         { QStringLiteral("qty"), {}, {}, QStringLiteral("0") },
      |         ~~~~~~~~~~~~~~~~~~~~~~~~~~~~~~~~~~~~~~~~~~~~~~~~~~~~~~~
 1528 |     },
      |     ~~                               
 1529 |     {});
      |     ~~~                              
D:/pdf/pdf-litems/tests/TestFormJsCalc.cpp:1525:37: warning: missing initializer for member '{anonymous}::FieldSpec::keystrokeScript' [-Wmissing-field-initializers]
D:/pdf/pdf-litems/tests/TestFormJsCalc.cpp: In member function 'void TestFormJsCalc::keystrokeWithoutScriptNeverRunsAndTypingStands()':
D:/pdf/pdf-litems/tests/TestFormJsCalc.cpp:1727:37: warning: missing initializer for member '{anonymous}::FieldSpec::keystrokeScript' [-Wmissing-field-initializers]
 1727 |     const QString form = makeFormPdf(QStringLiteral("keystroke-none.pdf"),
      |                          ~~~~~~~~~~~^~~~~~~~~~~~~~~~~~~~~~~~~~~~~~~~~~~~~~
 1728 |     {
      |     ~                                
 1729 |         { QStringLiteral("qty"), {}, {}, {}, {} },
      |         ~~~~~~~~~~~~~~~~~~~~~~~~~~~~~~~~~~~~~~~~~~
 1730 |     },
      |     ~~                               
 1731 |     {});
      |     ~~~                              
D:/pdf/pdf-litems/tests/TestFormJsCalc.cpp: In member function 'void TestFormJsCalc::abortedCascadeDiscardsRuntimeNoStateBleedsIntoNextRun()':
D:/pdf/pdf-litems/tests/TestFormJsCalc.cpp:1837:40: warning: missing initializer for member '{anonymous}::FieldSpec::validateScript' [-Wmissing-field-initializers]
 1837 |     const QString hostile = makeFormPdf(QStringLiteral("closure-hostile.pdf"),
      |                             ~~~~~~~~~~~^~~~~~~~~~~~~~~~~~~~~~~~~~~~~~~~~~~~~~~
 1838 |     {
      |     ~                                   
 1839 |         { QStringLiteral("qty1"), {}, {}, {} },
      |         ~~~~~~~~~~~~~~~~~~~~~~~~~~~~~~~~~~~~~~~
 1840 |         { QStringLiteral("blocker"),
      |         ~~~~~~~~~~~~~~~~~~~~~~~~~~~~    
 1841 |           QStringLiteral("globalThis.__gpEndEvent = function () { while (true) {} }; event.value = 'x';"), {}, {} },
      |           ~~~~~~~~~~~~~~~~~~~~~~~~~~~~~~~~~~~~~~~~~~~~~~~~~~~~~~~~~~~~~~~~~~~~~~~~~~~~~~~~~~~~~~~~~~~~~~~~~~~~~~~~~~
 1842 |         { QStringLiteral("fmt"),
      |         ~~~~~~~~~~~~~~~~~~~~~~~~        
 1843 |           {}, QStringLiteral("AFNumber_Format(2, 0, 0, 0, \"$\", true);"), QStringLiteral("1234.5") },
      |           ~~~~~~~~~~~~~~~~~~~~~~~~~~~~~~~~~~~~~~~~~~~~~~~~~~~~~~~~~~~~~~~~~~~~~~~~~~~~~~~~~~~~~~~~~~~~
 1844 |     },
      |     ~~                                  
 1845 |     { QStringLiteral("blocker") });
      |     ~~~~~~~~~~~~~~~~~~~~~~~~~~~~~~      
D:/pdf/pdf-litems/tests/TestFormJsCalc.cpp:1837:40: warning: missing initializer for member '{anonymous}::FieldSpec::keystrokeScript' [-Wmissing-field-initializers]
D:/pdf/pdf-litems/tests/TestFormJsCalc.cpp:1837:40: warning: missing initializer for member '{anonymous}::FieldSpec::validateScript' [-Wmissing-field-initializers]
D:/pdf/pdf-litems/tests/TestFormJsCalc.cpp:1837:40: warning: missing initializer for member '{anonymous}::FieldSpec::keystrokeScript' [-Wmissing-field-initializers]
D:/pdf/pdf-litems/tests/TestFormJsCalc.cpp:1837:40: warning: missing initializer for member '{anonymous}::FieldSpec::validateScript' [-Wmissing-field-initializers]
D:/pdf/pdf-litems/tests/TestFormJsCalc.cpp:1837:40: warning: missing initializer for member '{anonymous}::FieldSpec::keystrokeScript' [-Wmissing-field-initializers]
[728/1116] Building CXX object CMakeFiles/TestFormStaleDisclosure.dir/TestFormStaleDisclosure_autogen/mocs_compilation.cpp.obj
[729/1116] Building CXX object CMakeFiles/TestFormJsAdversarial.dir/tests/TestFormJsAdversarial.cpp.obj
D:/pdf/pdf-litems/tests/TestFormJsAdversarial.cpp: In member function 'void TestFormJsAdversarial::afSimpleCalculateInheritedOpsRefused()':
D:/pdf/pdf-litems/tests/TestFormJsAdversarial.cpp:732:28: warning: loop variable 'bad' creates a copy from type 'const QString' [-Wrange-loop-construct]
  732 |         for (const QString bad : { QStringLiteral("toString"),
      |                            ^~~
D:/pdf/pdf-litems/tests/TestFormJsAdversarial.cpp:732:28: note: use reference type to prevent copying
  732 |         for (const QString bad : { QStringLiteral("toString"),
      |                            ^~~
      |                            &
D:/pdf/pdf-litems/tests/TestFormJsAdversarial.cpp: In member function 'void TestFormJsAdversarial::nanOrInfinityKeepsTheCommittedValue()':
D:/pdf/pdf-litems/tests/TestFormJsAdversarial.cpp:768:28: warning: loop variable 'expr' creates a copy from type 'const QString' [-Wrange-loop-construct]
  768 |         for (const QString expr : { QStringLiteral("0/0"), QStringLiteral("1/0"),
      |                            ^~~~
D:/pdf/pdf-litems/tests/TestFormJsAdversarial.cpp:768:28: note: use reference type to prevent copying
  768 |         for (const QString expr : { QStringLiteral("0/0"), QStringLiteral("1/0"),
      |                            ^~~~
      |                            &
[730/1116] Building CXX object CMakeFiles/TestFormKeystroke.dir/TestFormKeystroke_autogen/mocs_compilation.cpp.obj
[731/1116] Building CXX object CMakeFiles/TestFormStaleDisclosure.dir/tests/TestFormStaleDisclosure.cpp.obj
D:/pdf/pdf-litems/tests/TestFormStaleDisclosure.cpp: In member function 'void TestFormStaleDisclosure::panelShowsPersistentWarningUntilAcknowledge()':
D:/pdf/pdf-litems/tests/TestFormStaleDisclosure.cpp:273:41: warning: missing initializer for member '{anonymous}::FieldSpec::calcScript' [-Wmissing-field-initializers]
  273 |         const QString path = makeFormPdf(m_dir.path(), QStringLiteral("panel-stale.pdf"),
      |                              ~~~~~~~~~~~^~~~~~~~~~~~~~~~~~~~~~~~~~~~~~~~~~~~~~~~~~~~~~~~~
  274 |                                          { { QStringLiteral("total") }, { QStringLiteral("other") } },
      |                                          ~~~~~~~~~~~~~~~~~~~~~~~~~~~~~~~~~~~~~~~~~~~~~~~~~~~~~~~~~~~~~
  275 |                                          { QStringLiteral("total") });
      |                                          ~~~~~~~~~~~~~~~~~~~~~~~~~~~~
D:/pdf/pdf-litems/tests/TestFormStaleDisclosure.cpp:273:41: warning: missing initializer for member '{anonymous}::FieldSpec::initial' [-Wmissing-field-initializers]
D:/pdf/pdf-litems/tests/TestFormStaleDisclosure.cpp:273:41: warning: missing initializer for member '{anonymous}::FieldSpec::calcScript' [-Wmissing-field-initializers]
D:/pdf/pdf-litems/tests/TestFormStaleDisclosure.cpp:273:41: warning: missing initializer for member '{anonymous}::FieldSpec::initial' [-Wmissing-field-initializers]
D:/pdf/pdf-litems/tests/TestFormStaleDisclosure.cpp: In member function 'void TestFormStaleDisclosure::panelWarningClearsWhenTheFieldRecomputes()':
D:/pdf/pdf-litems/tests/TestFormStaleDisclosure.cpp:337:41: warning: missing initializer for member '{anonymous}::FieldSpec::calcScript' [-Wmissing-field-initializers]
  337 |         const QString path = makeFormPdf(m_dir.path(), QStringLiteral("panel-recompute.pdf"),
      |                              ~~~~~~~~~~~^~~~~~~~~~~~~~~~~~~~~~~~~~~~~~~~~~~~~~~~~~~~~~~~~~~~~
  338 |                                          { { QStringLiteral("total") } },
      |                                          ~~~~~~~~~~~~~~~~~~~~~~~~~~~~~~~~
  339 |                                          { QStringLiteral("total") });
      |                                          ~~~~~~~~~~~~~~~~~~~~~~~~~~~~
D:/pdf/pdf-litems/tests/TestFormStaleDisclosure.cpp:337:41: warning: missing initializer for member '{anonymous}::FieldSpec::initial' [-Wmissing-field-initializers]
D:/pdf/pdf-litems/tests/TestFormStaleDisclosure.cpp: In member function 'void TestFormStaleDisclosure::panelApplyRunsCascadeAndFeedsTracker()':
D:/pdf/pdf-litems/tests/TestFormStaleDisclosure.cpp:378:41: warning: missing initializer for member '{anonymous}::FieldSpec::calcScript' [-Wmissing-field-initializers]
  378 |         const QString path = makeFormPdf(m_dir.path(), QStringLiteral("panel-apply.pdf"),
      |                              ~~~~~~~~~~~^~~~~~~~~~~~~~~~~~~~~~~~~~~~~~~~~~~~~~~~~~~~~~~~~
  379 |         {
      |         ~                                
  380 |             { QStringLiteral("input") },
      |             ~~~~~~~~~~~~~~~~~~~~~~~~~~~~ 
  381 |             { QStringLiteral("total"), QStringLiteral("throw new Error('boom');"), QStringLiteral("0") },
      |             ~~~~~~~~~~~~~~~~~~~~~~~~~~~~~~~~~~~~~~~~~~~~~~~~~~~~~~~~~~~~~~~~~~~~~~~~~~~~~~~~~~~~~~~~~~~~~
  382 |         },
      |         ~~                               
  383 |         { QStringLiteral("total") });
      |         ~~~~~~~~~~~~~~~~~~~~~~~~~~~~     
D:/pdf/pdf-litems/tests/TestFormStaleDisclosure.cpp:378:41: warning: missing initializer for member '{anonymous}::FieldSpec::initial' [-Wmissing-field-initializers]
[732/1116] Building CXX object CMakeFiles/TestEngineSave.dir/TestEngineSave_autogen/mocs_compilation.cpp.obj
[733/1116] Building CXX object CMakeFiles/TestFormKeystroke.dir/tests/TestFormKeystroke.cpp.obj
D:/pdf/pdf-litems/tests/TestFormKeystroke.cpp: In member function 'void TestFormKeystroke::fieldWithoutKeystrokeScriptTypesUnchanged()':
D:/pdf/pdf-litems/tests/TestFormKeystroke.cpp:172:41: warning: missing initializer for member '{anonymous}::FieldSpec::keystrokeScript' [-Wmissing-field-initializers]
  172 |         const QString path = makeFormPdf(m_dir.path(), QStringLiteral("plain.pdf"),
      |                              ~~~~~~~~~~~^~~~~~~~~~~~~~~~~~~~~~~~~~~~~~~~~~~~~~~~~~~
  173 |                                          { { QStringLiteral("note") } });
      |                                          ~~~~~~~~~~~~~~~~~~~~~~~~~~~~~~~
D:/pdf/pdf-litems/tests/TestFormKeystroke.cpp:172:41: warning: missing initializer for member '{anonymous}::FieldSpec::initial' [-Wmissing-field-initializers]
D:/pdf/pdf-litems/tests/TestFormKeystroke.cpp: In member function 'void TestFormKeystroke::keystrokeScriptRejectsTheKeystrokeAndReverts()':
D:/pdf/pdf-litems/tests/TestFormKeystroke.cpp:194:41: warning: missing initializer for member '{anonymous}::FieldSpec::initial' [-Wmissing-field-initializers]
  194 |         const QString path = makeFormPdf(m_dir.path(), QStringLiteral("reject.pdf"),
      |                              ~~~~~~~~~~~^~~~~~~~~~~~~~~~~~~~~~~~~~~~~~~~~~~~~~~~~~~~
  195 |                                          { { QStringLiteral("qty"),
      |                                          ~~~~~~~~~~~~~~~~~~~~~~~~~~
  196 |                                              QStringLiteral("if (AFMergeChange(event).length > 3) { event.rc = false; }") } });
      |                                              ~~~~~~~~~~~~~~~~~~~~~~~~~~~~~~~~~~~~~~~~~~~~~~~~~~~~~~~~~~~~~~~~~~~~~~~~~~~~~~~~~
D:/pdf/pdf-litems/tests/TestFormKeystroke.cpp: In member function 'void TestFormKeystroke::keystrokeScriptTransformsTypedText()':
D:/pdf/pdf-litems/tests/TestFormKeystroke.cpp:231:41: warning: missing initializer for member '{anonymous}::FieldSpec::initial' [-Wmissing-field-initializers]
  231 |         const QString path = makeFormPdf(m_dir.path(), QStringLiteral("transform.pdf"),
      |                              ~~~~~~~~~~~^~~~~~~~~~~~~~~~~~~~~~~~~~~~~~~~~~~~~~~~~~~~~~~
  232 |                                          { { QStringLiteral("code"),
      |                                          ~~~~~~~~~~~~~~~~~~~~~~~~~~~
  233 |                                              QStringLiteral("event.value = AFMergeChange(event).toUpperCase();") } });
      |                                              ~~~~~~~~~~~~~~~~~~~~~~~~~~~~~~~~~~~~~~~~~~~~~~~~~~~~~~~~~~~~~~~~~~~~~~~~
D:/pdf/pdf-litems/tests/TestFormKeystroke.cpp: In member function 'void TestFormKeystroke::populateNeverRunsTheKeystrokeScript()':
D:/pdf/pdf-litems/tests/TestFormKeystroke.cpp:254:41: warning: missing initializer for member '{anonymous}::FieldSpec::initial' [-Wmissing-field-initializers]
  254 |         const QString path = makeFormPdf(m_dir.path(), QStringLiteral("populate.pdf"),
      |                              ~~~~~~~~~~~^~~~~~~~~~~~~~~~~~~~~~~~~~~~~~~~~~~~~~~~~~~~~~
  255 |                                          { { QStringLiteral("f"),
      |                                          ~~~~~~~~~~~~~~~~~~~~~~~~
  256 |                                              QStringLiteral("event.value = 'X';") } });
      |                                              ~~~~~~~~~~~~~~~~~~~~~~~~~~~~~~~~~~~~~~~~~
D:/pdf/pdf-litems/tests/TestFormKeystroke.cpp: In member function 'void TestFormKeystroke::timeoutFailsClosedAndDiscloses()':
D:/pdf/pdf-litems/tests/TestFormKeystroke.cpp:278:41: warning: missing initializer for member '{anonymous}::FieldSpec::initial' [-Wmissing-field-initializers]
  278 |         const QString path = makeFormPdf(m_dir.path(), QStringLiteral("timeout.pdf"),
      |                              ~~~~~~~~~~~^~~~~~~~~~~~~~~~~~~~~~~~~~~~~~~~~~~~~~~~~~~~~
  279 |                                          { { QStringLiteral("qty"), QStringLiteral("while (true) {}") } });
      |                                          ~~~~~~~~~~~~~~~~~~~~~~~~~~~~~~~~~~~~~~~~~~~~~~~~~~~~~~~~~~~~~~~~~
D:/pdf/pdf-litems/tests/TestFormKeystroke.cpp: In member function 'void TestFormKeystroke::fieldSwitchResetsTheGate()':
D:/pdf/pdf-litems/tests/TestFormKeystroke.cpp:305:41: warning: missing initializer for member '{anonymous}::FieldSpec::initial' [-Wmissing-field-initializers]
  305 |         const QString path = makeFormPdf(m_dir.path(), QStringLiteral("switch.pdf"),
      |                              ~~~~~~~~~~~^~~~~~~~~~~~~~~~~~~~~~~~~~~~~~~~~~~~~~~~~~~~
  306 |                                          { { QStringLiteral("a"),
      |                                          ~~~~~~~~~~~~~~~~~~~~~~~~
  307 |                                              QStringLiteral("if (AFMergeChange(event).length > 2) { event.rc = false; }") },
      |                                              ~~~~~~~~~~~~~~~~~~~~~~~~~~~~~~~~~~~~~~~~~~~~~~~~~~~~~~~~~~~~~~~~~~~~~~~~~~~~~~~
  308 |                                            { QStringLiteral("b") } });
      |                                            ~~~~~~~~~~~~~~~~~~~~~~~~~~
D:/pdf/pdf-litems/tests/TestFormKeystroke.cpp:305:41: warning: missing initializer for member '{anonymous}::FieldSpec::keystrokeScript' [-Wmissing-field-initializers]
D:/pdf/pdf-litems/tests/TestFormKeystroke.cpp:305:41: warning: missing initializer for member '{anonymous}::FieldSpec::initial' [-Wmissing-field-initializers]
D:/pdf/pdf-litems/tests/TestFormKeystroke.cpp: In member function 'void TestFormKeystroke::readOnlyDocumentRefusesKeystrokeAndApply()':
D:/pdf/pdf-litems/tests/TestFormKeystroke.cpp:332:41: warning: missing initializer for member '{anonymous}::FieldSpec::initial' [-Wmissing-field-initializers]
  332 |         const QString path = makeFormPdf(m_dir.path(), QStringLiteral("ro.pdf"),
      |                              ~~~~~~~~~~~^~~~~~~~~~~~~~~~~~~~~~~~~~~~~~~~~~~~~~~~
  333 |                                          { { QStringLiteral("f"),
      |                                          ~~~~~~~~~~~~~~~~~~~~~~~~
  334 |                                              QStringLiteral("event.value = 'X';") } });
      |                                              ~~~~~~~~~~~~~~~~~~~~~~~~~~~~~~~~~~~~~~~~~
[734/1116] Building CXX object CMakeFiles/TestEncryptedPackageSafeWrite.dir/TestEncryptedPackageSafeWrite_autogen/mocs_compilation.cpp.obj
[735/1116] Building CXX object CMakeFiles/TestEncryptedPackageSafeWrite.dir/tests/TestEncryptedPackageSafeWrite.cpp.obj
[736/1116] Building CXX object CMakeFiles/TestEngineSave.dir/tests/TestEngineSave.cpp.obj
[737/1116] Building CXX object CMakeFiles/TestEncryptedPackageSafeWrite.dir/src/engines/SafeSave.cpp.obj
[738/1116] Building CXX object CMakeFiles/TestEncryptedPackageSafeWrite.dir/src/engines/SevenZipLocator.cpp.obj
[739/1116] Building CXX object CMakeFiles/TestPrintJob.dir/TestPrintJob_autogen/mocs_compilation.cpp.obj
[740/1116] Building CXX object CMakeFiles/TestPrintJob.dir/src/ui/PrintJob.cpp.obj
[741/1116] Building CXX object CMakeFiles/TestTempOwnership.dir/TestTempOwnership_autogen/mocs_compilation.cpp.obj
[742/1116] Building CXX object CMakeFiles/TestPrintJob.dir/tests/TestPrintJob.cpp.obj
[743/1116] Building CXX object CMakeFiles/TestTempOwnership.dir/tests/TestTempOwnership.cpp.obj
[744/1116] Building CXX object CMakeFiles/TestCleanupCli.dir/TestCleanupCli_autogen/mocs_compilation.cpp.obj
[745/1116] Building CXX object CMakeFiles/TestTempOwnership.dir/src/core/TempFileManager.cpp.obj
[746/1116] Building CXX object CMakeFiles/TestFormUndo.dir/TestFormUndo_autogen/mocs_compilation.cpp.obj
[747/1116] Building CXX object CMakeFiles/TestCleanupCli.dir/tests/TestCleanupCli.cpp.obj
[748/1116] Building CXX object CMakeFiles/TestValidateAllSignatures.dir/TestValidateAllSignatures_autogen/mocs_compilation.cpp.obj
[749/1116] Building CXX object CMakeFiles/TestFormUndo.dir/tests/TestFormUndo.cpp.obj
[750/1116] Building CXX object CMakeFiles/TestExportPathBadge.dir/TestExportPathBadge_autogen/mocs_compilation.cpp.obj
[751/1116] Building CXX object CMakeFiles/TestValidateAllSignatures.dir/tests/TestValidateAllSignatures.cpp.obj
[752/1116] Building CXX object CMakeFiles/TestImageEditWiring.dir/TestImageEditWiring_autogen/mocs_compilation.cpp.obj
[753/1116] Building CXX object CMakeFiles/TestExportPathBadge.dir/tests/TestExportPathBadge.cpp.obj
[754/1116] Building CXX object CMakeFiles/TestRedactSanitizeBundle.dir/TestRedactSanitizeBundle_autogen/mocs_compilation.cpp.obj
[755/1116] Building CXX object CMakeFiles/TestImageEditWiring.dir/tests/TestImageEditWiring.cpp.obj
[756/1116] Building CXX object CMakeFiles/TestRedactTransaction.dir/TestRedactTransaction_autogen/mocs_compilation.cpp.obj
[757/1116] Building CXX object CMakeFiles/TestRedactSanitizeBundle.dir/tests/TestRedactSanitizeBundle.cpp.obj
[758/1116] Building CXX object CMakeFiles/TestRedactionProof.dir/TestRedactionProof_autogen/mocs_compilation.cpp.obj
[759/1116] Building CXX object CMakeFiles/TestRedactTransaction.dir/tests/TestRedactTransaction.cpp.obj
[760/1116] Building CXX object CMakeFiles/TestPptxOverlayAlpha.dir/TestPptxOverlayAlpha_autogen/mocs_compilation.cpp.obj
[761/1116] Building CXX object CMakeFiles/TestRedactionProof.dir/tests/TestRedactionProof.cpp.obj
[762/1116] Building CXX object CMakeFiles/TestAutoDetectHeuristic.dir/TestAutoDetectHeuristic_autogen/mocs_compilation.cpp.obj
[763/1116] Building CXX object CMakeFiles/TestPptxOverlayAlpha.dir/tests/TestPptxOverlayAlpha.cpp.obj
[764/1116] Building CXX object CMakeFiles/TestConversionExtraction.dir/TestConversionExtraction_autogen/mocs_compilation.cpp.obj
[765/1116] Building CXX object CMakeFiles/TestAutoDetectHeuristic.dir/tests/TestAutoDetectHeuristic.cpp.obj
[766/1116] Building CXX object CMakeFiles/fake_soffice.dir/fake_soffice_autogen/mocs_compilation.cpp.obj
[767/1116] Building CXX object CMakeFiles/fake_soffice.dir/tests/fake_soffice.cpp.obj
[768/1116] Building CXX object CMakeFiles/TestTextExtractionCoords.dir/TestTextExtractionCoords_autogen/mocs_compilation.cpp.obj
[769/1116] Building CXX object CMakeFiles/TestConversionExtraction.dir/tests/TestConversionExtraction.cpp.obj
[770/1116] Building CXX object CMakeFiles/TestEraseWiring.dir/TestEraseWiring_autogen/mocs_compilation.cpp.obj
[771/1116] Building CXX object CMakeFiles/TestTextExtractionCoords.dir/tests/TestTextExtractionCoords.cpp.obj
[772/1116] Building CXX object CMakeFiles/TestRibbonMarkupTools.dir/TestRibbonMarkupTools_autogen/mocs_compilation.cpp.obj
[773/1116] Building CXX object CMakeFiles/TestEraseWiring.dir/tests/TestEraseWiring.cpp.obj
[774/1116] Building CXX object CMakeFiles/TestViewerRotation.dir/TestViewerRotation_autogen/mocs_compilation.cpp.obj
[775/1116] Building CXX object CMakeFiles/TestRibbonMarkupTools.dir/tests/TestRibbonMarkupTools.cpp.obj
[776/1116] Building CXX object CMakeFiles/TestRotateView.dir/TestRotateView_autogen/mocs_compilation.cpp.obj
[777/1116] Building CXX object CMakeFiles/TestViewerRotation.dir/tests/TestViewerRotation.cpp.obj
[778/1116] Building CXX object CMakeFiles/TestTwoPageOverlay.dir/TestTwoPageOverlay_autogen/mocs_compilation.cpp.obj
[779/1116] Building CXX object CMakeFiles/TestRotateView.dir/tests/TestRotateView.cpp.obj
[780/1116] Building CXX object CMakeFiles/TestViewingModes.dir/TestViewingModes_autogen/mocs_compilation.cpp.obj
[781/1116] Building CXX object CMakeFiles/TestTwoPageOverlay.dir/tests/TestTwoPageOverlay.cpp.obj
[782/1116] Building CXX object CMakeFiles/TestSignaturePicker.dir/TestSignaturePicker_autogen/mocs_compilation.cpp.obj
[783/1116] Building CXX object CMakeFiles/TestViewingModes.dir/tests/TestViewingModes.cpp.obj
[784/1116] Building CXX object CMakeFiles/TestCertEncryptPicker.dir/TestCertEncryptPicker_autogen/mocs_compilation.cpp.obj
[785/1116] Building CXX object CMakeFiles/TestSignaturePicker.dir/tests/TestSignaturePicker.cpp.obj
[786/1116] Building CXX object CMakeFiles/TestCertifySelector.dir/TestCertifySelector_autogen/mocs_compilation.cpp.obj
[787/1116] Building CXX object CMakeFiles/TestCertEncryptPicker.dir/tests/TestCertEncryptPicker.cpp.obj
D:/pdf/pdf-litems/tests/TestCertEncryptPicker.cpp: In function '{anonymous}::RecipientCredential {anonymous}::makeRecipient(const QString&, const QString&)':
D:/pdf/pdf-litems/tests/TestCertEncryptPicker.cpp:60:23: warning: 'RSA* RSA_new()' is deprecated: Since OpenSSL 3.0 [-Wdeprecated-declarations]
   60 |     RSA *rsa = RSA_new();
      |                ~~~~~~~^~
In file included from D:/pdf/msys64/ucrt64/include/openssl/x509.h:38,
                 from D:/pdf/pdf-litems/tests/TestCertEncryptPicker.cpp:25:
D:/pdf/msys64/ucrt64/include/openssl/rsa.h:212:28: note: declared here
  212 | OSSL_DEPRECATEDIN_3_0 RSA *RSA_new(void);
      |                            ^~~~~~~
D:/pdf/pdf-litems/tests/TestCertEncryptPicker.cpp:61:24: warning: 'int RSA_generate_key_ex(RSA*, int, BIGNUM*, BN_GENCB*)' is deprecated: Since OpenSSL 3.0 [-Wdeprecated-declarations]
   61 |     RSA_generate_key_ex(rsa, 2048, bn, nullptr);
      |     ~~~~~~~~~~~~~~~~~~~^~~~~~~~~~~~~~~~~~~~~~~~
D:/pdf/msys64/ucrt64/include/openssl/rsa.h:270:27: note: declared here
  270 | OSSL_DEPRECATEDIN_3_0 int RSA_generate_key_ex(RSA *rsa, int bits, BIGNUM *e,
      |                           ^~~~~~~~~~~~~~~~~~~
[788/1116] Building CXX object CMakeFiles/TestPolicyController.dir/TestPolicyController_autogen/mocs_compilation.cpp.obj
[789/1116] Building CXX object CMakeFiles/TestCertifySelector.dir/tests/TestCertifySelector.cpp.obj
D:/pdf/pdf-litems/tests/TestCertifySelector.cpp: In function 'bool {anonymous}::makeSigner(const QString&, SignerCredential&)':
D:/pdf/pdf-litems/tests/TestCertifySelector.cpp:57:23: warning: 'RSA* RSA_new()' is deprecated: Since OpenSSL 3.0 [-Wdeprecated-declarations]
   57 |     RSA *rsa = RSA_new();
      |                ~~~~~~~^~
In file included from D:/pdf/msys64/ucrt64/include/openssl/x509.h:38,
                 from D:/pdf/pdf-litems/tests/TestCertifySelector.cpp:27:
D:/pdf/msys64/ucrt64/include/openssl/rsa.h:212:28: note: declared here
  212 | OSSL_DEPRECATEDIN_3_0 RSA *RSA_new(void);
      |                            ^~~~~~~
D:/pdf/pdf-litems/tests/TestCertifySelector.cpp:58:24: warning: 'int RSA_generate_key_ex(RSA*, int, BIGNUM*, BN_GENCB*)' is deprecated: Since OpenSSL 3.0 [-Wdeprecated-declarations]
   58 |     RSA_generate_key_ex(rsa, 2048, bn, nullptr);
      |     ~~~~~~~~~~~~~~~~~~~^~~~~~~~~~~~~~~~~~~~~~~~
D:/pdf/msys64/ucrt64/include/openssl/rsa.h:270:27: note: declared here
  270 | OSSL_DEPRECATEDIN_3_0 int RSA_generate_key_ex(RSA *rsa, int bits, BIGNUM *e,
      |                           ^~~~~~~~~~~~~~~~~~~
[790/1116] Building CXX object CMakeFiles/TestPolicyWiring.dir/TestPolicyWiring_autogen/mocs_compilation.cpp.obj
[791/1116] Building CXX object CMakeFiles/TestPolicyController.dir/tests/TestPolicyController.cpp.obj
[792/1116] Building CXX object CMakeFiles/TestOcspConsent.dir/TestOcspConsent_autogen/mocs_compilation.cpp.obj
[793/1116] Building CXX object CMakeFiles/TestPolicyWiring.dir/tests/TestPolicyWiring.cpp.obj
[794/1116] Building CXX object CMakeFiles/TestSupportBundle.dir/TestSupportBundle_autogen/mocs_compilation.cpp.obj
[795/1116] Building CXX object CMakeFiles/TestOcspConsent.dir/tests/TestOcspConsent.cpp.obj
[796/1116] Building CXX object CMakeFiles/TestNetworkDisclosure.dir/TestNetworkDisclosure_autogen/mocs_compilation.cpp.obj
[797/1116] Building CXX object CMakeFiles/TestSupportBundle.dir/tests/TestSupportBundle.cpp.obj
[798/1116] Building CXX object CMakeFiles/TestOcrAcceptSeam.dir/TestOcrAcceptSeam_autogen/mocs_compilation.cpp.obj
[799/1116] Building CXX object CMakeFiles/TestNetworkDisclosure.dir/tests/TestNetworkDisclosure.cpp.obj
[800/1116] Building CXX object CMakeFiles/TestSearchFlags.dir/TestSearchFlags_autogen/mocs_compilation.cpp.obj
[801/1116] Building CXX object CMakeFiles/TestOcrAcceptSeam.dir/tests/TestOcrAcceptSeam.cpp.obj
[802/1116] Building CXX object CMakeFiles/TestExportPresets.dir/TestExportPresets_autogen/mocs_compilation.cpp.obj
[803/1116] Building CXX object CMakeFiles/TestSearchFlags.dir/tests/TestSearchFlags.cpp.obj
[804/1116] Building CXX object CMakeFiles/TestOcrAcceptScope.dir/TestOcrAcceptScope_autogen/mocs_compilation.cpp.obj
[805/1116] Building CXX object CMakeFiles/TestExportPresets.dir/tests/TestExportPresets.cpp.obj
[806/1116] Building CXX object CMakeFiles/TestViewerLinkSeam.dir/TestViewerLinkSeam_autogen/mocs_compilation.cpp.obj
[807/1116] Building CXX object CMakeFiles/TestOcrAcceptScope.dir/tests/TestOcrAcceptScope.cpp.obj
[808/1116] Building CXX object CMakeFiles/TestHyperlinkNavigation.dir/TestHyperlinkNavigation_autogen/mocs_compilation.cpp.obj
[809/1116] Building CXX object CMakeFiles/TestViewerLinkSeam.dir/tests/TestViewerLinkSeam.cpp.obj
[810/1116] Building CXX object CMakeFiles/TestRedactMarkAll.dir/TestRedactMarkAll_autogen/mocs_compilation.cpp.obj
[811/1116] Building CXX object CMakeFiles/TestHyperlinkNavigation.dir/tests/TestHyperlinkNavigation.cpp.obj
[812/1116] Building CXX object CMakeFiles/TestRedactApplyMarks.dir/TestRedactApplyMarks_autogen/mocs_compilation.cpp.obj
[813/1116] Building CXX object CMakeFiles/TestRedactApplyMarks.dir/tests/TestRedactApplyMarks.cpp.obj
[814/1116] Building CXX object CMakeFiles/TestRedactMarkAll.dir/tests/TestRedactMarkAll.cpp.obj
[815/1116] Building CXX object CMakeFiles/TestAnnotationDjot.dir/TestAnnotationDjot_autogen/mocs_compilation.cpp.obj
[816/1116] Building CXX object CMakeFiles/TestAiProvider.dir/TestAiProvider_autogen/mocs_compilation.cpp.obj
[817/1116] Building CXX object CMakeFiles/TestAiProvider.dir/tests/TestAiProvider.cpp.obj
[818/1116] Building CXX object CMakeFiles/TestOllamaProvider.dir/TestOllamaProvider_autogen/mocs_compilation.cpp.obj
[819/1116] Building CXX object CMakeFiles/TestAnnotationDjot.dir/tests/TestAnnotationDjot.cpp.obj
[820/1116] Building CXX object CMakeFiles/TestDiffEngine.dir/TestDiffEngine_autogen/mocs_compilation.cpp.obj
[821/1116] Building CXX object CMakeFiles/TestOllamaProvider.dir/tests/TestOllamaProvider.cpp.obj
[822/1116] Building CXX object CMakeFiles/TestOfficeImport.dir/TestOfficeImport_autogen/mocs_compilation.cpp.obj
[823/1116] Building CXX object CMakeFiles/TestDiffEngine.dir/tests/TestDiffEngine.cpp.obj
[824/1116] Building CXX object CMakeFiles/TestMrcPipeline.dir/TestMrcPipeline_autogen/mocs_compilation.cpp.obj
[825/1116] Building CXX object CMakeFiles/TestOfficeImport.dir/tests/TestOfficeImport.cpp.obj
[826/1116] Building CXX object CMakeFiles/TestCheckedMutationCoverage.dir/TestCheckedMutationCoverage_autogen/mocs_compilation.cpp.obj
[827/1116] Building CXX object CMakeFiles/TestMrcPipeline.dir/tests/TestMrcPipeline.cpp.obj
[828/1116] Building CXX object CMakeFiles/TestHistoryIntegrity.dir/TestHistoryIntegrity_autogen/mocs_compilation.cpp.obj
[829/1116] Building CXX object CMakeFiles/TestCheckedMutationCoverage.dir/tests/TestCheckedMutationCoverage.cpp.obj
[830/1116] Building CXX object CMakeFiles/TestImageAppearance.dir/TestImageAppearance_autogen/mocs_compilation.cpp.obj
[831/1116] Building CXX object CMakeFiles/TestHistoryIntegrity.dir/tests/TestHistoryIntegrity.cpp.obj
[832/1116] Building CXX object CMakeFiles/TestOfficeExport.dir/TestOfficeExport_autogen/mocs_compilation.cpp.obj
[833/1116] Building CXX object CMakeFiles/TestImageAppearance.dir/tests/TestImageAppearance.cpp.obj
[834/1116] Building CXX object CMakeFiles/TestTextEditStyle.dir/TestTextEditStyle_autogen/mocs_compilation.cpp.obj
[835/1116] Building CXX object CMakeFiles/TestOfficeExport.dir/tests/TestOfficeExport.cpp.obj
[836/1116] Building CXX object CMakeFiles/TestEraserEngine.dir/TestEraserEngine_autogen/mocs_compilation.cpp.obj
[837/1116] Building CXX object CMakeFiles/TestEraserEngine.dir/tests/TestEraserEngine.cpp.obj
[838/1116] Building CXX object CMakeFiles/TestTextEditStyle.dir/tests/TestTextEditStyle.cpp.obj
[839/1116] Building CXX object CMakeFiles/TestPersistenceOutcomes.dir/TestPersistenceOutcomes_autogen/mocs_compilation.cpp.obj
[840/1116] Building CXX object CMakeFiles/TestPersistenceOutcomes.dir/src/app/Bootstrapper.cpp.obj
[841/1116] Building CXX object CMakeFiles/render_path_profile.dir/render_path_profile_autogen/mocs_compilation.cpp.obj
[842/1116] Building CXX object CMakeFiles/TestPersistenceOutcomes.dir/tests/TestPersistenceOutcomes.cpp.obj
[843/1116] Building CXX object CMakeFiles/TestRenderGuards.dir/TestRenderGuards_autogen/mocs_compilation.cpp.obj
[844/1116] Building CXX object CMakeFiles/render_path_profile.dir/tools/render_path_profile.cpp.obj
[845/1116] Building CXX object CMakeFiles/TestSep13LeadCapability.dir/TestSep13LeadCapability_autogen/mocs_compilation.cpp.obj
[846/1116] Building CXX object CMakeFiles/TestRenderGuards.dir/tests/TestRenderGuards.cpp.obj
[847/1116] Building CXX object CMakeFiles/TestSep13LeadBatchMerge.dir/TestSep13LeadBatchMerge_autogen/mocs_compilation.cpp.obj
[848/1116] Building CXX object CMakeFiles/TestSep13LeadCapability.dir/tests/TestSep13LeadCapability.cpp.obj
[849/1116] Building CXX object CMakeFiles/TestSep13LeadOcrGuards.dir/TestSep13LeadOcrGuards_autogen/mocs_compilation.cpp.obj
[850/1116] Building CXX object CMakeFiles/TestSep13LeadBatchMerge.dir/tests/TestSep13LeadBatchMerge.cpp.obj
[851/1116] Building CXX object CMakeFiles/TestSep13LeadConversionExport.dir/TestSep13LeadConversionExport_autogen/mocs_compilation.cpp.obj
[852/1116] Building CXX object CMakeFiles/TestSep13LeadOcrGuards.dir/tests/TestSep13LeadOcrGuards.cpp.obj
[853/1116] Building CXX object CMakeFiles/TestSep13LeadRedactionProof.dir/TestSep13LeadRedactionProof_autogen/mocs_compilation.cpp.obj
[854/1116] Building CXX object CMakeFiles/TestSep13LeadConversionExport.dir/tests/TestSep13LeadConversionExport.cpp.obj
[855/1116] Building CXX object CMakeFiles/R14ProbeRedactSpace.dir/R14ProbeRedactSpace_autogen/mocs_compilation.cpp.obj
[856/1116] Building CXX object CMakeFiles/TestSep13LeadRedactionProof.dir/tests/TestSep13LeadRedactionProof.cpp.obj
[857/1116] Building CXX object CMakeFiles/R14ProbeSep13Fixes.dir/R14ProbeSep13Fixes_autogen/mocs_compilation.cpp.obj
[858/1116] Building CXX object CMakeFiles/R14ProbeRedactSpace.dir/tests/R14ProbeRedactSpace.cpp.obj
[859/1116] Building CXX object CMakeFiles/TestSep13LeadBtDowngrade.dir/TestSep13LeadBtDowngrade_autogen/mocs_compilation.cpp.obj
[860/1116] Building CXX object CMakeFiles/R14ProbeSep13Fixes.dir/tests/R14ProbeSep13Fixes.cpp.obj
[861/1116] Building CXX object CMakeFiles/TestSep13LeadComparePerf.dir/TestSep13LeadComparePerf_autogen/mocs_compilation.cpp.obj
[862/1116] Building CXX object CMakeFiles/TestSep13LeadBtDowngrade.dir/tests/TestSep13LeadBtDowngrade.cpp.obj
[863/1116] Building CXX object CMakeFiles/TestSweepW1PresetAdversary.dir/TestSweepW1PresetAdversary_autogen/mocs_compilation.cpp.obj
[864/1116] Building CXX object CMakeFiles/TestSep13LeadComparePerf.dir/tests/TestSep13LeadComparePerf.cpp.obj
D:/pdf/pdf-litems/tests/TestSep13LeadComparePerf.cpp: In function 'qint64 {anonymous}::measureToggleWorkMs(CompareWidget&, int, int)':
D:/pdf/pdf-litems/tests/TestSep13LeadComparePerf.cpp:79:21: warning: variable 'sink' set but not used [-Wunused-but-set-variable=]
   79 |     volatile qint64 sink = 0;
      |                     ^~~~
D:/pdf/pdf-litems/tests/TestSep13LeadComparePerf.cpp: In function 'qint64 {anonymous}::measureStructuralToggleWorkMs(CompareWidget&, int, int)':
D:/pdf/pdf-litems/tests/TestSep13LeadComparePerf.cpp:91:21: warning: variable 'sink' set but not used [-Wunused-but-set-variable=]
   91 |     volatile qint64 sink = 0;
      |                     ^~~~
[865/1116] Building CXX object CMakeFiles/TestSweepW1SigningAdversary.dir/TestSweepW1SigningAdversary_autogen/mocs_compilation.cpp.obj
[866/1116] Building CXX object CMakeFiles/TestSweepW1PresetAdversary.dir/tests/TestSweepW1PresetAdversary.cpp.obj
[867/1116] Building CXX object CMakeFiles/TestSweepW1SummaryPolicyAdversary.dir/TestSweepW1SummaryPolicyAdversary_autogen/mocs_compilation.cpp.obj
[868/1116] Building CXX object CMakeFiles/TestSweepW1SigningAdversary.dir/tests/TestSweepW1SigningAdversary.cpp.obj
[869/1116] Building CXX object CMakeFiles/TestSweepW1SecProbe.dir/TestSweepW1SecProbe_autogen/mocs_compilation.cpp.obj
[870/1116] Building CXX object CMakeFiles/TestSweepW1SummaryPolicyAdversary.dir/tests/TestSweepW1SummaryPolicyAdversary.cpp.obj
[871/1116] Building CXX object CMakeFiles/W2BProbeNaming.dir/W2BProbeNaming_autogen/mocs_compilation.cpp.obj
[872/1116] Building CXX object CMakeFiles/TestSweepW1SecProbe.dir/tests/SweepW1SecProbe.cpp.obj
[873/1116] Building CXX object CMakeFiles/W2BProbeSigning.dir/W2BProbeSigning_autogen/mocs_compilation.cpp.obj
[874/1116] Building CXX object CMakeFiles/W2BProbeNaming.dir/tests/W2BProbeNaming.cpp.obj
[875/1116] Building CXX object CMakeFiles/W2BProbeSummaryPolicy.dir/W2BProbeSummaryPolicy_autogen/mocs_compilation.cpp.obj
[876/1116] Building CXX object CMakeFiles/W2BProbeSigning.dir/tests/W2BProbeSigning.cpp.obj
[877/1116] Building CXX object CMakeFiles/W2BProbeA11y.dir/W2BProbeA11y_autogen/mocs_compilation.cpp.obj
[878/1116] Building CXX object CMakeFiles/W2BProbeSummaryPolicy.dir/tests/W2BProbeSummaryPolicy.cpp.obj
[879/1116] Building CXX object CMakeFiles/W2BProbeLegacySpace.dir/W2BProbeLegacySpace_autogen/mocs_compilation.cpp.obj
[880/1116] Building CXX object CMakeFiles/W2BProbeA11y.dir/tests/W2BProbeA11y.cpp.obj
[881/1116] Building CXX object CMakeFiles/W2BProbeOfficeSave.dir/W2BProbeOfficeSave_autogen/mocs_compilation.cpp.obj
[882/1116] Building CXX object CMakeFiles/W2BProbeLegacySpace.dir/tests/W2BProbeLegacySpace.cpp.obj
D:/pdf/pdf-litems/tests/W2BProbeLegacySpace.cpp: In function 'constexpr bool {anonymous}::rectClose(const QRectF&, const QRectF&)':
D:/pdf/pdf-litems/tests/W2BProbeLegacySpace.cpp:58:21: warning: call to non-'constexpr' function 'double fabs(double)' [-Winvalid-constexpr]
   58 |     return std::fabs(a.x() - b.x()) < 0.01 && std::fabs(a.y() - b.y()) < 0.01
      |            ~~~~~~~~~^~~~~~~~~~~~~~~
In file included from D:/pdf/msys64/ucrt64/include/c++/16.1.0/cmath:55,
                 from C:/msys64/ucrt64/include/qt6/QtCore/qnumeric.h:19,
                 from C:/msys64/ucrt64/include/qt6/QtCore/qglobal.h:60,
                 from C:/msys64/ucrt64/include/qt6/QtCore/QtCore:4,
                 from C:/msys64/ucrt64/include/qt6/QtTest/QtTestDepends:3,
                 from C:/msys64/ucrt64/include/qt6/QtTest/QtTest:3,
                 from D:/pdf/pdf-litems/tests/W2BProbeLegacySpace.cpp:32:
D:/pdf/msys64/ucrt64/include/math.h:229:31: note: 'double fabs(double)' declared here
  229 |   __CRT_INLINE double __cdecl fabs (double x)
      |                               ^~~~
[883/1116] Building CXX object CMakeFiles/TestRotate270PageSpace.dir/TestRotate270PageSpace_autogen/mocs_compilation.cpp.obj
[884/1116] Building CXX object CMakeFiles/W2BProbeOfficeSave.dir/tests/W2BProbeOfficeSave.cpp.obj
[885/1116] Building CXX object CMakeFiles/R14ProbeBatchSkip.dir/R14ProbeBatchSkip_autogen/mocs_compilation.cpp.obj
[886/1116] Building CXX object CMakeFiles/TestRotate270PageSpace.dir/tests/TestRotate270PageSpace.cpp.obj
D:/pdf/pdf-litems/tests/TestRotate270PageSpace.cpp: In function 'constexpr bool {anonymous}::rectClose(const QRectF&, const QRectF&)':
D:/pdf/pdf-litems/tests/TestRotate270PageSpace.cpp:51:21: warning: call to non-'constexpr' function 'double fabs(double)' [-Winvalid-constexpr]
   51 |     return std::fabs(a.x() - b.x()) < 0.01 && std::fabs(a.y() - b.y()) < 0.01
      |            ~~~~~~~~~^~~~~~~~~~~~~~~
In file included from D:/pdf/msys64/ucrt64/include/c++/16.1.0/cmath:55,
                 from C:/msys64/ucrt64/include/qt6/QtCore/qnumeric.h:19,
                 from C:/msys64/ucrt64/include/qt6/QtCore/qglobal.h:60,
                 from C:/msys64/ucrt64/include/qt6/QtCore/QtCore:4,
                 from C:/msys64/ucrt64/include/qt6/QtTest/QtTestDepends:3,
                 from C:/msys64/ucrt64/include/qt6/QtTest/QtTest:3,
                 from D:/pdf/pdf-litems/tests/TestRotate270PageSpace.cpp:23:
D:/pdf/msys64/ucrt64/include/math.h:229:31: note: 'double fabs(double)' declared here
  229 |   __CRT_INLINE double __cdecl fabs (double x)
      |                               ^~~~
[887/1116] Building CXX object CMakeFiles/TestGsdW2Probe.dir/TestGsdW2Probe_autogen/mocs_compilation.cpp.obj
[888/1116] Building CXX object CMakeFiles/R14ProbeBatchSkip.dir/tests/R14ProbeBatchSkip.cpp.obj
[889/1116] Building CXX object CMakeFiles/W2CProbeRotate270.dir/W2CProbeRotate270_autogen/mocs_compilation.cpp.obj
[890/1116] Building CXX object CMakeFiles/TestGsdW2Probe.dir/tests/TestGsdW2Probe.cpp.obj
[891/1116] Building CXX object CMakeFiles/TestPgr37PageSpaceLaw.dir/TestPgr37PageSpaceLaw_autogen/mocs_compilation.cpp.obj
[892/1116] Building CXX object CMakeFiles/W2CProbeRotate270.dir/tests/W2CProbeRotate270.cpp.obj
D:/pdf/pdf-litems/tests/W2CProbeRotate270.cpp: In function 'constexpr bool {anonymous}::rectClose(const QRectF&, const QRectF&)':
D:/pdf/pdf-litems/tests/W2CProbeRotate270.cpp:68:21: warning: call to non-'constexpr' function 'double fabs(double)' [-Winvalid-constexpr]
   68 |     return std::fabs(a.x() - b.x()) < 0.01 && std::fabs(a.y() - b.y()) < 0.01
      |            ~~~~~~~~~^~~~~~~~~~~~~~~
In file included from D:/pdf/msys64/ucrt64/include/c++/16.1.0/cmath:55,
                 from C:/msys64/ucrt64/include/qt6/QtCore/qnumeric.h:19,
                 from C:/msys64/ucrt64/include/qt6/QtCore/qglobal.h:60,
                 from C:/msys64/ucrt64/include/qt6/QtCore/QtCore:4,
                 from C:/msys64/ucrt64/include/qt6/QtTest/QtTestDepends:3,
                 from C:/msys64/ucrt64/include/qt6/QtTest/QtTest:3,
                 from D:/pdf/pdf-litems/tests/W2CProbeRotate270.cpp:37:
D:/pdf/msys64/ucrt64/include/math.h:229:31: note: 'double fabs(double)' declared here
  229 |   __CRT_INLINE double __cdecl fabs (double x)
      |                               ^~~~
[893/1116] Building CXX object CMakeFiles/TestPgr35BatchCollision.dir/TestPgr35BatchCollision_autogen/mocs_compilation.cpp.obj
[894/1116] Building CXX object CMakeFiles/TestPgr37PageSpaceLaw.dir/tests/TestPgr37PageSpaceLaw.cpp.obj
[895/1116] Building CXX object CMakeFiles/TestPgr36StaleSigningPanel.dir/TestPgr36StaleSigningPanel_autogen/mocs_compilation.cpp.obj
[896/1116] Building CXX object CMakeFiles/TestPgr35BatchCollision.dir/tests/TestPgr35BatchCollision.cpp.obj
[897/1116] Building CXX object CMakeFiles/TestFileHandleCoordination.dir/TestFileHandleCoordination_autogen/mocs_compilation.cpp.obj
[898/1116] Building CXX object CMakeFiles/TestPgr36StaleSigningPanel.dir/tests/TestPgr36StaleSigningPanel.cpp.obj
[899/1116] Building CXX object CMakeFiles/TestFileHandleCoordination.dir/tests/TestFileHandleCoordination.cpp.obj
[900/1116] Building CXX object CMakeFiles/TestCommandRegistry.dir/TestCommandRegistry_autogen/mocs_compilation.cpp.obj
[901/1116] Building CXX object CMakeFiles/TestFileHandleCoordination.dir/src/app/Bootstrapper.cpp.obj
[902/1116] Building CXX object CMakeFiles/TestCommandRegistry.dir/tests/TestCommandRegistry.cpp.obj
[903/1116] Linking CXX executable UnitTests.exe
lto-wrapper.exe: warning: using serial compilation of 6 LTRANS jobs
lto-wrapper.exe: note: see the '-flto' option documentation for more information
[904/1116] Linking CXX executable TestInterfaces.exe
[905/1116] Linking CXX executable TestExpiryInterface.exe; Deploying podofo 1.1.0 DLL for TestExpiryInterface
lto-wrapper.exe: warning: using serial compilation of 19 LTRANS jobs
lto-wrapper.exe: note: see the '-flto' option documentation for more information
[906/1116] Linking CXX executable SmokeTest.exe
lto-wrapper.exe: warning: using serial compilation of 26 LTRANS jobs
lto-wrapper.exe: note: see the '-flto' option documentation for more information
[907/1116] Linking CXX executable TestSanitization.exe
lto-wrapper.exe: warning: using serial compilation of 20 LTRANS jobs
lto-wrapper.exe: note: see the '-flto' option documentation for more information
[908/1116] Linking CXX executable TestSanitizeSelective.exe; Deploying podofo 1.1.0 DLL for TestSanitizeSelective
lto-wrapper.exe: warning: using serial compilation of 20 LTRANS jobs
lto-wrapper.exe: note: see the '-flto' option documentation for more information
[909/1116] Linking CXX executable PdfWorkstation.exe; AR-11 D4: Stripping DWARF paths from Release PdfWorkstation.exe
lto-wrapper.exe: warning: using serial compilation of 119 LTRANS jobs
lto-wrapper.exe: note: see the '-flto' option documentation for more information
In function 'memcpy',
    inlined from 'luaL_addlstring' at D:/pdf/pdf-litems/third_party/lua-5.4/src/lauxlib.c:586:5,
    inlined from 'luaL_addlstring' at D:/pdf/pdf-litems/third_party/lua-5.4/src/lauxlib.c:583:17,
    inlined from 'add_s' at D:/pdf/pdf-litems/third_party/lua-5.4/src/lstrlib.c:883:9,
    inlined from 'add_value' at D:/pdf/pdf-litems/third_party/lua-5.4/src/lstrlib.c:923:7,
    inlined from 'str_gsub' at D:/pdf/pdf-litems/third_party/lua-5.4/src/lstrlib.c:967:17:
D:/pdf/msys64/ucrt64/include/string.h:217:10: warning: '__builtin_memcpy' specified bound 18446744073709551614 exceeds maximum object size 9223372036854775807 [-Wstringop-overflow=]
  217 |   return __builtin___memcpy_chk(__dst, __src, __n, __mingw_bos(__dst, 0));
      |          ^
[910/1116] Linking CXX executable TestSanitizeTrailerUaf.exe
lto-wrapper.exe: warning: using serial compilation of 18 LTRANS jobs
lto-wrapper.exe: note: see the '-flto' option documentation for more information
[911/1116] Linking CXX executable TestAutosave.exe
lto-wrapper.exe: warning: using serial compilation of 20 LTRANS jobs
lto-wrapper.exe: note: see the '-flto' option documentation for more information
[912/1116] Linking CXX executable TestDocumentIdentity.exe; Deploying qoffscreen platform plugin for TestDocumentIdentity
D:/pdf/pdf-litems/src/modes/PdfAValidationPanel.h:68:7: warning: type 'struct PdfAValidationPanel' violates the C++ One Definition Rule [-Wodr]
   68 | class PdfAValidationPanel : public QFrame {
      |       ^
D:/pdf/pdf-litems/src/modes/PdfAValidationPanel.h:68:7: note: a different type is defined in another translation unit
   68 | class PdfAValidationPanel : public QFrame {
      |       ^
D:/pdf/pdf-litems/src/modes/PdfAValidationPanel.h:120:24: note: the first difference of corresponding definitions is field 'm_issuesLayout'
  120 |     class QVBoxLayout* m_issuesLayout{nullptr};
      |                        ^
D:/pdf/pdf-litems/src/modes/PdfAValidationPanel.h:120:24: note: a field of same name but different type is defined in another translation unit
  120 |     class QVBoxLayout* m_issuesLayout{nullptr};
      |                        ^
D:/pdf/pdf-litems/src/modes/PdfAValidationPanel.h:120:11: note: type name 'gp::QVBoxLayout' should match type name 'QVBoxLayout'
  120 |     class QVBoxLayout* m_issuesLayout{nullptr};
      |           ^
C:/msys64/ucrt64/include/qt6/QtWidgets/qboxlayout.h:91:24: note: the incompatible type is defined here
   91 | class Q_WIDGETS_EXPORT QVBoxLayout : public QBoxLayout
      |                        ^
lto-wrapper.exe: warning: using serial compilation of 119 LTRANS jobs
lto-wrapper.exe: note: see the '-flto' option documentation for more information
In function 'memcpy',
    inlined from 'luaL_addlstring' at D:/pdf/pdf-litems/third_party/lua-5.4/src/lauxlib.c:586:5,
    inlined from 'luaL_addlstring' at D:/pdf/pdf-litems/third_party/lua-5.4/src/lauxlib.c:583:17,
    inlined from 'add_s' at D:/pdf/pdf-litems/third_party/lua-5.4/src/lstrlib.c:883:9,
    inlined from 'add_value' at D:/pdf/pdf-litems/third_party/lua-5.4/src/lstrlib.c:923:7,
    inlined from 'str_gsub' at D:/pdf/pdf-litems/third_party/lua-5.4/src/lstrlib.c:967:17:
D:/pdf/msys64/ucrt64/include/string.h:217:10: warning: '__builtin_memcpy' specified bound 18446744073709551614 exceeds maximum object size 9223372036854775807 [-Wstringop-overflow=]
  217 |   return __builtin___memcpy_chk(__dst, __src, __n, __mingw_bos(__dst, 0));
      |          ^
[913/1116] Linking CXX executable TestBatesBatchSafety.exe; Deploying qoffscreen platform plugin for TestBatesBatchSafety
lto-wrapper.exe: warning: using serial compilation of 119 LTRANS jobs
lto-wrapper.exe: note: see the '-flto' option documentation for more information
In function 'memcpy',
    inlined from 'luaL_addlstring' at D:/pdf/pdf-litems/third_party/lua-5.4/src/lauxlib.c:586:5,
    inlined from 'luaL_addlstring' at D:/pdf/pdf-litems/third_party/lua-5.4/src/lauxlib.c:583:17,
    inlined from 'add_s' at D:/pdf/pdf-litems/third_party/lua-5.4/src/lstrlib.c:883:9,
    inlined from 'add_value' at D:/pdf/pdf-litems/third_party/lua-5.4/src/lstrlib.c:923:7,
    inlined from 'str_gsub' at D:/pdf/pdf-litems/third_party/lua-5.4/src/lstrlib.c:967:17:
D:/pdf/msys64/ucrt64/include/string.h:217:10: warning: '__builtin_memcpy' specified bound 18446744073709551614 exceeds maximum object size 9223372036854775807 [-Wstringop-overflow=]
  217 |   return __builtin___memcpy_chk(__dst, __src, __n, __mingw_bos(__dst, 0));
      |          ^
[914/1116] Linking CXX executable TestRecoverySave.exe; Deploying qoffscreen platform plugin for TestRecoverySave
lto-wrapper.exe: warning: using serial compilation of 118 LTRANS jobs
lto-wrapper.exe: note: see the '-flto' option documentation for more information
In function 'memcpy',
    inlined from 'luaL_addlstring' at D:/pdf/pdf-litems/third_party/lua-5.4/src/lauxlib.c:586:5,
    inlined from 'luaL_addlstring' at D:/pdf/pdf-litems/third_party/lua-5.4/src/lauxlib.c:583:17,
    inlined from 'add_s' at D:/pdf/pdf-litems/third_party/lua-5.4/src/lstrlib.c:883:9,
    inlined from 'add_value' at D:/pdf/pdf-litems/third_party/lua-5.4/src/lstrlib.c:923:7,
    inlined from 'str_gsub' at D:/pdf/pdf-litems/third_party/lua-5.4/src/lstrlib.c:967:17:
D:/pdf/msys64/ucrt64/include/string.h:217:10: warning: '__builtin_memcpy' specified bound 18446744073709551614 exceeds maximum object size 9223372036854775807 [-Wstringop-overflow=]
  217 |   return __builtin___memcpy_chk(__dst, __src, __n, __mingw_bos(__dst, 0));
      |          ^
[915/1116] Linking CXX executable TestReadOnlyGate.exe; Deploying qoffscreen platform plugin for TestReadOnlyGate
lto-wrapper.exe: warning: using serial compilation of 119 LTRANS jobs
lto-wrapper.exe: note: see the '-flto' option documentation for more information
In function 'memcpy',
    inlined from 'luaL_addlstring' at D:/pdf/pdf-litems/third_party/lua-5.4/src/lauxlib.c:586:5,
    inlined from 'luaL_addlstring' at D:/pdf/pdf-litems/third_party/lua-5.4/src/lauxlib.c:583:17,
    inlined from 'add_s' at D:/pdf/pdf-litems/third_party/lua-5.4/src/lstrlib.c:883:9,
    inlined from 'add_value' at D:/pdf/pdf-litems/third_party/lua-5.4/src/lstrlib.c:923:7,
    inlined from 'str_gsub' at D:/pdf/pdf-litems/third_party/lua-5.4/src/lstrlib.c:967:17:
D:/pdf/msys64/ucrt64/include/string.h:217:10: warning: '__builtin_memcpy' specified bound 18446744073709551614 exceeds maximum object size 9223372036854775807 [-Wstringop-overflow=]
  217 |   return __builtin___memcpy_chk(__dst, __src, __n, __mingw_bos(__dst, 0));
      |          ^
[916/1116] Linking CXX executable TestSignatureValidationMock.exe
lto-wrapper.exe: warning: using serial compilation of 2 LTRANS jobs
lto-wrapper.exe: note: see the '-flto' option documentation for more information
[917/1116] Linking CXX executable TestRobustness.exe
lto-wrapper.exe: warning: using serial compilation of 18 LTRANS jobs
lto-wrapper.exe: note: see the '-flto' option documentation for more information
[918/1116] Linking CXX executable TestSecretStore.exe
lto-wrapper.exe: warning: using serial compilation of 2 LTRANS jobs
lto-wrapper.exe: note: see the '-flto' option documentation for more information
[919/1116] Linking CXX executable TestSignatureValidation.exe
lto-wrapper.exe: warning: using serial compilation of 3 LTRANS jobs
lto-wrapper.exe: note: see the '-flto' option documentation for more information
[920/1116] Linking CXX executable TestSignatureRealCrypto.exe; Deploying podofo 1.1.0 DLL for TestSignatureRealCrypto
lto-wrapper.exe: warning: using serial compilation of 9 LTRANS jobs
lto-wrapper.exe: note: see the '-flto' option documentation for more information
[921/1116] Linking CXX executable TestSendForSigning.exe; Deploying podofo 1.1.0 DLL for TestSendForSigning
lto-wrapper.exe: warning: using serial compilation of 11 LTRANS jobs
lto-wrapper.exe: note: see the '-flto' option documentation for more information
[922/1116] Linking CXX executable TestEraseSignedGuard.exe; Deploying podofo 1.1.0 DLL for TestEraseSignedGuard
lto-wrapper.exe: warning: using serial compilation of 18 LTRANS jobs
lto-wrapper.exe: note: see the '-flto' option documentation for more information
[923/1116] Linking CXX executable TestSignatureAppearance.exe; Deploying podofo 1.1.0 DLL for TestSignatureAppearance
lto-wrapper.exe: warning: using serial compilation of 4 LTRANS jobs
lto-wrapper.exe: note: see the '-flto' option documentation for more information
[924/1116] Linking CXX executable TestOptimizeSignedGuard.exe; Deploying podofo 1.1.0 DLL for TestOptimizeSignedGuard
lto-wrapper.exe: warning: using serial compilation of 18 LTRANS jobs
lto-wrapper.exe: note: see the '-flto' option documentation for more information
[925/1116] Linking CXX executable TestImageDedup.exe; Deploying podofo 1.1.0 DLL for TestImageDedup
lto-wrapper.exe: warning: using serial compilation of 4 LTRANS jobs
lto-wrapper.exe: note: see the '-flto' option documentation for more information
[926/1116] Linking CXX executable TestSidecarReopenState.exe; Deploying qoffscreen platform plugin for TestSidecarReopenState
lto-wrapper.exe: warning: using serial compilation of 119 LTRANS jobs
lto-wrapper.exe: note: see the '-flto' option documentation for more information
In function 'memcpy',
    inlined from 'luaL_addlstring' at D:/pdf/pdf-litems/third_party/lua-5.4/src/lauxlib.c:586:5,
    inlined from 'luaL_addlstring' at D:/pdf/pdf-litems/third_party/lua-5.4/src/lauxlib.c:583:17,
    inlined from 'add_s' at D:/pdf/pdf-litems/third_party/lua-5.4/src/lstrlib.c:883:9,
    inlined from 'add_value' at D:/pdf/pdf-litems/third_party/lua-5.4/src/lstrlib.c:923:7,
    inlined from 'str_gsub' at D:/pdf/pdf-litems/third_party/lua-5.4/src/lstrlib.c:967:17:
D:/pdf/msys64/ucrt64/include/string.h:217:10: warning: '__builtin_memcpy' specified bound 18446744073709551614 exceeds maximum object size 9223372036854775807 [-Wstringop-overflow=]
  217 |   return __builtin___memcpy_chk(__dst, __src, __n, __mingw_bos(__dst, 0));
      |          ^
[927/1116] Linking CXX executable TestChain1.exe
[928/1116] Linking CXX executable TestDedupSMask.exe; Deploying podofo 1.1.0 DLL for TestDedupSMask
lto-wrapper.exe: warning: using serial compilation of 19 LTRANS jobs
lto-wrapper.exe: note: see the '-flto' option documentation for more information
[929/1116] Linking CXX executable TestRedaction.exe
lto-wrapper.exe: warning: using serial compilation of 19 LTRANS jobs
lto-wrapper.exe: note: see the '-flto' option documentation for more information
[930/1116] Linking CXX executable TestCompressJpegReencode.exe; Deploying podofo 1.1.0 DLL for TestCompressJpegReencode
lto-wrapper.exe: warning: using serial compilation of 20 LTRANS jobs
lto-wrapper.exe: note: see the '-flto' option documentation for more information
[931/1116] Linking CXX executable TestFontSubset.exe; Deploying podofo 1.1.0 DLL for TestFontSubset
lto-wrapper.exe: warning: using serial compilation of 20 LTRANS jobs
lto-wrapper.exe: note: see the '-flto' option documentation for more information
[932/1116] Linking CXX executable TestLayoutEnsemble.exe
lto-wrapper.exe: warning: using serial compilation of 2 LTRANS jobs
lto-wrapper.exe: note: see the '-flto' option documentation for more information
[933/1116] Linking CXX executable TestOcrPipeline.exe
lto-wrapper.exe: warning: using serial compilation of 4 LTRANS jobs
lto-wrapper.exe: note: see the '-flto' option documentation for more information
[934/1116] Linking CXX executable TestOptimizeEstimate.exe; Deploying podofo 1.1.0 DLL for TestOptimizeEstimate
lto-wrapper.exe: warning: using serial compilation of 19 LTRANS jobs
lto-wrapper.exe: note: see the '-flto' option documentation for more information
[935/1116] Linking CXX executable TestOcrReviewLifecycle.exe; Deploying qoffscreen platform plugin for TestOcrReviewLifecycle
lto-wrapper.exe: warning: using serial compilation of 35 LTRANS jobs
lto-wrapper.exe: note: see the '-flto' option documentation for more information
In function 'memcpy',
    inlined from 'luaL_addlstring' at D:/pdf/pdf-litems/third_party/lua-5.4/src/lauxlib.c:586:5,
    inlined from 'luaL_addlstring' at D:/pdf/pdf-litems/third_party/lua-5.4/src/lauxlib.c:583:17,
    inlined from 'add_s' at D:/pdf/pdf-litems/third_party/lua-5.4/src/lstrlib.c:883:9,
    inlined from 'add_value' at D:/pdf/pdf-litems/third_party/lua-5.4/src/lstrlib.c:923:7,
    inlined from 'str_gsub' at D:/pdf/pdf-litems/third_party/lua-5.4/src/lstrlib.c:967:17:
D:/pdf/msys64/ucrt64/include/string.h:217:10: warning: '__builtin_memcpy' specified bound 18446744073709551614 exceeds maximum object size 9223372036854775807 [-Wstringop-overflow=]
  217 |   return __builtin___memcpy_chk(__dst, __src, __n, __mingw_bos(__dst, 0));
      |          ^
[936/1116] Linking CXX executable TestOcrOutputMode.exe; Deploying qoffscreen platform plugin for TestOcrOutputMode
lto-wrapper.exe: warning: using serial compilation of 29 LTRANS jobs
lto-wrapper.exe: note: see the '-flto' option documentation for more information
[937/1116] Linking CXX executable TestOcrVerifyNavigation.exe; Deploying qoffscreen platform plugin for TestOcrVerifyNavigation
lto-wrapper.exe: warning: using serial compilation of 51 LTRANS jobs
lto-wrapper.exe: note: see the '-flto' option documentation for more information
[938/1116] Linking CXX executable TestOcrVerifyPort.exe; Deploying qoffscreen platform plugin for TestOcrVerifyPort
lto-wrapper.exe: warning: using serial compilation of 4 LTRANS jobs
lto-wrapper.exe: note: see the '-flto' option documentation for more information
[939/1116] Linking CXX executable TestOcrPreprocessor.exe
[940/1116] Linking CXX executable TestOcrRegionReocr.exe; Deploying qoffscreen platform plugin for TestOcrRegionReocr
lto-wrapper.exe: warning: using serial compilation of 120 LTRANS jobs
lto-wrapper.exe: note: see the '-flto' option documentation for more information
In function 'memcpy',
    inlined from 'luaL_addlstring' at D:/pdf/pdf-litems/third_party/lua-5.4/src/lauxlib.c:586:5,
    inlined from 'luaL_addlstring' at D:/pdf/pdf-litems/third_party/lua-5.4/src/lauxlib.c:583:17,
    inlined from 'add_s' at D:/pdf/pdf-litems/third_party/lua-5.4/src/lstrlib.c:883:9,
    inlined from 'add_value' at D:/pdf/pdf-litems/third_party/lua-5.4/src/lstrlib.c:923:7,
    inlined from 'str_gsub' at D:/pdf/pdf-litems/third_party/lua-5.4/src/lstrlib.c:967:17:
D:/pdf/msys64/ucrt64/include/string.h:217:10: warning: '__builtin_memcpy' specified bound 18446744073709551614 exceeds maximum object size 9223372036854775807 [-Wstringop-overflow=]
  217 |   return __builtin___memcpy_chk(__dst, __src, __n, __mingw_bos(__dst, 0));
      |          ^
[941/1116] Linking CXX executable TestOcrDjotMapper.exe
lto-wrapper.exe: warning: using serial compilation of 8 LTRANS jobs
lto-wrapper.exe: note: see the '-flto' option documentation for more information
In function 'memcpy',
    inlined from 'luaL_addlstring' at D:/pdf/pdf-litems/third_party/lua-5.4/src/lauxlib.c:586:5,
    inlined from 'luaL_addlstring' at D:/pdf/pdf-litems/third_party/lua-5.4/src/lauxlib.c:583:17,
    inlined from 'add_s' at D:/pdf/pdf-litems/third_party/lua-5.4/src/lstrlib.c:883:9,
    inlined from 'add_value' at D:/pdf/pdf-litems/third_party/lua-5.4/src/lstrlib.c:923:7,
    inlined from 'str_gsub' at D:/pdf/pdf-litems/third_party/lua-5.4/src/lstrlib.c:967:17:
D:/pdf/msys64/ucrt64/include/string.h:217:10: warning: '__builtin_memcpy' specified bound 18446744073709551614 exceeds maximum object size 9223372036854775807 [-Wstringop-overflow=]
  217 |   return __builtin___memcpy_chk(__dst, __src, __n, __mingw_bos(__dst, 0));
      |          ^
[942/1116] Linking CXX executable TestThreadSafety.exe
lto-wrapper.exe: warning: using serial compilation of 20 LTRANS jobs
lto-wrapper.exe: note: see the '-flto' option documentation for more information
[943/1116] Linking CXX executable TestEncryption.exe
lto-wrapper.exe: warning: using serial compilation of 20 LTRANS jobs
lto-wrapper.exe: note: see the '-flto' option documentation for more information
[944/1116] Linking CXX executable TestResourceLimits.exe
lto-wrapper.exe: warning: using serial compilation of 18 LTRANS jobs
lto-wrapper.exe: note: see the '-flto' option documentation for more information
[945/1116] Linking CXX executable TestSevenZipBundle.exe
[946/1116] Linking CXX executable TestControllers.exe; Deploying qoffscreen platform plugin for TestControllers
lto-wrapper.exe: warning: using serial compilation of 96 LTRANS jobs
lto-wrapper.exe: note: see the '-flto' option documentation for more information
[947/1116] Linking CXX executable TestRibbonIntegrity.exe; Deploying qoffscreen platform plugin for TestRibbonIntegrity
lto-wrapper.exe: warning: using serial compilation of 97 LTRANS jobs
lto-wrapper.exe: note: see the '-flto' option documentation for more information
[948/1116] Linking CXX executable TestMenuBarIntegrity.exe; Deploying qoffscreen platform plugin for TestMenuBarIntegrity
lto-wrapper.exe: warning: using serial compilation of 96 LTRANS jobs
lto-wrapper.exe: note: see the '-flto' option documentation for more information
[949/1116] Linking CXX executable TestCommandBinding.exe; Deploying qoffscreen platform plugin for TestCommandBinding
lto-wrapper.exe: warning: using serial compilation of 120 LTRANS jobs
lto-wrapper.exe: note: see the '-flto' option documentation for more information
In function 'memcpy',
    inlined from 'luaL_addlstring' at D:/pdf/pdf-litems/third_party/lua-5.4/src/lauxlib.c:586:5,
    inlined from 'luaL_addlstring' at D:/pdf/pdf-litems/third_party/lua-5.4/src/lauxlib.c:583:17,
    inlined from 'add_s' at D:/pdf/pdf-litems/third_party/lua-5.4/src/lstrlib.c:883:9,
    inlined from 'add_value' at D:/pdf/pdf-litems/third_party/lua-5.4/src/lstrlib.c:923:7,
    inlined from 'str_gsub' at D:/pdf/pdf-litems/third_party/lua-5.4/src/lstrlib.c:967:17:
D:/pdf/msys64/ucrt64/include/string.h:217:10: warning: '__builtin_memcpy' specified bound 18446744073709551614 exceeds maximum object size 9223372036854775807 [-Wstringop-overflow=]
  217 |   return __builtin___memcpy_chk(__dst, __src, __n, __mingw_bos(__dst, 0));
      |          ^
[950/1116] Linking CXX executable TestWelcomeRoutes.exe; Deploying qoffscreen platform plugin for TestWelcomeRoutes
lto-wrapper.exe: warning: using serial compilation of 121 LTRANS jobs
lto-wrapper.exe: note: see the '-flto' option documentation for more information
In function 'memcpy',
    inlined from 'luaL_addlstring' at D:/pdf/pdf-litems/third_party/lua-5.4/src/lauxlib.c:586:5,
    inlined from 'luaL_addlstring' at D:/pdf/pdf-litems/third_party/lua-5.4/src/lauxlib.c:583:17,
    inlined from 'add_s' at D:/pdf/pdf-litems/third_party/lua-5.4/src/lstrlib.c:883:9,
    inlined from 'add_value' at D:/pdf/pdf-litems/third_party/lua-5.4/src/lstrlib.c:923:7,
    inlined from 'str_gsub' at D:/pdf/pdf-litems/third_party/lua-5.4/src/lstrlib.c:967:17:
D:/pdf/msys64/ucrt64/include/string.h:217:10: warning: '__builtin_memcpy' specified bound 18446744073709551614 exceeds maximum object size 9223372036854775807 [-Wstringop-overflow=]
  217 |   return __builtin___memcpy_chk(__dst, __src, __n, __mingw_bos(__dst, 0));
      |          ^
[951/1116] Linking CXX executable TestSweepW3UxFlows.exe; Deploying qoffscreen platform plugin for TestSweepW3UxFlows
lto-wrapper.exe: warning: using serial compilation of 122 LTRANS jobs
lto-wrapper.exe: note: see the '-flto' option documentation for more information
In function 'memcpy',
    inlined from 'luaL_addlstring' at D:/pdf/pdf-litems/third_party/lua-5.4/src/lauxlib.c:586:5,
    inlined from 'luaL_addlstring' at D:/pdf/pdf-litems/third_party/lua-5.4/src/lauxlib.c:583:17,
    inlined from 'add_s' at D:/pdf/pdf-litems/third_party/lua-5.4/src/lstrlib.c:883:9,
    inlined from 'add_value' at D:/pdf/pdf-litems/third_party/lua-5.4/src/lstrlib.c:923:7,
    inlined from 'str_gsub' at D:/pdf/pdf-litems/third_party/lua-5.4/src/lstrlib.c:967:17:
D:/pdf/msys64/ucrt64/include/string.h:217:10: warning: '__builtin_memcpy' specified bound 18446744073709551614 exceeds maximum object size 9223372036854775807 [-Wstringop-overflow=]
  217 |   return __builtin___memcpy_chk(__dst, __src, __n, __mingw_bos(__dst, 0));
      |          ^
[952/1116] Linking CXX executable TestIntegration.exe
lto-wrapper.exe: warning: using serial compilation of 19 LTRANS jobs
lto-wrapper.exe: note: see the '-flto' option documentation for more information
[953/1116] Linking CXX executable TestPerformance.exe
lto-wrapper.exe: warning: using serial compilation of 21 LTRANS jobs
lto-wrapper.exe: note: see the '-flto' option documentation for more information
[954/1116] Linking CXX executable TestVeraPdf.exe
lto-wrapper.exe: warning: using serial compilation of 2 LTRANS jobs
lto-wrapper.exe: note: see the '-flto' option documentation for more information
[955/1116] Linking CXX executable TestUiAccessibility.exe; Deploying qoffscreen platform plugin for TestUiAccessibility
lto-wrapper.exe: warning: using serial compilation of 120 LTRANS jobs
lto-wrapper.exe: note: see the '-flto' option documentation for more information
In function 'memcpy',
    inlined from 'luaL_addlstring' at D:/pdf/pdf-litems/third_party/lua-5.4/src/lauxlib.c:586:5,
    inlined from 'luaL_addlstring' at D:/pdf/pdf-litems/third_party/lua-5.4/src/lauxlib.c:583:17,
    inlined from 'add_s' at D:/pdf/pdf-litems/third_party/lua-5.4/src/lstrlib.c:883:9,
    inlined from 'add_value' at D:/pdf/pdf-litems/third_party/lua-5.4/src/lstrlib.c:923:7,
    inlined from 'str_gsub' at D:/pdf/pdf-litems/third_party/lua-5.4/src/lstrlib.c:967:17:
D:/pdf/msys64/ucrt64/include/string.h:217:10: warning: '__builtin_memcpy' specified bound 18446744073709551614 exceeds maximum object size 9223372036854775807 [-Wstringop-overflow=]
  217 |   return __builtin___memcpy_chk(__dst, __src, __n, __mingw_bos(__dst, 0));
      |          ^
[956/1116] Linking CXX executable TestAccessibilityChecker.exe
[957/1116] Linking CXX executable TestAccessibilityPanel.exe
lto-wrapper.exe: warning: using serial compilation of 9 LTRANS jobs
lto-wrapper.exe: note: see the '-flto' option documentation for more information
[958/1116] Linking CXX executable TestA11yReportWriter.exe; Deploying qoffscreen platform plugin for TestA11yReportWriter
lto-wrapper.exe: warning: using serial compilation of 2 LTRANS jobs
lto-wrapper.exe: note: see the '-flto' option documentation for more information
[959/1116] Linking CXX executable TestAccessibilityFixes.exe
lto-wrapper.exe: warning: using serial compilation of 5 LTRANS jobs
lto-wrapper.exe: note: see the '-flto' option documentation for more information
[960/1116] Linking CXX executable TestAccessibilityTagger.exe
lto-wrapper.exe: warning: using serial compilation of 8 LTRANS jobs
lto-wrapper.exe: note: see the '-flto' option documentation for more information
[961/1116] Linking CXX executable TestLaneScheduler.exe
lto-wrapper.exe: warning: using serial compilation of 3 LTRANS jobs
lto-wrapper.exe: note: see the '-flto' option documentation for more information
[962/1116] Linking CXX executable TestFormBuilder.exe; Deploying qoffscreen platform plugin and podofo 1.1.0 DLL for TestFormBuilder; Deploying podofo 1.1.0 DLL for TestFormBuilder
lto-wrapper.exe: warning: using serial compilation of 7 LTRANS jobs
lto-wrapper.exe: note: see the '-flto' option documentation for more information
[963/1116] Linking CXX executable TestReadingOrderAsync.exe
D:/pdf/pdf-litems/src/modes/PdfAValidationPanel.h:68:7: warning: type 'struct PdfAValidationPanel' violates the C++ One Definition Rule [-Wodr]
   68 | class PdfAValidationPanel : public QFrame {
      |       ^
D:/pdf/pdf-litems/src/modes/PdfAValidationPanel.h:68:7: note: a different type is defined in another translation unit
   68 | class PdfAValidationPanel : public QFrame {
      |       ^
D:/pdf/pdf-litems/src/modes/PdfAValidationPanel.h:117:19: note: the first difference of corresponding definitions is field 'm_statusLabel'
  117 |     class QLabel* m_statusLabel{nullptr};
      |                   ^
D:/pdf/pdf-litems/src/modes/PdfAValidationPanel.h:117:19: note: a field of same name but different type is defined in another translation unit
  117 |     class QLabel* m_statusLabel{nullptr};
      |                   ^
D:/pdf/pdf-litems/src/modes/PdfAValidationPanel.h:117:11: note: type name 'gp::QLabel' should match type name 'QLabel'
  117 |     class QLabel* m_statusLabel{nullptr};
      |           ^
C:/msys64/ucrt64/include/qt6/QtWidgets/qlabel.h:20:24: note: the incompatible type is defined here
   20 | class Q_WIDGETS_EXPORT QLabel : public QFrame
      |                        ^
lto-wrapper.exe: warning: using serial compilation of 74 LTRANS jobs
lto-wrapper.exe: note: see the '-flto' option documentation for more information
[964/1116] Linking CXX executable TestFormPersistence.exe; Deploying qoffscreen platform plugin and podofo 1.1.0 DLL for TestFormPersistence; Deploying podofo 1.1.0 DLL for TestFormPersistence
lto-wrapper.exe: warning: using serial compilation of 6 LTRANS jobs
lto-wrapper.exe: note: see the '-flto' option documentation for more information
[965/1116] Linking CXX executable TestCompareEntry.exe; Deploying qoffscreen platform plugin for TestCompareEntry
lto-wrapper.exe: warning: using serial compilation of 11 LTRANS jobs
lto-wrapper.exe: note: see the '-flto' option documentation for more information
[966/1116] Linking CXX executable TestCompareIntegration.exe; Deploying qoffscreen platform plugin for TestCompareIntegration
lto-wrapper.exe: warning: using serial compilation of 11 LTRANS jobs
lto-wrapper.exe: note: see the '-flto' option documentation for more information
[967/1116] Linking CXX executable TestPageLabels.exe; Deploying podofo 1.1.0 DLL for TestPageLabels
lto-wrapper.exe: warning: using serial compilation of 2 LTRANS jobs
lto-wrapper.exe: note: see the '-flto' option documentation for more information
[968/1116] Linking CXX executable TestPagesMode.exe; Deploying qoffscreen platform plugin for TestPagesMode
lto-wrapper.exe: warning: using serial compilation of 26 LTRANS jobs
lto-wrapper.exe: note: see the '-flto' option documentation for more information
[969/1116] Linking CXX executable TestBatchMode.exe; Deploying qoffscreen platform plugin for TestBatchMode
lto-wrapper.exe: warning: using serial compilation of 33 LTRANS jobs
lto-wrapper.exe: note: see the '-flto' option documentation for more information
[970/1116] Linking CXX executable TestBatchPresets.exe; Deploying qoffscreen platform plugin for TestBatchPresets; Deploying podofo 1.1.0 DLL for TestBatchPresets
lto-wrapper.exe: warning: using serial compilation of 34 LTRANS jobs
lto-wrapper.exe: note: see the '-flto' option documentation for more information
[971/1116] Linking CXX executable TestBatchPresetsP2.exe; Deploying qoffscreen platform plugin for TestBatchPresetsP2; Deploying podofo 1.1.0 DLL for TestBatchPresetsP2
lto-wrapper.exe: warning: using serial compilation of 37 LTRANS jobs
lto-wrapper.exe: note: see the '-flto' option documentation for more information
[972/1116] Linking CXX executable TestHotFolder.exe; Deploying qoffscreen platform plugin for TestHotFolder
lto-wrapper.exe: warning: using serial compilation of 34 LTRANS jobs
lto-wrapper.exe: note: see the '-flto' option documentation for more information
[973/1116] Linking CXX executable TestBatchOcrLanguage.exe; Deploying qoffscreen platform plugin for TestBatchOcrLanguage
lto-wrapper.exe: warning: using serial compilation of 32 LTRANS jobs
lto-wrapper.exe: note: see the '-flto' option documentation for more information
[974/1116] Linking CXX executable TestOcrPreprocessPrefs.exe; Deploying qoffscreen platform plugin for TestOcrPreprocessPrefs
lto-wrapper.exe: warning: using serial compilation of 3 LTRANS jobs
lto-wrapper.exe: note: see the '-flto' option documentation for more information
[975/1116] Linking CXX executable TestBatchOcrSkipText.exe; Deploying qoffscreen platform plugin for TestBatchOcrSkipText
lto-wrapper.exe: warning: using serial compilation of 34 LTRANS jobs
lto-wrapper.exe: note: see the '-flto' option documentation for more information
[976/1116] Linking CXX executable TestOpenRouting.exe; Deploying qoffscreen platform plugin for TestOpenRouting
[977/1116] Linking CXX executable TestBatesCrossDoc.exe; Deploying qoffscreen platform plugin for TestBatesCrossDoc
lto-wrapper.exe: warning: using serial compilation of 19 LTRANS jobs
lto-wrapper.exe: note: see the '-flto' option documentation for more information
[978/1116] Linking CXX executable TestExcisionCorruption.exe; Deploying qoffscreen platform plugin for TestExcisionCorruption
lto-wrapper.exe: warning: using serial compilation of 19 LTRANS jobs
lto-wrapper.exe: note: see the '-flto' option documentation for more information
[979/1116] Linking CXX executable TestPdfACidSetSafety.exe; Deploying podofo 1.1.0 DLL for TestPdfACidSetSafety
lto-wrapper.exe: warning: using serial compilation of 19 LTRANS jobs
lto-wrapper.exe: note: see the '-flto' option documentation for more information
[980/1116] Linking CXX executable TestBatchOpsCoverage.exe; Deploying qoffscreen platform plugin for TestBatchOpsCoverage; Deploying podofo 1.1.0 DLL for TestBatchOpsCoverage
lto-wrapper.exe: warning: using serial compilation of 37 LTRANS jobs
lto-wrapper.exe: note: see the '-flto' option documentation for more information
[981/1116] Linking CXX executable TestReadingOrderThreshold.exe; Deploying qoffscreen platform plugin for TestReadingOrderThreshold
lto-wrapper.exe: warning: using serial compilation of 2 LTRANS jobs
lto-wrapper.exe: note: see the '-flto' option documentation for more information
[982/1116] Linking CXX executable TestReadingOrderMcid.exe; Deploying podofo 1.1.0 DLL for TestReadingOrderMcid; Deploying pdfium DLL for TestReadingOrderMcid; Deploying qoffscreen platform plugin for TestReadingOrderMcid
lto-wrapper.exe: warning: using serial compilation of 2 LTRANS jobs
lto-wrapper.exe: note: see the '-flto' option documentation for more information
[983/1116] Linking CXX executable TestLinkBookmarkRoundTrip.exe; Deploying qoffscreen platform plugin for TestLinkBookmarkRoundTrip
lto-wrapper.exe: warning: using serial compilation of 2 LTRANS jobs
lto-wrapper.exe: note: see the '-flto' option documentation for more information
[984/1116] Linking CXX executable TestSignatureSessionCache.exe; Deploying qoffscreen platform plugin for TestSignatureSessionCache
lto-wrapper.exe: warning: using serial compilation of 2 LTRANS jobs
lto-wrapper.exe: note: see the '-flto' option documentation for more information
[985/1116] Linking CXX executable TestCapabilityRegistry.exe; Deploying qoffscreen platform plugin for TestCapabilityRegistry
lto-wrapper.exe: warning: using serial compilation of 2 LTRANS jobs
lto-wrapper.exe: note: see the '-flto' option documentation for more information
[986/1116] Linking CXX executable TestXfaHonestyBanner.exe; Deploying qoffscreen platform plugin for TestXfaHonestyBanner; Deploying podofo 1.1.0 DLL for TestXfaHonestyBanner
lto-wrapper.exe: warning: using serial compilation of 6 LTRANS jobs
lto-wrapper.exe: note: see the '-flto' option documentation for more information
[987/1116] Linking CXX executable TestTaskNavRegistry.exe; Deploying qoffscreen platform plugin for TestTaskNavRegistry
lto-wrapper.exe: warning: using serial compilation of 2 LTRANS jobs
lto-wrapper.exe: note: see the '-flto' option documentation for more information
[988/1116] Linking CXX executable TestScreenStateSync.exe; Deploying qoffscreen platform plugin for TestScreenStateSync
lto-wrapper.exe: warning: using serial compilation of 5 LTRANS jobs
lto-wrapper.exe: note: see the '-flto' option documentation for more information
[989/1116] Linking CXX executable TestRibbonCollapse.exe; Deploying qoffscreen platform plugin for TestRibbonCollapse
lto-wrapper.exe: warning: using serial compilation of 4 LTRANS jobs
lto-wrapper.exe: note: see the '-flto' option documentation for more information
[990/1116] Linking CXX executable TestModeStripPins.exe; Deploying qoffscreen platform plugin for TestModeStripPins
lto-wrapper.exe: warning: using serial compilation of 2 LTRANS jobs
lto-wrapper.exe: note: see the '-flto' option documentation for more information
[991/1116] Linking CXX executable TestReadingOrderDepthCap.exe; Deploying podofo 1.1.0 DLL for TestReadingOrderDepthCap; Deploying pdfium DLL for TestReadingOrderDepthCap; Deploying qoffscreen platform plugin for TestReadingOrderDepthCap
D:/pdf/pdf-litems/src/modes/PdfAValidationPanel.h:68:7: warning: type 'struct PdfAValidationPanel' violates the C++ One Definition Rule [-Wodr]
   68 | class PdfAValidationPanel : public QFrame {
      |       ^
D:/pdf/pdf-litems/src/modes/PdfAValidationPanel.h:68:7: note: a different type is defined in another translation unit
   68 | class PdfAValidationPanel : public QFrame {
      |       ^
D:/pdf/pdf-litems/src/modes/PdfAValidationPanel.h:120:24: note: the first difference of corresponding definitions is field 'm_issuesLayout'
  120 |     class QVBoxLayout* m_issuesLayout{nullptr};
      |                        ^
D:/pdf/pdf-litems/src/modes/PdfAValidationPanel.h:120:24: note: a field of same name but different type is defined in another translation unit
  120 |     class QVBoxLayout* m_issuesLayout{nullptr};
      |                        ^
D:/pdf/pdf-litems/src/modes/PdfAValidationPanel.h:120:11: note: type name 'gp::QVBoxLayout' should match type name 'QVBoxLayout'
  120 |     class QVBoxLayout* m_issuesLayout{nullptr};
      |           ^
C:/msys64/ucrt64/include/qt6/QtWidgets/qboxlayout.h:91:24: note: the incompatible type is defined here
   91 | class Q_WIDGETS_EXPORT QVBoxLayout : public QBoxLayout
      |                        ^
lto-wrapper.exe: warning: using serial compilation of 74 LTRANS jobs
lto-wrapper.exe: note: see the '-flto' option documentation for more information
[992/1116] Linking CXX executable TestCommentsReview.exe; Deploying qoffscreen platform plugin for TestCommentsReview
lto-wrapper.exe: warning: using serial compilation of 8 LTRANS jobs
lto-wrapper.exe: note: see the '-flto' option documentation for more information
[993/1116] Linking CXX executable TestWelcomeLayout.exe; Deploying qoffscreen platform plugin for TestWelcomeLayout
lto-wrapper.exe: warning: using serial compilation of 2 LTRANS jobs
lto-wrapper.exe: note: see the '-flto' option documentation for more information
[994/1116] Linking CXX executable TestStatusBarSlim.exe; Deploying qoffscreen platform plugin for TestStatusBarSlim
lto-wrapper.exe: warning: using serial compilation of 74 LTRANS jobs
lto-wrapper.exe: note: see the '-flto' option documentation for more information
[995/1116] Linking CXX executable TestBatchOcrConfidence.exe; Deploying qoffscreen platform plugin for TestBatchOcrConfidence
lto-wrapper.exe: warning: using serial compilation of 31 LTRANS jobs
lto-wrapper.exe: note: see the '-flto' option documentation for more information
[996/1116] Linking CXX executable TestInspector.exe; Deploying qoffscreen platform plugin for TestInspector
lto-wrapper.exe: warning: using serial compilation of 3 LTRANS jobs
lto-wrapper.exe: note: see the '-flto' option documentation for more information
[997/1116] Linking CXX executable TestSignatureBadges.exe; Deploying qoffscreen platform plugin for TestSignatureBadges
lto-wrapper.exe: warning: using serial compilation of 78 LTRANS jobs
lto-wrapper.exe: note: see the '-flto' option documentation for more information
[998/1116] Linking CXX executable TestPatternRedact.exe; Deploying qoffscreen platform plugin for TestPatternRedact
lto-wrapper.exe: warning: using serial compilation of 20 LTRANS jobs
lto-wrapper.exe: note: see the '-flto' option documentation for more information
[999/1116] Linking CXX executable TestReviewSummary.exe; Deploying qoffscreen platform plugin for TestReviewSummary
lto-wrapper.exe: warning: using serial compilation of 7 LTRANS jobs
lto-wrapper.exe: note: see the '-flto' option documentation for more information
[1000/1116] Linking CXX executable TestPrintableSummary.exe; Deploying qoffscreen platform plugin for TestPrintableSummary
lto-wrapper.exe: warning: using serial compilation of 7 LTRANS jobs
lto-wrapper.exe: note: see the '-flto' option documentation for more information
[1001/1116] Linking CXX executable TestDynamicStamps.exe; Deploying qoffscreen platform plugin for TestDynamicStamps
lto-wrapper.exe: warning: using serial compilation of 7 LTRANS jobs
lto-wrapper.exe: note: see the '-flto' option documentation for more information
[1002/1116] Linking CXX executable TestStampImageImport.exe; Deploying qoffscreen platform plugin for TestStampImageImport
lto-wrapper.exe: warning: using serial compilation of 6 LTRANS jobs
lto-wrapper.exe: note: see the '-flto' option documentation for more information
[1003/1116] Linking CXX executable TestFindReplace.exe; Deploying qoffscreen platform plugin for TestFindReplace
lto-wrapper.exe: warning: using serial compilation of 121 LTRANS jobs
lto-wrapper.exe: note: see the '-flto' option documentation for more information
In function 'memcpy',
    inlined from 'luaL_addlstring' at D:/pdf/pdf-litems/third_party/lua-5.4/src/lauxlib.c:586:5,
    inlined from 'luaL_addlstring' at D:/pdf/pdf-litems/third_party/lua-5.4/src/lauxlib.c:583:17,
    inlined from 'add_s' at D:/pdf/pdf-litems/third_party/lua-5.4/src/lstrlib.c:883:9,
    inlined from 'add_value' at D:/pdf/pdf-litems/third_party/lua-5.4/src/lstrlib.c:923:7,
    inlined from 'str_gsub' at D:/pdf/pdf-litems/third_party/lua-5.4/src/lstrlib.c:967:17:
D:/pdf/msys64/ucrt64/include/string.h:217:10: warning: '__builtin_memcpy' specified bound 18446744073709551614 exceeds maximum object size 9223372036854775807 [-Wstringop-overflow=]
  217 |   return __builtin___memcpy_chk(__dst, __src, __n, __mingw_bos(__dst, 0));
      |          ^
[1004/1116] Linking CXX executable TestDjotRoundtrip.exe
lto-wrapper.exe: warning: using serial compilation of 7 LTRANS jobs
lto-wrapper.exe: note: see the '-flto' option documentation for more information
In function 'memcpy',
    inlined from 'luaL_addlstring' at D:/pdf/pdf-litems/third_party/lua-5.4/src/lauxlib.c:586:5,
    inlined from 'luaL_addlstring' at D:/pdf/pdf-litems/third_party/lua-5.4/src/lauxlib.c:583:17,
    inlined from 'add_s' at D:/pdf/pdf-litems/third_party/lua-5.4/src/lstrlib.c:883:9,
    inlined from 'add_value' at D:/pdf/pdf-litems/third_party/lua-5.4/src/lstrlib.c:923:7,
    inlined from 'str_gsub' at D:/pdf/pdf-litems/third_party/lua-5.4/src/lstrlib.c:967:17:
D:/pdf/msys64/ucrt64/include/string.h:217:10: warning: '__builtin_memcpy' specified bound 18446744073709551614 exceeds maximum object size 9223372036854775807 [-Wstringop-overflow=]
  217 |   return __builtin___memcpy_chk(__dst, __src, __n, __mingw_bos(__dst, 0));
      |          ^
[1005/1116] Linking CXX executable TestDjotFuzz.exe
lto-wrapper.exe: warning: using serial compilation of 7 LTRANS jobs
lto-wrapper.exe: note: see the '-flto' option documentation for more information
In function 'memcpy',
    inlined from 'luaL_addlstring' at D:/pdf/pdf-litems/third_party/lua-5.4/src/lauxlib.c:586:5,
    inlined from 'luaL_addlstring' at D:/pdf/pdf-litems/third_party/lua-5.4/src/lauxlib.c:583:17,
    inlined from 'add_s' at D:/pdf/pdf-litems/third_party/lua-5.4/src/lstrlib.c:883:9,
    inlined from 'add_value' at D:/pdf/pdf-litems/third_party/lua-5.4/src/lstrlib.c:923:7,
    inlined from 'str_gsub' at D:/pdf/pdf-litems/third_party/lua-5.4/src/lstrlib.c:967:17:
D:/pdf/msys64/ucrt64/include/string.h:217:10: warning: '__builtin_memcpy' specified bound 18446744073709551614 exceeds maximum object size 9223372036854775807 [-Wstringop-overflow=]
  217 |   return __builtin___memcpy_chk(__dst, __src, __n, __mingw_bos(__dst, 0));
      |          ^
[1006/1116] Linking CXX executable TestUpdateChecker.exe
[1007/1116] Linking CXX executable TestWatermarkFont.exe; Deploying qoffscreen platform plugin for TestWatermarkFont
lto-wrapper.exe: warning: using serial compilation of 2 LTRANS jobs
lto-wrapper.exe: note: see the '-flto' option documentation for more information
[1008/1116] Linking CXX executable TestOcrLanguage.exe
[1009/1116] Linking CXX executable TestAutoBookmarks.exe; Deploying qoffscreen platform plugin for TestAutoBookmarks
lto-wrapper.exe: warning: using serial compilation of 119 LTRANS jobs
lto-wrapper.exe: note: see the '-flto' option documentation for more information
In function 'memcpy',
    inlined from 'luaL_addlstring' at D:/pdf/pdf-litems/third_party/lua-5.4/src/lauxlib.c:586:5,
    inlined from 'luaL_addlstring' at D:/pdf/pdf-litems/third_party/lua-5.4/src/lauxlib.c:583:17,
    inlined from 'add_s' at D:/pdf/pdf-litems/third_party/lua-5.4/src/lstrlib.c:883:9,
    inlined from 'add_value' at D:/pdf/pdf-litems/third_party/lua-5.4/src/lstrlib.c:923:7,
    inlined from 'str_gsub' at D:/pdf/pdf-litems/third_party/lua-5.4/src/lstrlib.c:967:17:
D:/pdf/msys64/ucrt64/include/string.h:217:10: warning: '__builtin_memcpy' specified bound 18446744073709551614 exceeds maximum object size 9223372036854775807 [-Wstringop-overflow=]
  217 |   return __builtin___memcpy_chk(__dst, __src, __n, __mingw_bos(__dst, 0));
      |          ^
[1010/1116] Linking CXX executable TestLinkSchemeSafety.exe
[1011/1116] Linking CXX executable TestThumbnailZoom.exe
lto-wrapper.exe: warning: using serial compilation of 3 LTRANS jobs
lto-wrapper.exe: note: see the '-flto' option documentation for more information
[1012/1116] Linking CXX executable TestRedactClearMarks.exe
lto-wrapper.exe: warning: using serial compilation of 31 LTRANS jobs
lto-wrapper.exe: note: see the '-flto' option documentation for more information
[1013/1116] Linking CXX executable TestMergeSuccess.exe
[1014/1116] Linking CXX executable TestThumbnailOffGui.exe; Deploying qoffscreen platform plugin for TestThumbnailOffGui
lto-wrapper.exe: warning: using serial compilation of 7 LTRANS jobs
lto-wrapper.exe: note: see the '-flto' option documentation for more information
[1015/1116] Linking CXX executable TestFillFormLock.exe; Deploying qoffscreen platform plugin and podofo 1.1.0 DLL for TestFillFormLock; Deploying podofo 1.1.0 DLL for TestFillFormLock
lto-wrapper.exe: warning: using serial compilation of 5 LTRANS jobs
lto-wrapper.exe: note: see the '-flto' option documentation for more information
[1016/1116] Linking CXX executable TestFillFormNoOp.exe; Deploying qoffscreen platform plugin and podofo 1.1.0 DLL for TestFillFormNoOp; Deploying podofo 1.1.0 DLL for TestFillFormNoOp
lto-wrapper.exe: warning: using serial compilation of 6 LTRANS jobs
lto-wrapper.exe: note: see the '-flto' option documentation for more information
[1017/1116] Linking CXX executable TestReadingOrderInheritance.exe
lto-wrapper.exe: warning: using serial compilation of 2 LTRANS jobs
lto-wrapper.exe: note: see the '-flto' option documentation for more information
[1018/1116] Linking CXX executable TestShapeInkPersistence.exe; Deploying podofo 1.1.0 DLL for TestShapeInkPersistence
lto-wrapper.exe: warning: using serial compilation of 3 LTRANS jobs
lto-wrapper.exe: note: see the '-flto' option documentation for more information
[1019/1116] Linking CXX executable TestMeasurePanelHonesty.exe
lto-wrapper.exe: warning: using serial compilation of 3 LTRANS jobs
lto-wrapper.exe: note: see the '-flto' option documentation for more information
[1020/1116] Linking CXX executable TestMeasureCore.exe
[1021/1116] Linking CXX executable TestQuadPointsMarkup.exe; Deploying podofo 1.1.0 DLL for TestQuadPointsMarkup
lto-wrapper.exe: warning: using serial compilation of 5 LTRANS jobs
lto-wrapper.exe: note: see the '-flto' option documentation for more information
[1022/1116] Linking CXX executable TestMeasureRoundTrip.exe; Deploying podofo 1.1.0 DLL for TestMeasureRoundTrip
lto-wrapper.exe: warning: using serial compilation of 4 LTRANS jobs
lto-wrapper.exe: note: see the '-flto' option documentation for more information
[1023/1116] Linking CXX executable TestMeasureCsvExport.exe
lto-wrapper.exe: warning: using serial compilation of 3 LTRANS jobs
lto-wrapper.exe: note: see the '-flto' option documentation for more information
[1024/1116] Linking CXX executable TestLegacyOriginSpace.exe; Deploying podofo 1.1.0 DLL for TestLegacyOriginSpace
lto-wrapper.exe: warning: using serial compilation of 9 LTRANS jobs
lto-wrapper.exe: note: see the '-flto' option documentation for more information
[1025/1116] Linking CXX executable TestCompressStripSanitize.exe; Deploying podofo 1.1.0 DLL for TestCompressStripSanitize
lto-wrapper.exe: warning: using serial compilation of 4 LTRANS jobs
lto-wrapper.exe: note: see the '-flto' option documentation for more information
[1026/1116] Linking CXX executable TestCompressDialogHonesty.exe; Deploying qoffscreen platform plugin for TestCompressDialogHonesty
lto-wrapper.exe: warning: using serial compilation of 6 LTRANS jobs
lto-wrapper.exe: note: see the '-flto' option documentation for more information
[1027/1116] Linking CXX executable TestFieldMetadata.exe; Deploying qoffscreen platform plugin and podofo 1.1.0 DLL for TestFieldMetadata; Deploying podofo 1.1.0 DLL for TestFieldMetadata
lto-wrapper.exe: warning: using serial compilation of 5 LTRANS jobs
lto-wrapper.exe: note: see the '-flto' option documentation for more information
[1028/1116] Linking CXX executable TestFormJsCalc.exe; Deploying qoffscreen platform plugin and podofo 1.1.0 DLL for TestFormJsCalc; Deploying podofo 1.1.0 DLL for TestFormJsCalc; Deploying quickjs-ng runtime DLL for TestFormJsCalc
lto-wrapper.exe: warning: using serial compilation of 11 LTRANS jobs
lto-wrapper.exe: note: see the '-flto' option documentation for more information
[1029/1116] Linking CXX executable TestFormSafety.exe; Deploying qoffscreen platform plugin and podofo 1.1.0 DLL for TestFormSafety; Deploying podofo 1.1.0 DLL for TestFormSafety
lto-wrapper.exe: warning: using serial compilation of 12 LTRANS jobs
lto-wrapper.exe: note: see the '-flto' option documentation for more information
[1030/1116] Linking CXX executable TestFormJsAdversarial.exe; Deploying qoffscreen platform plugin and podofo 1.1.0 DLL for TestFormJsAdversarial; Deploying podofo 1.1.0 DLL for TestFormJsAdversarial; Deploying quickjs-ng runtime DLL for TestFormJsAdversarial
lto-wrapper.exe: warning: using serial compilation of 8 LTRANS jobs
lto-wrapper.exe: note: see the '-flto' option documentation for more information
[1031/1116] Linking CXX executable TestFormStaleDisclosure.exe; Deploying qoffscreen platform plugin and podofo 1.1.0 DLL for TestFormStaleDisclosure; Deploying podofo 1.1.0 DLL for TestFormStaleDisclosure; Deploying quickjs-ng runtime DLL for TestFormStaleDisclosure
lto-wrapper.exe: warning: using serial compilation of 7 LTRANS jobs
lto-wrapper.exe: note: see the '-flto' option documentation for more information
[1032/1116] Linking CXX executable TestFormKeystroke.exe; Deploying qoffscreen platform plugin and podofo 1.1.0 DLL for TestFormKeystroke; Deploying podofo 1.1.0 DLL for TestFormKeystroke; Deploying quickjs-ng runtime DLL for TestFormKeystroke
lto-wrapper.exe: warning: using serial compilation of 8 LTRANS jobs
lto-wrapper.exe: note: see the '-flto' option documentation for more information
[1033/1116] Linking CXX executable TestEncryptedPackageSafeWrite.exe
lto-wrapper.exe: warning: using serial compilation of 2 LTRANS jobs
lto-wrapper.exe: note: see the '-flto' option documentation for more information
[1034/1116] Linking CXX executable TestPrintJob.exe; Deploying qoffscreen platform plugin for TestPrintJob
[1035/1116] Linking CXX executable TestTempOwnership.exe
[1036/1116] Linking CXX executable TestCleanupCli.exe
lto-wrapper.exe: warning: using serial compilation of 2 LTRANS jobs
lto-wrapper.exe: note: see the '-flto' option documentation for more information
[1037/1116] Linking CXX executable TestFormUndo.exe; Deploying qoffscreen platform plugin and podofo 1.1.0 DLL for TestFormUndo; Deploying podofo 1.1.0 DLL for TestFormUndo
lto-wrapper.exe: warning: using serial compilation of 7 LTRANS jobs
lto-wrapper.exe: note: see the '-flto' option documentation for more information
[1038/1116] Linking CXX executable TestEngineSave.exe; Deploying qoffscreen platform plugin and podofo 1.1.0 DLL for TestEngineSave; Deploying podofo 1.1.0 DLL for TestEngineSave
lto-wrapper.exe: warning: using serial compilation of 21 LTRANS jobs
lto-wrapper.exe: note: see the '-flto' option documentation for more information
[1039/1116] Linking CXX executable TestValidateAllSignatures.exe
[1040/1116] Linking CXX executable TestImageEditWiring.exe
lto-wrapper.exe: warning: using serial compilation of 3 LTRANS jobs
lto-wrapper.exe: note: see the '-flto' option documentation for more information
[1041/1116] Linking CXX executable TestExportPathBadge.exe
lto-wrapper.exe: warning: using serial compilation of 6 LTRANS jobs
lto-wrapper.exe: note: see the '-flto' option documentation for more information
[1042/1116] Linking CXX executable TestRedactSanitizeBundle.exe; Deploying podofo 1.1.0 DLL for TestRedactSanitizeBundle
lto-wrapper.exe: warning: using serial compilation of 19 LTRANS jobs
lto-wrapper.exe: note: see the '-flto' option documentation for more information
[1043/1116] Linking CXX executable TestRedactTransaction.exe; Deploying qoffscreen platform plugin and podofo DLL for TestRedactTransaction; Deploying podofo 1.1.0 DLL for TestRedactTransaction
lto-wrapper.exe: warning: using serial compilation of 28 LTRANS jobs
lto-wrapper.exe: note: see the '-flto' option documentation for more information
[1044/1116] Linking CXX executable TestPptxOverlayAlpha.exe
lto-wrapper.exe: warning: using serial compilation of 4 LTRANS jobs
lto-wrapper.exe: note: see the '-flto' option documentation for more information
[1045/1116] Linking CXX executable TestAutoDetectHeuristic.exe; Deploying qoffscreen platform plugin and podofo 1.1.0 DLL for TestAutoDetectHeuristic; Deploying podofo 1.1.0 DLL for TestAutoDetectHeuristic
lto-wrapper.exe: warning: using serial compilation of 5 LTRANS jobs
lto-wrapper.exe: note: see the '-flto' option documentation for more information
[1046/1116] Linking CXX executable TestRedactionProof.exe; Deploying qoffscreen platform plugin and podofo DLL for TestRedactionProof; Deploying podofo 1.1.0 DLL for TestRedactionProof
lto-wrapper.exe: warning: using serial compilation of 27 LTRANS jobs
lto-wrapper.exe: note: see the '-flto' option documentation for more information
[1047/1116] Linking CXX executable fake_soffice.exe
[1048/1116] Linking CXX executable TestConversionExtraction.exe
lto-wrapper.exe: warning: using serial compilation of 6 LTRANS jobs
lto-wrapper.exe: note: see the '-flto' option documentation for more information
[1049/1116] Linking CXX executable TestTextExtractionCoords.exe
lto-wrapper.exe: warning: using serial compilation of 4 LTRANS jobs
lto-wrapper.exe: note: see the '-flto' option documentation for more information
[1050/1116] Linking CXX executable TestEraseWiring.exe
lto-wrapper.exe: warning: using serial compilation of 2 LTRANS jobs
lto-wrapper.exe: note: see the '-flto' option documentation for more information
[1051/1116] Linking CXX executable TestRibbonMarkupTools.exe
lto-wrapper.exe: warning: using serial compilation of 2 LTRANS jobs
lto-wrapper.exe: note: see the '-flto' option documentation for more information
[1052/1116] Linking CXX executable TestViewerRotation.exe
lto-wrapper.exe: warning: using serial compilation of 4 LTRANS jobs
lto-wrapper.exe: note: see the '-flto' option documentation for more information
[1053/1116] Linking CXX executable TestRotateView.exe
lto-wrapper.exe: warning: using serial compilation of 4 LTRANS jobs
lto-wrapper.exe: note: see the '-flto' option documentation for more information
[1054/1116] Linking CXX executable TestTwoPageOverlay.exe; Deploying podofo 1.1.0 DLL for TestTwoPageOverlay
lto-wrapper.exe: warning: using serial compilation of 4 LTRANS jobs
lto-wrapper.exe: note: see the '-flto' option documentation for more information
[1055/1116] Linking CXX executable TestViewingModes.exe; Deploying podofo 1.1.0 DLL for TestViewingModes
lto-wrapper.exe: warning: using serial compilation of 4 LTRANS jobs
lto-wrapper.exe: note: see the '-flto' option documentation for more information
[1056/1116] Linking CXX executable TestSignaturePicker.exe; Deploying podofo 1.1.0 DLL for TestSignaturePicker
lto-wrapper.exe: warning: using serial compilation of 6 LTRANS jobs
lto-wrapper.exe: note: see the '-flto' option documentation for more information
[1057/1116] Linking CXX executable TestCertEncryptPicker.exe; Deploying podofo 1.1.0 DLL for TestCertEncryptPicker
lto-wrapper.exe: warning: using serial compilation of 21 LTRANS jobs
lto-wrapper.exe: note: see the '-flto' option documentation for more information
[1058/1116] Linking CXX executable TestCertifySelector.exe; Deploying podofo 1.1.0 DLL for TestCertifySelector
lto-wrapper.exe: warning: using serial compilation of 3 LTRANS jobs
lto-wrapper.exe: note: see the '-flto' option documentation for more information
[1059/1116] Linking CXX executable TestPolicyController.exe
lto-wrapper.exe: warning: using serial compilation of 77 LTRANS jobs
lto-wrapper.exe: note: see the '-flto' option documentation for more information
[1060/1116] Linking CXX executable TestViewParity.exe; Deploying qoffscreen platform plugin for TestViewParity
lto-wrapper.exe: warning: using serial compilation of 120 LTRANS jobs
lto-wrapper.exe: note: see the '-flto' option documentation for more information
In function 'memcpy',
    inlined from 'luaL_addlstring' at D:/pdf/pdf-litems/third_party/lua-5.4/src/lauxlib.c:586:5,
    inlined from 'luaL_addlstring' at D:/pdf/pdf-litems/third_party/lua-5.4/src/lauxlib.c:583:17,
    inlined from 'add_s' at D:/pdf/pdf-litems/third_party/lua-5.4/src/lstrlib.c:883:9,
    inlined from 'add_value' at D:/pdf/pdf-litems/third_party/lua-5.4/src/lstrlib.c:923:7,
    inlined from 'str_gsub' at D:/pdf/pdf-litems/third_party/lua-5.4/src/lstrlib.c:967:17:
D:/pdf/msys64/ucrt64/include/string.h:217:10: warning: '__builtin_memcpy' specified bound 18446744073709551614 exceeds maximum object size 9223372036854775807 [-Wstringop-overflow=]
  217 |   return __builtin___memcpy_chk(__dst, __src, __n, __mingw_bos(__dst, 0));
      |          ^
[1061/1116] Linking CXX executable TestPolicyWiring.exe
lto-wrapper.exe: warning: using serial compilation of 3 LTRANS jobs
lto-wrapper.exe: note: see the '-flto' option documentation for more information
[1062/1116] Linking CXX executable TestOcspConsent.exe
lto-wrapper.exe: warning: using serial compilation of 77 LTRANS jobs
lto-wrapper.exe: note: see the '-flto' option documentation for more information
[1063/1116] Linking CXX executable TestSupportBundle.exe
lto-wrapper.exe: warning: using serial compilation of 77 LTRANS jobs
lto-wrapper.exe: note: see the '-flto' option documentation for more information
[1064/1116] Linking CXX executable TestOcrAcceptSeam.exe
[1065/1116] Linking CXX executable TestSearchFlags.exe
[1066/1116] Linking CXX executable TestExportPresets.exe
[1067/1116] Linking CXX executable TestOcrAcceptScope.exe
lto-wrapper.exe: warning: using serial compilation of 13 LTRANS jobs
lto-wrapper.exe: note: see the '-flto' option documentation for more information
[1068/1116] Linking CXX executable TestViewerLinkSeam.exe
lto-wrapper.exe: warning: using serial compilation of 4 LTRANS jobs
lto-wrapper.exe: note: see the '-flto' option documentation for more information
[1069/1116] Linking CXX executable TestHyperlinkNavigation.exe; Deploying podofo 1.1.0 DLL for TestHyperlinkNavigation
[1070/1116] Linking CXX executable TestRedactMarkAll.exe; Deploying podofo 1.1.0 DLL for TestRedactMarkAll
lto-wrapper.exe: warning: using serial compilation of 32 LTRANS jobs
lto-wrapper.exe: note: see the '-flto' option documentation for more information
[1071/1116] Linking CXX executable TestNetworkDisclosure.exe
lto-wrapper.exe: warning: using serial compilation of 77 LTRANS jobs
lto-wrapper.exe: note: see the '-flto' option documentation for more information
[1072/1116] Linking CXX executable TestAnnotationDjot.exe; Deploying qoffscreen platform plugin for TestAnnotationDjot
lto-wrapper.exe: warning: using serial compilation of 4 LTRANS jobs
lto-wrapper.exe: note: see the '-flto' option documentation for more information
[1073/1116] Linking CXX executable TestAiProvider.exe
lto-wrapper.exe: warning: using serial compilation of 2 LTRANS jobs
lto-wrapper.exe: note: see the '-flto' option documentation for more information
[1074/1116] Linking CXX executable TestOllamaProvider.exe
lto-wrapper.exe: warning: using serial compilation of 3 LTRANS jobs
lto-wrapper.exe: note: see the '-flto' option documentation for more information
[1075/1116] Linking CXX executable TestRedactApplyMarks.exe; Deploying podofo 1.1.0 DLL for TestRedactApplyMarks
lto-wrapper.exe: warning: using serial compilation of 18 LTRANS jobs
lto-wrapper.exe: note: see the '-flto' option documentation for more information
[1076/1116] Linking CXX executable TestDiffEngine.exe
lto-wrapper.exe: warning: using serial compilation of 5 LTRANS jobs
lto-wrapper.exe: note: see the '-flto' option documentation for more information
[1077/1116] Linking CXX executable TestOfficeImport.exe
lto-wrapper.exe: warning: using serial compilation of 4 LTRANS jobs
lto-wrapper.exe: note: see the '-flto' option documentation for more information
[1078/1116] Linking CXX executable TestMrcPipeline.exe
lto-wrapper.exe: warning: using serial compilation of 19 LTRANS jobs
lto-wrapper.exe: note: see the '-flto' option documentation for more information
[1079/1116] Linking CXX executable TestHistoryIntegrity.exe; Deploying qoffscreen platform plugin and podofo 1.1.0 DLL for TestHistoryIntegrity; Deploying podofo 1.1.0 DLL for TestHistoryIntegrity
lto-wrapper.exe: warning: using serial compilation of 26 LTRANS jobs
lto-wrapper.exe: note: see the '-flto' option documentation for more information
[1080/1116] Linking CXX executable TestImageAppearance.exe; Deploying qoffscreen platform plugin for TestImageAppearance; Deploying podofo 1.1.0 DLL for TestImageAppearance
lto-wrapper.exe: warning: using serial compilation of 22 LTRANS jobs
lto-wrapper.exe: note: see the '-flto' option documentation for more information
[1081/1116] Linking CXX executable TestOfficeExport.exe; Deploying podofo 1.1.0 DLL for TestOfficeExport
lto-wrapper.exe: warning: using serial compilation of 4 LTRANS jobs
lto-wrapper.exe: note: see the '-flto' option documentation for more information
[1082/1116] Linking CXX executable TestCheckedMutationCoverage.exe
lto-wrapper.exe: warning: using serial compilation of 84 LTRANS jobs
lto-wrapper.exe: note: see the '-flto' option documentation for more information
[1083/1116] Linking CXX executable TestTextEditStyle.exe; Deploying podofo 1.1.0 DLL for TestTextEditStyle
lto-wrapper.exe: warning: using serial compilation of 18 LTRANS jobs
lto-wrapper.exe: note: see the '-flto' option documentation for more information
[1084/1116] Linking CXX executable TestEraserEngine.exe; Deploying podofo 1.1.0 DLL for TestEraserEngine
lto-wrapper.exe: warning: using serial compilation of 18 LTRANS jobs
lto-wrapper.exe: note: see the '-flto' option documentation for more information
[1085/1116] Linking CXX executable render_path_profile.exe; Deploying qoffscreen platform plugin for render_path_profile
lto-wrapper.exe: warning: using serial compilation of 4 LTRANS jobs
lto-wrapper.exe: note: see the '-flto' option documentation for more information
[1086/1116] Linking CXX executable TestRenderGuards.exe; Deploying qoffscreen platform plugin for TestRenderGuards
lto-wrapper.exe: warning: using serial compilation of 4 LTRANS jobs
lto-wrapper.exe: note: see the '-flto' option documentation for more information
[1087/1116] Linking CXX executable TestSep13LeadCapability.exe; Deploying qoffscreen platform plugin for TestSep13LeadCapability
[1088/1116] Linking CXX executable TestSep13LeadBatchMerge.exe; Deploying qoffscreen platform plugin for TestSep13LeadBatchMerge
lto-wrapper.exe: warning: using serial compilation of 32 LTRANS jobs
lto-wrapper.exe: note: see the '-flto' option documentation for more information
[1089/1116] Linking CXX executable TestSep13LeadOcrGuards.exe; Deploying qoffscreen platform plugin for TestSep13LeadOcrGuards
lto-wrapper.exe: warning: using serial compilation of 3 LTRANS jobs
lto-wrapper.exe: note: see the '-flto' option documentation for more information
[1090/1116] Linking CXX executable TestSep13LeadConversionExport.exe
lto-wrapper.exe: warning: using serial compilation of 4 LTRANS jobs
lto-wrapper.exe: note: see the '-flto' option documentation for more information
[1091/1116] Linking CXX executable TestSep13LeadRedactionProof.exe; Deploying qoffscreen platform plugin for TestSep13LeadRedactionProof
lto-wrapper.exe: warning: using serial compilation of 24 LTRANS jobs
lto-wrapper.exe: note: see the '-flto' option documentation for more information
[1092/1116] Linking CXX executable R14ProbeRedactSpace.exe; Deploying qoffscreen platform plugin for R14ProbeRedactSpace
lto-wrapper.exe: warning: using serial compilation of 24 LTRANS jobs
lto-wrapper.exe: note: see the '-flto' option documentation for more information
[1093/1116] Linking CXX executable TestPersistenceOutcomes.exe; Deploying qoffscreen platform plugin for TestPersistenceOutcomes
lto-wrapper.exe: warning: using serial compilation of 118 LTRANS jobs
lto-wrapper.exe: note: see the '-flto' option documentation for more information
In function 'memcpy',
    inlined from 'luaL_addlstring' at D:/pdf/pdf-litems/third_party/lua-5.4/src/lauxlib.c:586:5,
    inlined from 'luaL_addlstring' at D:/pdf/pdf-litems/third_party/lua-5.4/src/lauxlib.c:583:17,
    inlined from 'add_s' at D:/pdf/pdf-litems/third_party/lua-5.4/src/lstrlib.c:883:9,
    inlined from 'add_value' at D:/pdf/pdf-litems/third_party/lua-5.4/src/lstrlib.c:923:7,
    inlined from 'str_gsub' at D:/pdf/pdf-litems/third_party/lua-5.4/src/lstrlib.c:967:17:
D:/pdf/msys64/ucrt64/include/string.h:217:10: warning: '__builtin_memcpy' specified bound 18446744073709551614 exceeds maximum object size 9223372036854775807 [-Wstringop-overflow=]
  217 |   return __builtin___memcpy_chk(__dst, __src, __n, __mingw_bos(__dst, 0));
      |          ^
[1094/1116] Linking CXX executable TestSep13LeadBtDowngrade.exe; Deploying podofo 1.1.0 DLL for TestSep13LeadBtDowngrade; Deploying qoffscreen platform plugin for TestSep13LeadBtDowngrade
lto-wrapper.exe: warning: using serial compilation of 3 LTRANS jobs
lto-wrapper.exe: note: see the '-flto' option documentation for more information
[1095/1116] Linking CXX executable TestSep13LeadComparePerf.exe; Deploying qoffscreen platform plugin for TestSep13LeadComparePerf
lto-wrapper.exe: warning: using serial compilation of 5 LTRANS jobs
lto-wrapper.exe: note: see the '-flto' option documentation for more information
[1096/1116] Linking CXX executable TestSweepW1PresetAdversary.exe
lto-wrapper.exe: warning: using serial compilation of 2 LTRANS jobs
lto-wrapper.exe: note: see the '-flto' option documentation for more information
[1097/1116] Linking CXX executable TestSweepW1SigningAdversary.exe; Deploying podofo 1.1.0 DLL for TestSweepW1SigningAdversary
lto-wrapper.exe: warning: using serial compilation of 6 LTRANS jobs
lto-wrapper.exe: note: see the '-flto' option documentation for more information
[1098/1116] Linking CXX executable TestSweepW1SummaryPolicyAdversary.exe; Deploying podofo 1.1.0 DLL for TestSweepW1SummaryPolicyAdversary
lto-wrapper.exe: warning: using serial compilation of 3 LTRANS jobs
lto-wrapper.exe: note: see the '-flto' option documentation for more information
[1099/1116] Linking CXX executable TestSweepW1SecProbe.exe; Deploying podofo 1.1.0 DLL for TestSweepW1SecProbe
lto-wrapper.exe: warning: using serial compilation of 4 LTRANS jobs
lto-wrapper.exe: note: see the '-flto' option documentation for more information
[1100/1116] Linking CXX executable W2BProbeNaming.exe; Deploying podofo 1.1.0 DLL for W2BProbeNaming
lto-wrapper.exe: warning: using serial compilation of 3 LTRANS jobs
lto-wrapper.exe: note: see the '-flto' option documentation for more information
[1101/1116] Linking CXX executable R14ProbeSep13Fixes-r2.exe; Deploying qoffscreen platform plugin for R14ProbeSep13Fixes
lto-wrapper.exe: warning: using serial compilation of 35 LTRANS jobs
lto-wrapper.exe: note: see the '-flto' option documentation for more information
[1102/1116] Linking CXX executable W2BProbeSigning.exe; Deploying podofo 1.1.0 DLL for W2BProbeSigning; Deploying qoffscreen platform plugin for W2BProbeSigning
lto-wrapper.exe: warning: using serial compilation of 5 LTRANS jobs
lto-wrapper.exe: note: see the '-flto' option documentation for more information
[1103/1116] Linking CXX executable W2BProbeA11y.exe; Deploying podofo 1.1.0 DLL for W2BProbeA11y; Deploying qoffscreen platform plugin for W2BProbeA11y
lto-wrapper.exe: warning: using serial compilation of 2 LTRANS jobs
lto-wrapper.exe: note: see the '-flto' option documentation for more information
[1104/1116] Linking CXX executable W2BProbeSummaryPolicy.exe; Deploying podofo 1.1.0 DLL for W2BProbeSummaryPolicy; Deploying qoffscreen platform plugin for W2BProbeSummaryPolicy
lto-wrapper.exe: warning: using serial compilation of 4 LTRANS jobs
lto-wrapper.exe: note: see the '-flto' option documentation for more information
[1105/1116] Linking CXX executable W2BProbeOfficeSave.exe; Deploying podofo 1.1.0 DLL for W2BProbeOfficeSave; Deploying qoffscreen platform plugin for W2BProbeOfficeSave
lto-wrapper.exe: warning: using serial compilation of 5 LTRANS jobs
lto-wrapper.exe: note: see the '-flto' option documentation for more information
[1106/1116] Linking CXX executable W2BProbeLegacySpace.exe; Deploying podofo 1.1.0 DLL for W2BProbeLegacySpace; Deploying qoffscreen platform plugin for W2BProbeLegacySpace
lto-wrapper.exe: warning: using serial compilation of 9 LTRANS jobs
lto-wrapper.exe: note: see the '-flto' option documentation for more information
[1107/1116] Linking CXX executable TestRotate270PageSpace.exe; Deploying podofo 1.1.0 DLL for TestRotate270PageSpace
lto-wrapper.exe: warning: using serial compilation of 11 LTRANS jobs
lto-wrapper.exe: note: see the '-flto' option documentation for more information
[1108/1116] Linking CXX executable R14ProbeBatchSkip.exe; Deploying podofo 1.1.0 DLL for R14ProbeBatchSkip
lto-wrapper.exe: warning: using serial compilation of 33 LTRANS jobs
lto-wrapper.exe: note: see the '-flto' option documentation for more information
[1109/1116] Linking CXX executable TestGsdW2Probe.exe; Deploying podofo 1.1.0 DLL for TestGsdW2Probe
lto-wrapper.exe: warning: using serial compilation of 43 LTRANS jobs
lto-wrapper.exe: note: see the '-flto' option documentation for more information
[1110/1116] Linking CXX executable W2CProbeRotate270.exe; Deploying podofo 1.1.0 DLL for W2CProbeRotate270; Deploying qoffscreen platform plugin for W2CProbeRotate270
lto-wrapper.exe: warning: using serial compilation of 31 LTRANS jobs
lto-wrapper.exe: note: see the '-flto' option documentation for more information
[1111/1116] Linking CXX executable TestPgr37PageSpaceLaw.exe; Deploying qoffscreen platform plugin for TestPgr37PageSpaceLaw
lto-wrapper.exe: warning: using serial compilation of 20 LTRANS jobs
lto-wrapper.exe: note: see the '-flto' option documentation for more information
[1112/1116] Linking CXX executable TestPgr35BatchCollision.exe
lto-wrapper.exe: warning: using serial compilation of 32 LTRANS jobs
lto-wrapper.exe: note: see the '-flto' option documentation for more information
[1113/1116] Linking CXX executable TestPgr36StaleSigningPanel.exe
lto-wrapper.exe: warning: using serial compilation of 78 LTRANS jobs
lto-wrapper.exe: note: see the '-flto' option documentation for more information
[1114/1116] Linking CXX executable TestCommandRegistry.exe
lto-wrapper.exe: warning: using serial compilation of 2 LTRANS jobs
lto-wrapper.exe: note: see the '-flto' option documentation for more information
[1115/1116] Staging runtime DLLs into build dir
[1116/1116] Linking CXX executable TestFileHandleCoordination.exe
lto-wrapper.exe: warning: using serial compilation of 119 LTRANS jobs
lto-wrapper.exe: note: see the '-flto' option documentation for more information
In function 'memcpy',
    inlined from 'luaL_addlstring' at D:/pdf/pdf-litems/third_party/lua-5.4/src/lauxlib.c:586:5,
    inlined from 'luaL_addlstring' at D:/pdf/pdf-litems/third_party/lua-5.4/src/lauxlib.c:583:17,
    inlined from 'add_s' at D:/pdf/pdf-litems/third_party/lua-5.4/src/lstrlib.c:883:9,
    inlined from 'add_value' at D:/pdf/pdf-litems/third_party/lua-5.4/src/lstrlib.c:923:7,
    inlined from 'str_gsub' at D:/pdf/pdf-litems/third_party/lua-5.4/src/lstrlib.c:967:17:
D:/pdf/msys64/ucrt64/include/string.h:217:10: warning: '__builtin_memcpy' specified bound 18446744073709551614 exceeds maximum object size 9223372036854775807 [-Wstringop-overflow=]
  217 |   return __builtin___memcpy_chk(__dst, __src, __n, __mingw_bos(__dst, 0));
      |          ^
