[1/1111] Automatic MOC and UIC for target docmodel
[2/1111] Automatic MOC and UIC for target liblua
[3/1111] Building CXX object src/docmodel/CMakeFiles/docmodel.dir/docmodel_autogen/mocs_compilation.cpp.obj
[4/1111] Building CXX object third_party/CMakeFiles/liblua.dir/liblua_autogen/mocs_compilation.cpp.obj
[5/1111] Building C object third_party/CMakeFiles/liblua.dir/lua-5.4/src/lauxlib.c.obj
[6/1111] Building C object third_party/CMakeFiles/liblua.dir/lua-5.4/src/lapi.c.obj
[7/1111] Building C object third_party/CMakeFiles/liblua.dir/lua-5.4/src/lbaselib.c.obj
[8/1111] Building C object third_party/CMakeFiles/liblua.dir/lua-5.4/src/lcode.c.obj
[9/1111] Building C object third_party/CMakeFiles/liblua.dir/lua-5.4/src/lcorolib.c.obj
[10/1111] Building C object third_party/CMakeFiles/liblua.dir/lua-5.4/src/lctype.c.obj
[11/1111] Building C object third_party/CMakeFiles/liblua.dir/lua-5.4/src/ldblib.c.obj
[12/1111] Building C object third_party/CMakeFiles/liblua.dir/lua-5.4/src/ldebug.c.obj
[13/1111] Building C object third_party/CMakeFiles/liblua.dir/lua-5.4/src/ldo.c.obj
[14/1111] Building C object third_party/CMakeFiles/liblua.dir/lua-5.4/src/ldump.c.obj
[15/1111] Building C object third_party/CMakeFiles/liblua.dir/lua-5.4/src/lfunc.c.obj
[16/1111] Building C object third_party/CMakeFiles/liblua.dir/lua-5.4/src/linit.c.obj
[17/1111] Building C object third_party/CMakeFiles/liblua.dir/lua-5.4/src/lgc.c.obj
[18/1111] Building C object third_party/CMakeFiles/liblua.dir/lua-5.4/src/liolib.c.obj
[19/1111] Building C object third_party/CMakeFiles/liblua.dir/lua-5.4/src/llex.c.obj
[20/1111] Building C object third_party/CMakeFiles/liblua.dir/lua-5.4/src/lmem.c.obj
[21/1111] Building C object third_party/CMakeFiles/liblua.dir/lua-5.4/src/lmathlib.c.obj
[22/1111] Building C object third_party/CMakeFiles/liblua.dir/lua-5.4/src/lobject.c.obj
[23/1111] Building C object third_party/CMakeFiles/liblua.dir/lua-5.4/src/lopcodes.c.obj
[24/1111] Building C object third_party/CMakeFiles/liblua.dir/lua-5.4/src/loslib.c.obj
[25/1111] Building C object third_party/CMakeFiles/liblua.dir/lua-5.4/src/lparser.c.obj
[26/1111] Building C object third_party/CMakeFiles/liblua.dir/lua-5.4/src/lstate.c.obj
[27/1111] Building C object third_party/CMakeFiles/liblua.dir/lua-5.4/src/loadlib.c.obj
[28/1111] Building C object third_party/CMakeFiles/liblua.dir/lua-5.4/src/lstring.c.obj
[29/1111] Building C object third_party/CMakeFiles/liblua.dir/lua-5.4/src/ltable.c.obj
[30/1111] Building C object third_party/CMakeFiles/liblua.dir/lua-5.4/src/lstrlib.c.obj
[31/1111] Building C object third_party/CMakeFiles/liblua.dir/lua-5.4/src/ltablib.c.obj
[32/1111] Building C object third_party/CMakeFiles/liblua.dir/lua-5.4/src/ltm.c.obj
[33/1111] Building C object third_party/CMakeFiles/liblua.dir/lua-5.4/src/lundump.c.obj
[34/1111] Building C object third_party/CMakeFiles/liblua.dir/lua-5.4/src/lutf8lib.c.obj
[35/1111] Building C object third_party/CMakeFiles/liblua.dir/lua-5.4/src/lzio.c.obj
[36/1111] Building CXX object src/docmodel/CMakeFiles/docmodel.dir/Inline.cpp.obj
[37/1111] Building C object third_party/CMakeFiles/liblua.dir/lua-5.4/src/lvm.c.obj
[38/1111] Building CXX object src/docmodel/CMakeFiles/docmodel.dir/Block.cpp.obj
[39/1111] Building CXX object src/docmodel/CMakeFiles/docmodel.dir/SemanticDocument.cpp.obj
[40/1111] Linking CXX static library third_party\libliblua.a
[41/1111] Automatic MOC and UIC for target libjbig2enc
[42/1111] Building CXX object third_party/jbig2enc/CMakeFiles/libjbig2enc.dir/libjbig2enc_autogen/mocs_compilation.cpp.obj
[43/1111] Building CXX object src/docmodel/CMakeFiles/docmodel.dir/DocumentFuzzer.cpp.obj
[44/1111] Linking CXX static library src\docmodel\libdocmodel.a
[45/1111] Building CXX object third_party/jbig2enc/CMakeFiles/libjbig2enc.dir/src/jbig2arith.cc.obj
D:/pdf/pdf-7z26/third_party/jbig2enc/src/jbig2arith.cc: In function 'void jbig2enc_refine(jbig2enc_ctx*, const uint8_t*, int, int, const uint8_t*, int, int, int, int)':
D:/pdf/pdf-7z26/third_party/jbig2enc/src/jbig2arith.cc:605:14: warning: variable 'image_counter' set but not used [-Wunused-but-set-variable=]
  605 |   static int image_counter = 0;
      |              ^~~~~~~~~~~~~
[46/1111] Automatic MOC and UIC for target pdfws_djot
[47/1111] Building CXX object src/pdfws_djot/CMakeFiles/pdfws_djot.dir/pdfws_djot_autogen/mocs_compilation.cpp.obj
[48/1111] Building CXX object third_party/jbig2enc/CMakeFiles/libjbig2enc.dir/src/jbig2comparator.cc.obj
[49/1111] Building CXX object src/pdfws_djot/CMakeFiles/pdfws_djot.dir/ProvenanceGuard.cpp.obj
[50/1111] Building CXX object src/pdfws_djot/CMakeFiles/pdfws_djot.dir/LuaDjotCodec.cpp.obj
[51/1111] Building CXX object src/pdfws_djot/CMakeFiles/pdfws_djot.dir/PdfStructureMapper.cpp.obj
[52/1111] Building CXX object src/pdfws_djot/CMakeFiles/pdfws_djot.dir/DjotToRichTextXhtml.cpp.obj
[53/1111] Building CXX object third_party/jbig2enc/CMakeFiles/libjbig2enc.dir/src/jbig2sym.cc.obj
[54/1111] Linking CXX static library src\pdfws_djot\libpdfws_djot.a
[55/1111] Automatic MOC and UIC for target pdfws_commands
[56/1111] Building CXX object CMakeFiles/pdfws_commands.dir/pdfws_commands_autogen/mocs_compilation.cpp.obj
[57/1111] Building CXX object third_party/jbig2enc/CMakeFiles/libjbig2enc.dir/src/jbig2enc.cc.obj
[58/1111] Linking CXX static library third_party\jbig2enc\liblibjbig2enc.a
[59/1111] Building CXX object CMakeFiles/pdfws_commands.dir/src/commands/ReorderPermutationCommand.cpp.obj
[60/1111] Automatic MOC and UIC for target pdfws_engines
[61/1111] Building CXX object CMakeFiles/pdfws_commands.dir/src/commands/CropPageCommand.cpp.obj
[62/1111] Building CXX object CMakeFiles/pdfws_commands.dir/src/commands/AutoDetectPlacement.cpp.obj
[63/1111] Linking CXX static library libpdfws_commands.a
[64/1111] Generating glyphpdf_ar.qm
Updating 'D:/pdf/pdf-7z26/build-rel/glyphpdf_ar.qm'...
    Generated 0 translation(s) (0 finished and 0 unfinished)
    Ignored 1394 untranslated source text(s)
[65/1111] Generating glyphpdf_de.qm
Updating 'D:/pdf/pdf-7z26/build-rel/glyphpdf_de.qm'...
    Generated 0 translation(s) (0 finished and 0 unfinished)
    Ignored 1394 untranslated source text(s)
[66/1111] Generating glyphpdf_fr.qm
Updating 'D:/pdf/pdf-7z26/build-rel/glyphpdf_fr.qm'...
    Generated 0 translation(s) (0 finished and 0 unfinished)
    Ignored 1394 untranslated source text(s)
[67/1111] Building CXX object CMakeFiles/pdfws_engines.dir/cmake_pch.hxx.gch
[68/1111] Automatic MOC and UIC for target TestInterfaces
[69/1111] Building CXX object CMakeFiles/pdfws_engines.dir/src/core/AnnotationSerializer.cpp.obj
[70/1111] Building CXX object CMakeFiles/pdfws_engines.dir/src/core/ErrorInfo.cpp.obj
[71/1111] Building CXX object CMakeFiles/pdfws_engines.dir/pdfws_engines_autogen/mocs_compilation.cpp.obj
[72/1111] Building CXX object CMakeFiles/pdfws_engines.dir/src/core/PageLabels.cpp.obj
[73/1111] Building CXX object CMakeFiles/pdfws_engines.dir/src/core/Capability.cpp.obj
[74/1111] Building CXX object CMakeFiles/pdfws_engines.dir/src/core/FormStaleFieldTracker.cpp.obj
[75/1111] Building CXX object CMakeFiles/pdfws_engines.dir/src/core/PolicyController.cpp.obj
[76/1111] Building CXX object CMakeFiles/pdfws_engines.dir/src/core/CredentialManager.cpp.obj
[77/1111] Building CXX object CMakeFiles/pdfws_engines.dir/src/core/TempFileManager.cpp.obj
[78/1111] Building CXX object CMakeFiles/pdfws_engines.dir/src/core/VersionedJson.cpp.obj
[79/1111] Building CXX object CMakeFiles/pdfws_engines.dir/src/core/BatchPreset.cpp.obj
[80/1111] Building CXX object CMakeFiles/pdfws_engines.dir/src/core/EncryptedFileSecretStore.cpp.obj
D:/pdf/pdf-7z26/src/core/EncryptedFileSecretStore.cpp:70:6: warning: 'bool {anonymous}::permsAreOwnerOnlyFile(const QString&)' defined but not used [-Wunused-function]
   70 | bool permsAreOwnerOnlyFile(const QString& path)
      |      ^~~~~~~~~~~~~~~~~~~~~
[81/1111] Building CXX object CMakeFiles/pdfws_engines.dir/src/engines/OcrEngine.cpp.obj
[82/1111] Building CXX object CMakeFiles/pdfws_engines.dir/src/engines/FormManager.cpp.obj
[83/1111] Building CXX object CMakeFiles/pdfws_engines.dir/src/engines/SafeSave.cpp.obj
[84/1111] Building CXX object CMakeFiles/pdfws_engines.dir/src/engines/PdfEditorEngine.cpp.obj
[85/1111] Building CXX object CMakeFiles/pdfws_engines.dir/src/engines/SevenZipLocator.cpp.obj
[86/1111] Building CXX object CMakeFiles/pdfws_engines.dir/src/engines/AccessibilityChecker.cpp.obj
[87/1111] Building CXX object CMakeFiles/pdfws_engines.dir/src/engines/AccessibilityFixes.cpp.obj
[88/1111] Building CXX object CMakeFiles/pdfws_engines.dir/src/engines/formjs/AFormShim.cpp.obj
[89/1111] Building CXX object CMakeFiles/pdfws_engines.dir/src/engines/formjs/FormJsSandbox.cpp.obj
D:/pdf/pdf-7z26/src/engines/formjs/FormJsSandbox.cpp: In member function 'gp::formjs::JsEvalResult gp::formjs::FormJsSandbox::runScriptedEvent(const QString&, const QString&, const QString&, const QJsonObject&, int)':
D:/pdf/pdf-7z26/src/engines/formjs/FormJsSandbox.cpp:458:40: warning: comparison of integer expressions of different signedness: 'int64_t' {aka 'long long int'} and 'size_t' {aka 'long long unsigned int'} [-Wsign-compare]
  458 |                     if (mu.malloc_size >= size_t(m_limits.memoryLimitBytes * 0.9)) {
      |                         ~~~~~~~~~~~~~~~^~~~~~~~~~~~~~~~~~~~~~~~~~~~~~~~~~~~~~~~~~
[90/1111] Building CXX object CMakeFiles/pdfws_engines.dir/src/engines/formjs/FormJsRunner.cpp.obj
D:/pdf/pdf-7z26/src/engines/formjs/FormJsRunner.cpp:40:24: warning: 'PoDoFo::PdfDictionary& gp::formjs::{anonymous}::fieldDict(PoDoFo::PdfField&)' defined but not used [-Wunused-function]
   40 | PoDoFo::PdfDictionary& fieldDict(PoDoFo::PdfField& f) { return f.GetDictionary(); }
      |                        ^~~~~~~~~
[91/1111] Building CXX object CMakeFiles/pdfws_engines.dir/src/engines/AccessibilityTagger.cpp.obj
D:/pdf/pdf-7z26/src/engines/AccessibilityTagger.cpp: In function 'std::map<int, std::map<int, gp::{anonymous}::GroupEdge> > gp::{anonymous}::assignGroups(WalkOutput&, QList<ElementRec>&)':
D:/pdf/pdf-7z26/src/engines/AccessibilityTagger.cpp:1269:18: warning: comparison of integer expressions of different signedness: 'size_t' {aka 'long long unsigned int'} and 'qsizetype' {aka 'long long int'} [-Wsign-compare]
 1269 |         while (i < evs.size()) {
      |                ~~^~~~~~~~~~~~
D:/pdf/pdf-7z26/src/engines/AccessibilityTagger.cpp:1272:26: warning: comparison of integer expressions of different signedness: 'size_t' {aka 'long long unsigned int'} and 'qsizetype' {aka 'long long int'} [-Wsign-compare]
 1272 |             while (j + 1 < evs.size()
      |                    ~~~~~~^~~~~~~~~~~~
D:/pdf/pdf-7z26/src/engines/AccessibilityTagger.cpp: At global scope:
D:/pdf/pdf-7z26/src/engines/AccessibilityTagger.cpp:127:5: warning: 'gp::{anonymous}::Mat gp::{anonymous}::dictMatrix(const PoDoFo::PdfDictionary&, const char*)' defined but not used [-Wunused-function]
  127 | Mat dictMatrix(const PdfDictionary& dict, const char* key) {
      |     ^~~~~~~~~~
[92/1111] Building CXX object CMakeFiles/pdfws_engines.dir/src/engines/RedactOperation.cpp.obj
[93/1111] Building CXX object CMakeFiles/pdfws_engines.dir/src/core/RedactionProof.cpp.obj
D:/pdf/pdf-7z26/src/core/RedactionProof.cpp: In function 'QString gp::RedactionProof::{anonymous}::sha256Hex(const QString&, qint64*)':
D:/pdf/pdf-7z26/src/core/RedactionProof.cpp:49:21: warning: 'void QCryptographicHash::addData(const char*, qsizetype)' is deprecated: Use the QByteArrayView overload instead [-Wdeprecated-declarations]
   49 |         hash.addData(buf, int(n));
      |         ~~~~~~~~~~~~^~~~~~~~~~~~~
In file included from C:/msys64/ucrt64/include/qt6/QtCore/QCryptographicHash:1,
                 from D:/pdf/pdf-7z26/src/core/RedactionProof.cpp:4:
C:/msys64/ucrt64/include/qt6/QtCore/qcryptographichash.h:77:10: note: declared here
   77 |     void addData(const char *data, qsizetype length);
      |          ^~~~~~~
In file included from C:/msys64/ucrt64/include/qt6/QtCore/qstringview.h:11,
                 from C:/msys64/ucrt64/include/qt6/QtCore/qchar.h:730,
                 from C:/msys64/ucrt64/include/qt6/QtCore/qstring.h:15,
                 from C:/msys64/ucrt64/include/qt6/QtCore/QString:1,
                 from D:/pdf/pdf-7z26/build-rel/CMakeFiles/pdfws_engines.dir/cmake_pch.hxx:5,
                 from <command-line>:
D:/pdf/pdf-7z26/src/core/RedactionProof.cpp: In function 'bool gp::RedactionProof::{anonymous}::hasCompressedContainerSignature(const QByteArray&)':
D:/pdf/pdf-7z26/src/core/RedactionProof.cpp:370:27: warning: hex escape sequence out of range
  370 |         QByteArrayLiteral("\xfd7zXZ\x00"),
      |                           ^~~~~~~~~~~~~~
D:/pdf/pdf-7z26/src/core/RedactionProof.cpp:370:27: warning: hex escape sequence out of range
  370 |         QByteArrayLiteral("\xfd7zXZ\x00"),
      |                           ^~~~~~~~~~~~~~
[94/1111] Building CXX object CMakeFiles/pdfws_engines.dir/src/core/SigningRequestModel.cpp.obj
[95/1111] Building CXX object CMakeFiles/pdfws_engines.dir/src/engines/SignatureManager.cpp.obj
[96/1111] Building CXX object CMakeFiles/pdfws_engines.dir/src/core/SigningLabels.cpp.obj
[97/1111] Building CXX object CMakeFiles/pdfws_engines.dir/src/core/SigningRequestRunner.cpp.obj
[98/1111] Building CXX object CMakeFiles/pdfws_engines.dir/src/engines/SignatureFieldCreator.cpp.obj
[99/1111] Building CXX object CMakeFiles/pdfws_engines.dir/src/engines/DocumentSession.cpp.obj
[100/1111] Building CXX object CMakeFiles/pdfws_engines.dir/src/engines/ConversionManager.cpp.obj
[101/1111] Building CXX object CMakeFiles/pdfws_engines.dir/src/engines/AutosaveManager.cpp.obj
[102/1111] Building CXX object CMakeFiles/pdfws_engines.dir/src/engines/BackendRouter.cpp.obj
[103/1111] Building CXX object CMakeFiles/pdfws_engines.dir/src/engines/PatternRedactor.cpp.obj
[104/1111] Building CXX object CMakeFiles/pdfws_engines.dir/src/engines/TextMatchFinder.cpp.obj
D:/pdf/pdf-7z26/src/engines/TextMatchFinder.cpp: In static member function 'static QList<QRectF> TextMatchFinder::lineRectsInRegion(const QString&, int, const QRectF&, MatchBudget*)':
D:/pdf/pdf-7z26/src/engines/TextMatchFinder.cpp:294:18: warning: unused variable 'effectiveBudget' [-Wunused-variable]
  294 |     MatchBudget* effectiveBudget = budget ? budget : &defaultBudget;
      |                  ^~~~~~~~~~~~~~~
[105/1111] Building CXX object CMakeFiles/pdfws_engines.dir/src/engines/ReviewSummaryWriter.cpp.obj
[106/1111] Building CXX object CMakeFiles/pdfws_engines.dir/src/engines/A11yReportWriter.cpp.obj
[107/1111] Building CXX object CMakeFiles/pdfws_engines.dir/src/engines/HeadingOutlineDetector.cpp.obj
[108/1111] Building CXX object CMakeFiles/pdfws_engines.dir/src/engines/podofo/PdfStringEscape.cpp.obj
[109/1111] Building CXX object CMakeFiles/pdfws_engines.dir/src/core/StampLibrary.cpp.obj
D:/pdf/pdf-7z26/src/core/StampLibrary.cpp: In static member function 'static QList<StampTemplate> StampLibrary::builtIns()':
D:/pdf/pdf-7z26/src/core/StampLibrary.cpp:26:5: warning: missing initializer for member 'StampTemplate::imagePath' [-Wmissing-field-initializers]
   26 |     };
      |     ^
D:/pdf/pdf-7z26/src/core/StampLibrary.cpp:26:5: warning: missing initializer for member 'StampTemplate::imagePath' [-Wmissing-field-initializers]
D:/pdf/pdf-7z26/src/core/StampLibrary.cpp:26:5: warning: missing initializer for member 'StampTemplate::imagePath' [-Wmissing-field-initializers]
D:/pdf/pdf-7z26/src/core/StampLibrary.cpp:26:5: warning: missing initializer for member 'StampTemplate::imagePath' [-Wmissing-field-initializers]
D:/pdf/pdf-7z26/src/core/StampLibrary.cpp:26:5: warning: missing initializer for member 'StampTemplate::imagePath' [-Wmissing-field-initializers]
[110/1111] Building CXX object CMakeFiles/pdfws_engines.dir/src/engines/podofo/GlyphAdvanceCalculator.cpp.obj
[111/1111] Building CXX object CMakeFiles/pdfws_engines.dir/src/engines/podofo/ContentSpans.cpp.obj
D:/pdf/pdf-7z26/src/engines/podofo/ContentSpans.cpp:344:5: warning: 'int gp::content::{anonymous}::innermostBlockOpen(const QList<gp::content::Token>&, int)' defined but not used [-Wunused-function]
  344 | int innermostBlockOpen(const QList<Token> &toks, int at)
      |     ^~~~~~~~~~~~~~~~~~
[112/1111] Building CXX object CMakeFiles/pdfws_engines.dir/src/engines/podofo/PdfEncryptPubSec.cpp.obj
[113/1111] Building CXX object CMakeFiles/pdfws_engines.dir/src/engines/podofo/PdfPageOps.cpp.obj
[114/1111] Building CXX object CMakeFiles/pdfws_engines.dir/src/engines/pdfium/PdfiumEnvironment.cpp.obj
[115/1111] Building CXX object CMakeFiles/pdfws_engines.dir/src/engines/podofo/PoDoFoBackend.cpp.obj
[116/1111] Building CXX object CMakeFiles/pdfws_engines.dir/src/engines/pdfium/PdfiumBackend.cpp.obj
[117/1111] Building CXX object CMakeFiles/pdfws_engines.dir/src/engines/qpdf/QpdfBackend.cpp.obj
[118/1111] Building CXX object CMakeFiles/pdfws_engines.dir/src/engines/DiffEngine.cpp.obj
[119/1111] Building CXX object CMakeFiles/pdfws_engines.dir/src/engines/MyersDiff.cpp.obj
[120/1111] Building CXX object CMakeFiles/pdfws_engines.dir/src/engines/RenderCache.cpp.obj
[121/1111] Building CXX object CMakeFiles/pdfws_engines.dir/src/engines/VeraPdfValidator.cpp.obj
[122/1111] Building CXX object CMakeFiles/pdfws_engines.dir/src/engines/ocr/PpDocLayoutDetector.cpp.obj
D:/pdf/pdf-7z26/src/engines/ocr/PpDocLayoutDetector.cpp:45:12: warning: 'RegionType {anonymous}::classToRegionType(int)' defined but not used [-Wunused-function]
   45 | RegionType classToRegionType(int classIdx)
      |            ^~~~~~~~~~~~~~~~~
[123/1111] Building CXX object CMakeFiles/pdfws_engines.dir/src/engines/ocr/SuryaDetector.cpp.obj
[124/1111] Building CXX object CMakeFiles/pdfws_engines.dir/src/engines/scheduling/LaneScheduler.cpp.obj
[125/1111] Building CXX object CMakeFiles/pdfws_engines.dir/src/engines/ocr/OcrPreprocessor.cpp.obj
[126/1111] Building CXX object CMakeFiles/pdfws_engines.dir/src/engines/ocr/LayoutEnsemble.cpp.obj
[127/1111] Building CXX object CMakeFiles/pdfws_engines.dir/src/engines/ocr/OcrPipeline.cpp.obj
[128/1111] Building CXX object CMakeFiles/pdfws_engines.dir/src/engines/ocr/PpOcrDecoder.cpp.obj
[129/1111] Building CXX object CMakeFiles/pdfws_engines.dir/src/engines/ocr/OcrDjotMapper.cpp.obj
[130/1111] Building CXX object CMakeFiles/pdfws_engines.dir/src/engines/ocr/RapidOcrEngine.cpp.obj
[131/1111] Building CXX object CMakeFiles/pdfws_engines.dir/src/engines/conversion/DjvuImporter.cpp.obj
[132/1111] Automatic MOC and UIC for target TestSignatureValidationMock
[133/1111] Automatic MOC and UIC for target TestChain1
[134/1111] Building CXX object CMakeFiles/pdfws_engines.dir/src/engines/mrc/MrcPageProcessor.cpp.obj
[135/1111] Linking CXX static library libpdfws_engines.a
[136/1111] Automatic MOC and UIC for target TestPageLabels
[137/1111] Automatic MOC and UIC for target UnitTests
[138/1111] Automatic MOC and UIC for target TestExpiryInterface
[139/1111] Automatic MOC and UIC for target SmokeTest
[140/1111] Automatic MOC and UIC for target TestSanitization
[141/1111] Automatic MOC and UIC for target TestSanitizeTrailerUaf
[142/1111] Automatic MOC and UIC for target TestAutosave
[143/1111] Automatic MOC and UIC for target pdfws_ui
[144/1111] Automatic RCC for resources/commands.qrc
[145/1111] Automatic MOC and UIC for target TestRobustness
[146/1111] Building CXX object CMakeFiles/pdfws_ui.dir/src/shell/RibbonModel.cpp.obj
[147/1111] Building CXX object CMakeFiles/pdfws_ui.dir/cmake_pch.hxx.gch
[148/1111] Building CXX object CMakeFiles/pdfws_ui.dir/src/modes/OCRMode.cpp.obj
D:/pdf/pdf-7z26/src/modes/OCRMode.cpp: In member function 'void gp::OCRMode::updateInfoStrip()':
D:/pdf/pdf-7z26/src/modes/OCRMode.cpp:1697:9: warning: variable 'verifiedCount' set but not used [-Wunused-but-set-variable=]
 1697 |     int verifiedCount = 0;
      |         ^~~~~~~~~~~~~
[149/1111] Building CXX object CMakeFiles/pdfws_ui.dir/src/ui/PdfViewerWidget.cpp.obj
[150/1111] Building CXX object CMakeFiles/pdfws_ui.dir/src/ui/EditAnnotationCommand.cpp.obj
[151/1111] Building CXX object CMakeFiles/pdfws_ui.dir/pdfws_ui_autogen/mocs_compilation.cpp.obj
[152/1111] Building CXX object CMakeFiles/pdfws_ui.dir/src/ui/PrintJob.cpp.obj
[153/1111] Building CXX object CMakeFiles/pdfws_ui.dir/src/ui/WelcomeWidget.cpp.obj
[154/1111] Building CXX object CMakeFiles/pdfws_ui.dir/src/ui/FindBar.cpp.obj
[155/1111] Building CXX object CMakeFiles/pdfws_ui.dir/src/ui/FindReplaceDialog.cpp.obj
[156/1111] Building CXX object CMakeFiles/pdfws_ui.dir/src/ui/StampLibraryDialog.cpp.obj
[157/1111] Building CXX object CMakeFiles/pdfws_ui.dir/src/ui/ResizeDialog.cpp.obj
[158/1111] Building CXX object CMakeFiles/pdfws_ui.dir/src/ui/HeaderFooterDialog.cpp.obj
[159/1111] Building CXX object CMakeFiles/pdfws_ui.dir/src/ui/AutoBookmarkDialog.cpp.obj
[160/1111] Building CXX object CMakeFiles/pdfws_ui.dir/src/ui/BatesNumberingDialog.cpp.obj
[161/1111] Building CXX object CMakeFiles/pdfws_ui.dir/src/ui/EditToolBar.cpp.obj
[162/1111] Building CXX object CMakeFiles/pdfws_ui.dir/src/ui/CompareWidget.cpp.obj
[163/1111] Building CXX object CMakeFiles/pdfws_ui.dir/src/ui/InspectorWidget.cpp.obj
[164/1111] Building CXX object CMakeFiles/pdfws_ui.dir/src/ui/BookmarkPanel.cpp.obj
[165/1111] Building CXX object CMakeFiles/pdfws_ui.dir/src/ui/DocumentPropertiesWidget.cpp.obj
[166/1111] Building CXX object CMakeFiles/pdfws_ui.dir/src/ui/SignaturesWidget.cpp.obj
[167/1111] Building CXX object CMakeFiles/pdfws_ui.dir/src/ui/CommentsWidget.cpp.obj
[168/1111] Building CXX object CMakeFiles/pdfws_ui.dir/src/ui/PageManagementDialog.cpp.obj
[169/1111] Building CXX object CMakeFiles/pdfws_ui.dir/src/ui/EncryptionDialog.cpp.obj
[170/1111] Building CXX object CMakeFiles/pdfws_ui.dir/src/ui/PermissionsDialog.cpp.obj
[171/1111] Building CXX object CMakeFiles/pdfws_ui.dir/src/ui/SignatureDialog.cpp.obj
[172/1111] Building CXX object CMakeFiles/pdfws_ui.dir/src/ui/SigningRequestDialog.cpp.obj
[173/1111] Building CXX object CMakeFiles/pdfws_ui.dir/src/ui/SigningProgressPanel.cpp.obj
[174/1111] Building CXX object CMakeFiles/pdfws_ui.dir/src/ui/RecipientPickerDialog.cpp.obj
[175/1111] Building CXX object CMakeFiles/pdfws_ui.dir/src/ui/SignaturePicker.cpp.obj
[176/1111] Building CXX object CMakeFiles/pdfws_ui.dir/src/ui/SanitizeSummaryDialog.cpp.obj
[177/1111] Building CXX object CMakeFiles/pdfws_ui.dir/src/ui/OcspConsentDialog.cpp.obj
[178/1111] Building CXX object CMakeFiles/pdfws_ui.dir/src/ui/MetadataDialog.cpp.obj
[179/1111] Building CXX object CMakeFiles/pdfws_ui.dir/src/ui/AnnotationLayer.cpp.obj
[180/1111] Building CXX object CMakeFiles/pdfws_ui.dir/src/ui/ThumbnailSidebar.cpp.obj
[181/1111] Building CXX object CMakeFiles/pdfws_ui.dir/src/ui/ShortcutHelpDialog.cpp.obj
[182/1111] Building CXX object CMakeFiles/pdfws_ui.dir/src/ui/UpdateDialog.cpp.obj
[183/1111] Building CXX object CMakeFiles/pdfws_ui.dir/src/ui/RecoveryDialog.cpp.obj
[184/1111] Building CXX object CMakeFiles/pdfws_ui.dir/src/ui/PreferencesDialog.cpp.obj
[185/1111] Building CXX object CMakeFiles/pdfws_ui.dir/src/ui/ErrorDialog.cpp.obj
[186/1111] Building CXX object CMakeFiles/pdfws_ui.dir/src/ui/PageSetupDialog.cpp.obj
[187/1111] Building CXX object CMakeFiles/pdfws_ui.dir/src/ui/ExportPresetsPanel.cpp.obj
[188/1111] Building CXX object CMakeFiles/pdfws_ui.dir/src/core/SupportBundle.cpp.obj
[189/1111] Building CXX object CMakeFiles/pdfws_ui.dir/src/core/UpdateChecker.cpp.obj
[190/1111] Building CXX object CMakeFiles/pdfws_ui.dir/src/core/NetworkTouchpoints.cpp.obj
[191/1111] Building CXX object CMakeFiles/pdfws_ui.dir/src/core/ToolId.cpp.obj
[192/1111] Building CXX object CMakeFiles/pdfws_ui.dir/src/core/CommandRegistry.cpp.obj
[193/1111] Building CXX object CMakeFiles/pdfws_ui.dir/src/shell/ToolRegistry.cpp.obj
[194/1111] Building CXX object CMakeFiles/pdfws_ui.dir/src/shell/controllers/HomeController.cpp.obj
[195/1111] Building CXX object CMakeFiles/pdfws_ui.dir/src/GpMainWindow.cpp.obj
[196/1111] Building CXX object CMakeFiles/pdfws_ui.dir/src/shell/controllers/ViewController.cpp.obj
[197/1111] Building CXX object CMakeFiles/pdfws_ui.dir/src/shell/controllers/PagesController.cpp.obj
[198/1111] Building CXX object CMakeFiles/pdfws_ui.dir/src/shell/controllers/EditController.cpp.obj
[199/1111] Building CXX object CMakeFiles/pdfws_ui.dir/src/shell/controllers/FormsController.cpp.obj
[200/1111] Building CXX object CMakeFiles/pdfws_ui.dir/src/shell/controllers/ConvertController.cpp.obj
[201/1111] Building CXX object CMakeFiles/pdfws_ui.dir/src/shell/controllers/CertEncryptController.cpp.obj
[202/1111] Building CXX object CMakeFiles/pdfws_ui.dir/src/shell/controllers/SecurityController.cpp.obj
[203/1111] Building CXX object CMakeFiles/pdfws_ui.dir/src/shell/controllers/SendForSigningController.cpp.obj
[204/1111] Building CXX object CMakeFiles/pdfws_ui.dir/src/shell/controllers/TaskNavController.cpp.obj
[205/1111] Building CXX object CMakeFiles/pdfws_ui.dir/src/util/Icons.cpp.obj
[206/1111] Building CXX object CMakeFiles/pdfws_ui.dir/src/util/Badge.cpp.obj
[207/1111] Building CXX object CMakeFiles/pdfws_ui.dir/src/util/Slider.cpp.obj
[208/1111] Building CXX object CMakeFiles/pdfws_ui.dir/src/shell/Ribbon.cpp.obj
[209/1111] Building CXX object CMakeFiles/pdfws_ui.dir/src/shell/MenuBar.cpp.obj
[210/1111] Building CXX object CMakeFiles/pdfws_ui.dir/src/shell/ScreenNav.cpp.obj
[211/1111] Building CXX object CMakeFiles/pdfws_ui.dir/src/shell/FlowToolbarLayout.cpp.obj
[212/1111] Building CXX object CMakeFiles/pdfws_ui.dir/src/shell/StatusBar.cpp.obj
[213/1111] Building CXX object CMakeFiles/pdfws_ui.dir/src/shell/ModeStrip.cpp.obj
[214/1111] Building CXX object CMakeFiles/pdfws_ui.dir/src/shell/TaskNav.cpp.obj
[215/1111] Building CXX object CMakeFiles/pdfws_ui.dir/src/shell/TaskStateSync.cpp.obj
[216/1111] Building CXX object CMakeFiles/pdfws_ui.dir/src/shell/Sidebar.cpp.obj
[217/1111] Building CXX object CMakeFiles/pdfws_ui.dir/src/modes/OcrConfidence.cpp.obj
[218/1111] Building CXX object CMakeFiles/pdfws_ui.dir/src/ui/OcrScanCanvas.cpp.obj
D:/pdf/pdf-7z26/src/ui/OcrScanCanvas.cpp:16:13: warning: 'gp::{anonymous}::kPaper' defined but not used [-Wunused-variable]
   16 | const char* kPaper = "#f4f1ea";
      |             ^~~~~~
[219/1111] Building CXX object CMakeFiles/pdfws_ui.dir/src/ui/OcrWordMagnifier.cpp.obj
[220/1111] Building CXX object CMakeFiles/pdfws_ui.dir/src/modes/ModeController.cpp.obj
[221/1111] Building CXX object CMakeFiles/pdfws_ui.dir/src/modes/RedactApplyDialog.cpp.obj
[222/1111] Building CXX object CMakeFiles/pdfws_ui.dir/src/modes/RedactMode.cpp.obj
[223/1111] Building CXX object CMakeFiles/pdfws_ui.dir/src/modes/CompareMode.cpp.obj
[224/1111] Building CXX object CMakeFiles/pdfws_ui.dir/src/modes/PagesMode.cpp.obj
[225/1111] Building CXX object CMakeFiles/pdfws_ui.dir/src/modes/HotFolderController.cpp.obj
[226/1111] Building CXX object CMakeFiles/pdfws_ui.dir/src/ui/PresetManagerDialog.cpp.obj
[227/1111] Building CXX object CMakeFiles/pdfws_ui.dir/src/ui/PresetEditorDialog.cpp.obj
[228/1111] Building CXX object CMakeFiles/pdfws_ui.dir/src/modes/FormBuilderMode.cpp.obj
[229/1111] Building CXX object CMakeFiles/pdfws_ui.dir/src/modes/FormFieldPropertiesPanel.cpp.obj
[230/1111] Building CXX object CMakeFiles/pdfws_ui.dir/src/modes/AIChatPanel.cpp.obj
[231/1111] Building CXX object CMakeFiles/pdfws_ui.dir/src/modes/BatchMode.cpp.obj
[232/1111] Building CXX object CMakeFiles/pdfws_ui.dir/src/modes/SignaturesPanel.cpp.obj
[233/1111] Building CXX object CMakeFiles/pdfws_ui.dir/src/engines/ai/OllamaProvider.cpp.obj
[234/1111] Building CXX object CMakeFiles/pdfws_ui.dir/src/modes/AccessibilityPanel.cpp.obj
[235/1111] Building CXX object CMakeFiles/pdfws_ui.dir/src/modes/PdfAValidationPanel.cpp.obj
[236/1111] Building CXX object CMakeFiles/pdfws_ui.dir/src/modes/MeasureMode.cpp.obj
[237/1111] Building CXX object CMakeFiles/pdfws_ui.dir/src/modes/WatermarkDialog.cpp.obj
[238/1111] Building CXX object CMakeFiles/pdfws_ui.dir/pdfws_ui_autogen/3YJK5W5UP7/qrc_commands.cpp.obj
[239/1111] Building CXX object CMakeFiles/pdfws_ui.dir/src/modes/CompressDialog.cpp.obj
[240/1111] Linking CXX static library libpdfws_ui.a
[241/1111] Automatic MOC and UIC for target TestSecretStore
[242/1111] Automatic MOC and UIC for target PdfWorkstation
[243/1111] Automatic MOC and UIC for target TestViewParity
[244/1111] Automatic MOC and UIC for target TestSanitizeSelective
[245/1111] Automatic MOC and UIC for target TestDocumentIdentity
[246/1111] Automatic MOC and UIC for target TestBatesBatchSafety
[247/1111] Automatic MOC and UIC for target TestRecoverySave
[248/1111] Automatic MOC and UIC for target TestReadOnlyGate
[249/1111] Automatic MOC and UIC for target TestSidecarReopenState
[250/1111] Automatic MOC and UIC for target TestSignatureValidation
[251/1111] Automatic MOC and UIC for target TestSignatureRealCrypto
[252/1111] Automatic MOC and UIC for target TestSendForSigning
[253/1111] Automatic MOC and UIC for target TestEraseSignedGuard
[254/1111] Automatic MOC and UIC for target TestSignatureAppearance
[255/1111] Automatic MOC and UIC for target TestOptimizeSignedGuard
[256/1111] Automatic MOC and UIC for target TestImageDedup
[257/1111] Automatic MOC and UIC for target TestRedaction
[258/1111] Automatic MOC and UIC for target TestDedupSMask
[259/1111] Automatic MOC and UIC for target TestCompressJpegReencode
[260/1111] Automatic MOC and UIC for target TestOptimizeEstimate
[261/1111] Automatic MOC and UIC for target TestLayoutEnsemble
[262/1111] Automatic MOC and UIC for target TestOcrPipeline
[263/1111] Automatic MOC and UIC for target TestOcrReviewLifecycle
[264/1111] Automatic MOC and UIC for target TestOcrRegionReocr
[265/1111] Automatic MOC and UIC for target TestOcrVerifyNavigation
[266/1111] Automatic MOC and UIC for target TestOcrOutputMode
[267/1111] Automatic MOC and UIC for target TestOcrPreprocessor
[268/1111] Automatic MOC and UIC for target TestOcrVerifyPort
[269/1111] Automatic MOC and UIC for target TestOcrDjotMapper
[270/1111] Automatic MOC and UIC for target TestThreadSafety
[271/1111] Automatic MOC and UIC for target TestResourceLimits
[272/1111] Automatic MOC and UIC for target TestEncryption
[273/1111] Automatic MOC and UIC for target TestControllers
[274/1111] Automatic MOC and UIC for target TestSevenZipBundle
[275/1111] Automatic MOC and UIC for target TestRibbonIntegrity
[276/1111] Automatic MOC and UIC for target TestMenuBarIntegrity
[277/1111] Automatic MOC and UIC for target TestCommandBinding
[278/1111] Automatic MOC and UIC for target TestWelcomeRoutes
[279/1111] Automatic MOC and UIC for target TestSweepW3UxFlows
[280/1111] Automatic MOC and UIC for target TestUiAccessibility
[281/1111] Automatic MOC and UIC for target TestIntegration
[282/1111] Automatic MOC and UIC for target TestPerformance
[283/1111] Automatic MOC and UIC for target TestVeraPdf
[284/1111] Automatic MOC and UIC for target TestReadingOrderAsync
[285/1111] Automatic MOC and UIC for target TestAccessibilityChecker
[286/1111] Automatic MOC and UIC for target TestAccessibilityPanel
[287/1111] Automatic MOC and UIC for target TestAccessibilityFixes
[288/1111] Automatic MOC and UIC for target TestA11yReportWriter
[289/1111] Automatic MOC and UIC for target TestLaneScheduler
[290/1111] Automatic MOC and UIC for target TestAccessibilityTagger
[291/1111] Automatic MOC and UIC for target TestFormBuilder
[292/1111] Automatic MOC and UIC for target TestFormPersistence
[293/1111] Automatic MOC and UIC for target TestCompareEntry
[294/1111] Automatic MOC and UIC for target TestCompareIntegration
[295/1111] Automatic MOC and UIC for target TestPagesMode
[296/1111] Automatic MOC and UIC for target TestBatchMode
[297/1111] Automatic MOC and UIC for target TestBatchPresets
[298/1111] Automatic MOC and UIC for target TestBatchPresetsP2
[299/1111] Automatic MOC and UIC for target TestHotFolder
[300/1111] Automatic MOC and UIC for target TestBatchOcrLanguage
[301/1111] Automatic MOC and UIC for target TestOcrPreprocessPrefs
[302/1111] Automatic MOC and UIC for target TestBatchOcrSkipText
[303/1111] Automatic MOC and UIC for target TestOpenRouting
[304/1111] Automatic MOC and UIC for target TestBatesCrossDoc
[305/1111] Automatic MOC and UIC for target TestBatchOpsCoverage
[306/1111] Automatic MOC and UIC for target TestExcisionCorruption
[307/1111] Automatic MOC and UIC for target TestPdfACidSetSafety
[308/1111] Automatic MOC and UIC for target TestReadingOrderThreshold
[309/1111] Automatic MOC and UIC for target TestReadingOrderMcid
[310/1111] Automatic MOC and UIC for target TestReadingOrderDepthCap
[311/1111] Automatic MOC and UIC for target TestLinkBookmarkRoundTrip
[312/1111] Automatic MOC and UIC for target TestSignatureSessionCache
[313/1111] Automatic MOC and UIC for target TestCapabilityRegistry
[314/1111] Automatic MOC and UIC for target TestXfaHonestyBanner
[315/1111] Automatic MOC and UIC for target TestTaskNavRegistry
[316/1111] Automatic MOC and UIC for target TestScreenStateSync
[317/1111] Automatic MOC and UIC for target TestRibbonCollapse
[318/1111] Automatic MOC and UIC for target TestModeStripPins
[319/1111] Automatic MOC and UIC for target TestStatusBarSlim
[320/1111] Automatic MOC and UIC for target TestCommentsReview
[321/1111] Automatic MOC and UIC for target TestWelcomeLayout
[322/1111] Automatic MOC and UIC for target TestSignatureBadges
[323/1111] Automatic MOC and UIC for target TestBatchOcrConfidence
[324/1111] Automatic MOC and UIC for target TestInspector
[325/1111] Automatic MOC and UIC for target TestPatternRedact
[326/1111] Automatic MOC and UIC for target TestFindReplace
[327/1111] Automatic MOC and UIC for target TestReviewSummary
[328/1111] Automatic MOC and UIC for target TestPrintableSummary
[329/1111] Automatic MOC and UIC for target TestDynamicStamps
[330/1111] Automatic MOC and UIC for target TestStampImageImport
[331/1111] Automatic MOC and UIC for target TestDjotRoundtrip
[332/1111] Automatic MOC and UIC for target TestAutoBookmarks
[333/1111] Automatic MOC and UIC for target TestUpdateChecker
[334/1111] Automatic MOC and UIC for target TestDjotFuzz
[335/1111] Automatic MOC and UIC for target TestOcrLanguage
[336/1111] Automatic MOC and UIC for target TestWatermarkFont
[337/1111] Automatic MOC and UIC for target TestRedactClearMarks
[338/1111] Automatic MOC and UIC for target TestLinkSchemeSafety
[339/1111] Automatic MOC and UIC for target TestThumbnailZoom
[340/1111] Automatic MOC and UIC for target TestThumbnailOffGui
[341/1111] Automatic MOC and UIC for target TestMergeSuccess
[342/1111] Automatic MOC and UIC for target TestFillFormLock
[343/1111] Automatic MOC and UIC for target TestFillFormNoOp
[344/1111] Automatic MOC and UIC for target TestReadingOrderInheritance
[345/1111] Automatic MOC and UIC for target TestShapeInkPersistence
[346/1111] Automatic MOC and UIC for target TestQuadPointsMarkup
[347/1111] Automatic MOC and UIC for target TestMeasurePanelHonesty
[348/1111] Automatic MOC and UIC for target TestMeasureCore
[349/1111] Automatic MOC and UIC for target TestMeasureRoundTrip
[350/1111] Automatic MOC and UIC for target TestLegacyOriginSpace
[351/1111] Automatic MOC and UIC for target TestMeasureCsvExport
[352/1111] Automatic MOC and UIC for target TestCompressStripSanitize
[353/1111] Automatic MOC and UIC for target TestCompressDialogHonesty
[354/1111] Automatic MOC and UIC for target TestFieldMetadata
[355/1111] Automatic MOC and UIC for target TestFormJsCalc
[356/1111] Automatic MOC and UIC for target TestFormSafety
[357/1111] Automatic MOC and UIC for target TestFormJsAdversarial
[358/1111] Automatic MOC and UIC for target TestFormStaleDisclosure
[359/1111] Automatic MOC and UIC for target TestFormKeystroke
[360/1111] Automatic MOC and UIC for target TestEngineSave
[361/1111] Automatic MOC and UIC for target TestEncryptedPackageSafeWrite
[362/1111] Automatic MOC and UIC for target TestPrintJob
[363/1111] Automatic MOC and UIC for target TestTempOwnership
[364/1111] Automatic MOC and UIC for target TestCleanupCli
[365/1111] Automatic MOC and UIC for target TestFormUndo
[366/1111] Automatic MOC and UIC for target TestValidateAllSignatures
[367/1111] Automatic MOC and UIC for target TestExportPathBadge
[368/1111] Automatic MOC and UIC for target TestImageEditWiring
[369/1111] Automatic MOC and UIC for target TestRedactSanitizeBundle
[370/1111] Automatic MOC and UIC for target TestRedactTransaction
[371/1111] Automatic MOC and UIC for target TestPptxOverlayAlpha
[372/1111] Automatic MOC and UIC for target TestRedactionProof
[373/1111] Automatic MOC and UIC for target TestAutoDetectHeuristic
[374/1111] Automatic MOC and UIC for target fake_soffice
[375/1111] Automatic MOC and UIC for target TestConversionExtraction
[376/1111] Automatic MOC and UIC for target TestTextExtractionCoords
[377/1111] Automatic MOC and UIC for target TestEraseWiring
[378/1111] Automatic MOC and UIC for target TestRibbonMarkupTools
[379/1111] Automatic MOC and UIC for target TestViewerRotation
[380/1111] Automatic MOC and UIC for target TestRotateView
[381/1111] Automatic MOC and UIC for target TestTwoPageOverlay
[382/1111] Automatic MOC and UIC for target TestViewingModes
[383/1111] Automatic MOC and UIC for target TestSignaturePicker
[384/1111] Automatic MOC and UIC for target TestCertEncryptPicker
[385/1111] Automatic MOC and UIC for target TestCertifySelector
[386/1111] Automatic MOC and UIC for target TestPolicyController
[387/1111] Automatic MOC and UIC for target TestPolicyWiring
[388/1111] Automatic MOC and UIC for target TestOcspConsent
[389/1111] Automatic MOC and UIC for target TestSupportBundle
[390/1111] Automatic MOC and UIC for target TestNetworkDisclosure
[391/1111] Automatic MOC and UIC for target TestOcrAcceptSeam
[392/1111] Automatic MOC and UIC for target TestSearchFlags
[393/1111] Automatic MOC and UIC for target TestExportPresets
[394/1111] Automatic MOC and UIC for target TestOcrAcceptScope
[395/1111] Automatic MOC and UIC for target TestViewerLinkSeam
[396/1111] Automatic MOC and UIC for target TestHyperlinkNavigation
[397/1111] Automatic MOC and UIC for target TestRedactApplyMarks
[398/1111] Automatic MOC and UIC for target TestRedactMarkAll
[399/1111] Automatic MOC and UIC for target TestAiProvider
[400/1111] Automatic MOC and UIC for target TestAnnotationDjot
[401/1111] Automatic MOC and UIC for target TestOllamaProvider
[402/1111] Automatic MOC and UIC for target TestDiffEngine
[403/1111] Automatic MOC and UIC for target TestOfficeImport
[404/1111] Automatic MOC and UIC for target TestMrcPipeline
[405/1111] Automatic MOC and UIC for target TestCheckedMutationCoverage
[406/1111] Automatic MOC and UIC for target TestHistoryIntegrity
[407/1111] Automatic MOC and UIC for target TestImageAppearance
[408/1111] Automatic MOC and UIC for target TestOfficeExport
[409/1111] Automatic MOC and UIC for target TestTextEditStyle
[410/1111] Automatic MOC and UIC for target TestEraserEngine
[411/1111] Automatic MOC and UIC for target render_path_profile
[412/1111] Automatic MOC and UIC for target TestRenderGuards
[413/1111] Automatic MOC and UIC for target TestPersistenceOutcomes
[414/1111] Automatic MOC and UIC for target TestSep13LeadCapability
[415/1111] Automatic MOC and UIC for target TestSep13LeadBatchMerge
[416/1111] Automatic MOC and UIC for target TestSep13LeadOcrGuards
[417/1111] Automatic MOC and UIC for target TestSep13LeadConversionExport
[418/1111] Automatic MOC and UIC for target TestSep13LeadRedactionProof
[419/1111] Automatic MOC and UIC for target R14ProbeRedactSpace
[420/1111] Automatic MOC and UIC for target TestSep13LeadBtDowngrade
[421/1111] Automatic MOC and UIC for target R14ProbeSep13Fixes
[422/1111] Automatic MOC and UIC for target TestSep13LeadComparePerf
[423/1111] Automatic MOC and UIC for target TestSweepW1PresetAdversary
[424/1111] Automatic MOC and UIC for target TestSweepW1SigningAdversary
[425/1111] Automatic MOC and UIC for target TestSweepW1SummaryPolicyAdversary
[426/1111] Automatic MOC and UIC for target TestSweepW1SecProbe
[427/1111] Automatic MOC and UIC for target W2BProbeNaming
[428/1111] Automatic MOC and UIC for target W2BProbeSigning
[429/1111] Automatic MOC and UIC for target W2BProbeSummaryPolicy
[430/1111] Automatic MOC and UIC for target W2BProbeA11y
[431/1111] Automatic MOC and UIC for target W2BProbeLegacySpace
[432/1111] Automatic MOC and UIC for target W2BProbeOfficeSave
[433/1111] Automatic MOC and UIC for target TestRotate270PageSpace
[434/1111] Automatic MOC and UIC for target R14ProbeBatchSkip
[435/1111] Automatic MOC and UIC for target TestGsdW2Probe
[436/1111] Automatic MOC and UIC for target W2CProbeRotate270
[437/1111] Automatic MOC and UIC for target TestPgr37PageSpaceLaw
[438/1111] Automatic MOC and UIC for target TestPgr35BatchCollision
[439/1111] Automatic MOC and UIC for target TestPgr36StaleSigningPanel
[440/1111] Automatic MOC and UIC for target TestFileHandleCoordination
[441/1111] Running rcc for resource PdfWorkstation_translations
[442/1111] Automatic MOC and UIC for target TestCommandRegistry
[443/1111] Automatic RCC for tests/TestViewParity.qrc
[444/1111] Building CXX object CMakeFiles/TestViewParity.dir/TestViewParity_autogen/mocs_compilation.cpp.obj
[445/1111] Automatic RCC for resources.qrc
[446/1111] Building CXX object CMakeFiles/PdfWorkstation.dir/PdfWorkstation_autogen/mocs_compilation.cpp.obj
[447/1111] Building CXX object CMakeFiles/PdfWorkstation.dir/src/app/main.cpp.obj
D:/pdf/pdf-7z26/src/app/main.cpp: In function 'int main(int, char**)':
D:/pdf/pdf-7z26/src/app/main.cpp:98:25: warning: loop variable 'f' of type 'const QString&' binds to a temporary constructed from type 'const char* const' [-Wrange-loop-construct]
   98 |     for (const QString& f : {":/fonts/Manrope-Regular.ttf",
      |                         ^
D:/pdf/pdf-7z26/src/app/main.cpp:98:25: note: use non-reference type 'const QString' to make the copy explicit or 'const char* const&' to prevent copying
[448/1111] Building CXX object CMakeFiles/TestViewParity.dir/tests/TestViewParity.cpp.obj
[449/1111] Building RC object CMakeFiles/PdfWorkstation.dir/src/app/app_icon.rc.obj
[450/1111] Building RC object CMakeFiles/PdfWorkstation.dir/version.rc.obj
[451/1111] Building CXX object CMakeFiles/PdfWorkstation.dir/build-rel/.qt/rcc/qrc_PdfWorkstation_translations.cpp.obj
[452/1111] Building CXX object CMakeFiles/PdfWorkstation.dir/PdfWorkstation_autogen/EWIEGA46WW/qrc_resources.cpp.obj
[453/1111] Building CXX object CMakeFiles/PdfWorkstation.dir/src/app/Bootstrapper.cpp.obj
[454/1111] Building CXX object CMakeFiles/TestViewParity.dir/TestViewParity_autogen/KRHXW7JQHD/qrc_TestViewParity.cpp.obj
[455/1111] Building CXX object CMakeFiles/UnitTests.dir/UnitTests_autogen/mocs_compilation.cpp.obj
[456/1111] Building CXX object CMakeFiles/TestViewParity.dir/src/app/Bootstrapper.cpp.obj
[457/1111] Building CXX object CMakeFiles/UnitTests.dir/tests/UnitTests.cpp.obj
[458/1111] Building CXX object CMakeFiles/TestInterfaces.dir/TestInterfaces_autogen/mocs_compilation.cpp.obj
[459/1111] Building CXX object CMakeFiles/TestInterfaces.dir/src/engines/DocumentSession.cpp.obj
[460/1111] Building CXX object CMakeFiles/TestExpiryInterface.dir/TestExpiryInterface_autogen/mocs_compilation.cpp.obj
[461/1111] Building CXX object CMakeFiles/TestInterfaces.dir/tests/TestPdfEditorInterface.cpp.obj
[462/1111] Building CXX object CMakeFiles/SmokeTest.dir/SmokeTest_autogen/mocs_compilation.cpp.obj
[463/1111] Building CXX object CMakeFiles/TestExpiryInterface.dir/tests/TestExpiryInterface.cpp.obj
[464/1111] Building CXX object CMakeFiles/TestSanitization.dir/TestSanitization_autogen/mocs_compilation.cpp.obj
[465/1111] Building CXX object CMakeFiles/SmokeTest.dir/tests/smoke_test.cpp.obj
[466/1111] Building CXX object CMakeFiles/TestSanitizeSelective.dir/TestSanitizeSelective_autogen/mocs_compilation.cpp.obj
[467/1111] Building CXX object CMakeFiles/TestSanitization.dir/tests/TestSanitization.cpp.obj
[468/1111] Building CXX object CMakeFiles/TestSanitizeTrailerUaf.dir/TestSanitizeTrailerUaf_autogen/mocs_compilation.cpp.obj
[469/1111] Building CXX object CMakeFiles/TestSanitizeSelective.dir/tests/TestSanitizeSelective.cpp.obj
[470/1111] Building CXX object CMakeFiles/TestAutosave.dir/TestAutosave_autogen/mocs_compilation.cpp.obj
[471/1111] Building CXX object CMakeFiles/TestSanitizeTrailerUaf.dir/tests/TestSanitizeTrailerUaf.cpp.obj
[472/1111] Building CXX object CMakeFiles/TestDocumentIdentity.dir/TestDocumentIdentity_autogen/mocs_compilation.cpp.obj
[473/1111] Building CXX object CMakeFiles/TestAutosave.dir/tests/TestAutosave.cpp.obj
[474/1111] Building CXX object CMakeFiles/TestDocumentIdentity.dir/tests/TestDocumentIdentity.cpp.obj
[475/1111] Building CXX object CMakeFiles/TestBatesBatchSafety.dir/TestBatesBatchSafety_autogen/mocs_compilation.cpp.obj
[476/1111] Building CXX object CMakeFiles/TestDocumentIdentity.dir/src/app/Bootstrapper.cpp.obj
[477/1111] Building CXX object CMakeFiles/TestBatesBatchSafety.dir/tests/TestBatesBatchSafety.cpp.obj
[478/1111] Building CXX object CMakeFiles/TestBatesBatchSafety.dir/src/app/Bootstrapper.cpp.obj
[479/1111] Building CXX object CMakeFiles/TestRecoverySave.dir/TestRecoverySave_autogen/mocs_compilation.cpp.obj
[480/1111] Building CXX object CMakeFiles/TestRecoverySave.dir/src/app/Bootstrapper.cpp.obj
[481/1111] Building CXX object CMakeFiles/TestReadOnlyGate.dir/TestReadOnlyGate_autogen/mocs_compilation.cpp.obj
[482/1111] Building CXX object CMakeFiles/TestRecoverySave.dir/tests/TestRecoverySave.cpp.obj
[483/1111] Building CXX object CMakeFiles/TestReadOnlyGate.dir/src/app/Bootstrapper.cpp.obj
[484/1111] Building CXX object CMakeFiles/TestSidecarReopenState.dir/TestSidecarReopenState_autogen/mocs_compilation.cpp.obj
[485/1111] Building CXX object CMakeFiles/TestReadOnlyGate.dir/tests/TestReadOnlyGate.cpp.obj
[486/1111] Building CXX object CMakeFiles/TestSidecarReopenState.dir/src/app/Bootstrapper.cpp.obj
[487/1111] Building CXX object CMakeFiles/TestSignatureValidationMock.dir/TestSignatureValidationMock_autogen/mocs_compilation.cpp.obj
[488/1111] Building CXX object CMakeFiles/TestSidecarReopenState.dir/tests/TestSidecarReopenState.cpp.obj
[489/1111] Building CXX object CMakeFiles/TestRobustness.dir/TestRobustness_autogen/mocs_compilation.cpp.obj
[490/1111] Building CXX object CMakeFiles/TestSignatureValidationMock.dir/tests/TestSignatureValidationMock.cpp.obj
[491/1111] Building CXX object CMakeFiles/TestSecretStore.dir/TestSecretStore_autogen/mocs_compilation.cpp.obj
[492/1111] Building CXX object CMakeFiles/TestRobustness.dir/tests/TestRobustness.cpp.obj
[493/1111] Building CXX object CMakeFiles/TestSignatureValidation.dir/TestSignatureValidation_autogen/mocs_compilation.cpp.obj
[494/1111] Building CXX object CMakeFiles/TestSecretStore.dir/tests/TestSecretStore.cpp.obj
D:/pdf/pdf-7z26/tests/TestSecretStore.cpp: In function 'QByteArray {anonymous}::craftLegacyV1Blob(const QByteArray&, const QByteArray&)':
D:/pdf/pdf-7z26/tests/TestSecretStore.cpp:96:9: warning: unused variable 'len' [-Wunused-variable]
   96 |     int len = 0, cipherLen = 0;
      |         ^~~
[495/1111] Building CXX object CMakeFiles/TestSignatureRealCrypto.dir/TestSignatureRealCrypto_autogen/mocs_compilation.cpp.obj
[496/1111] Building CXX object CMakeFiles/TestSignatureValidation.dir/tests/TestSignatureValidation.cpp.obj
[497/1111] Building CXX object CMakeFiles/TestSendForSigning.dir/TestSendForSigning_autogen/mocs_compilation.cpp.obj
[498/1111] Building CXX object CMakeFiles/TestSignatureRealCrypto.dir/tests/TestSignatureRealCrypto.cpp.obj
D:/pdf/pdf-7z26/tests/TestSignatureRealCrypto.cpp: In member function 'void TestSignatureRealCrypto::testTamperedPdfInvalid()':
D:/pdf/pdf-7z26/tests/TestSignatureRealCrypto.cpp:1028:28: warning: unused variable 'off1' [-Wunused-variable]
 1028 |                     qint64 off1 = parts[0].toLongLong();
      |                            ^~~~
D:/pdf/pdf-7z26/tests/TestSignatureRealCrypto.cpp: In member function 'void TestSignatureRealCrypto::testOwnModDateRefreshNotDowngraded()':
D:/pdf/pdf-7z26/tests/TestSignatureRealCrypto.cpp:1263:90: warning: 'QDateTime::QDateTime(QDate, QTime, Qt::TimeSpec, int)' is deprecated: Pass QTimeZone instead [-Wdeprecated-declarations]
 1263 |                 std::chrono::seconds(QDateTime(QDate(2031, 2, 3), QTime(4, 5, 6), Qt::UTC)
      |                                                                                          ^
In file included from C:/msys64/ucrt64/include/qt6/QtCore/qcborvalue.h:11,
                 from C:/msys64/ucrt64/include/qt6/QtCore/qcborarray.h:8,
                 from C:/msys64/ucrt64/include/qt6/QtCore/QtCore:55,
                 from C:/msys64/ucrt64/include/qt6/QtTest/QtTestDepends:3,
                 from C:/msys64/ucrt64/include/qt6/QtTest/QtTest:3,
                 from D:/pdf/pdf-7z26/tests/TestSignatureRealCrypto.cpp:19:
C:/msys64/ucrt64/include/qt6/QtCore/qdatetime.h:390:5: note: declared here
  390 |     QDateTime(QDate date, QTime time, Qt::TimeSpec spec, int offsetSeconds = 0);
      |     ^~~~~~~~~
[499/1111] Building CXX object CMakeFiles/TestEraseSignedGuard.dir/TestEraseSignedGuard_autogen/mocs_compilation.cpp.obj
[500/1111] Building CXX object CMakeFiles/TestSendForSigning.dir/tests/TestSendForSigning.cpp.obj
[501/1111] Building CXX object CMakeFiles/TestSignatureAppearance.dir/TestSignatureAppearance_autogen/mocs_compilation.cpp.obj
[502/1111] Building CXX object CMakeFiles/TestEraseSignedGuard.dir/tests/TestEraseSignedGuard.cpp.obj
[503/1111] Building CXX object CMakeFiles/TestOptimizeSignedGuard.dir/TestOptimizeSignedGuard_autogen/mocs_compilation.cpp.obj
[504/1111] Building CXX object CMakeFiles/TestSignatureAppearance.dir/tests/TestSignatureAppearance.cpp.obj
D:/pdf/pdf-7z26/tests/TestSignatureAppearance.cpp: In function 'QDateTime {anonymous}::fixedClaimedTime()':
D:/pdf/pdf-7z26/tests/TestSignatureAppearance.cpp:50:86: warning: 'QDateTime::QDateTime(QDate, QTime, Qt::TimeSpec, int)' is deprecated: Pass QTimeZone instead [-Wdeprecated-declarations]
   50 |     return QDateTime(QDate(2026, 9, 5), QTime(14, 30, 0), Qt::OffsetFromUTC, 2 * 3600);
      |                                                                                      ^
In file included from C:/msys64/ucrt64/include/qt6/QtCore/qcborvalue.h:11,
                 from C:/msys64/ucrt64/include/qt6/QtCore/qcborarray.h:8,
                 from C:/msys64/ucrt64/include/qt6/QtCore/QtCore:55,
                 from C:/msys64/ucrt64/include/qt6/QtTest/QtTestDepends:3,
                 from C:/msys64/ucrt64/include/qt6/QtTest/QtTest:3,
                 from D:/pdf/pdf-7z26/tests/TestSignatureAppearance.cpp:15:
C:/msys64/ucrt64/include/qt6/QtCore/qdatetime.h:390:5: note: declared here
  390 |     QDateTime(QDate date, QTime time, Qt::TimeSpec spec, int offsetSeconds = 0);
      |     ^~~~~~~~~
[505/1111] Building CXX object CMakeFiles/TestImageDedup.dir/TestImageDedup_autogen/mocs_compilation.cpp.obj
[506/1111] Building CXX object CMakeFiles/TestOptimizeSignedGuard.dir/tests/TestOptimizeSignedGuard.cpp.obj
[507/1111] Building CXX object CMakeFiles/TestChain1.dir/TestChain1_autogen/mocs_compilation.cpp.obj
[508/1111] Building CXX object CMakeFiles/TestImageDedup.dir/tests/TestImageDedup.cpp.obj
[509/1111] Building CXX object CMakeFiles/TestRedaction.dir/TestRedaction_autogen/mocs_compilation.cpp.obj
[510/1111] Building CXX object CMakeFiles/TestChain1.dir/tests/TestChain1.cpp.obj
[511/1111] Building CXX object CMakeFiles/TestDedupSMask.dir/TestDedupSMask_autogen/mocs_compilation.cpp.obj
[512/1111] Building CXX object CMakeFiles/TestRedaction.dir/tests/TestRedaction.cpp.obj
[513/1111] Building CXX object CMakeFiles/TestCompressJpegReencode.dir/TestCompressJpegReencode_autogen/mocs_compilation.cpp.obj
[514/1111] Building CXX object CMakeFiles/TestDedupSMask.dir/tests/TestDedupSMask.cpp.obj
[515/1111] Building CXX object CMakeFiles/TestOptimizeEstimate.dir/TestOptimizeEstimate_autogen/mocs_compilation.cpp.obj
[516/1111] Building CXX object CMakeFiles/TestCompressJpegReencode.dir/tests/TestCompressJpegReencode.cpp.obj
[517/1111] Building CXX object CMakeFiles/TestLayoutEnsemble.dir/TestLayoutEnsemble_autogen/mocs_compilation.cpp.obj
[518/1111] Building CXX object CMakeFiles/TestOptimizeEstimate.dir/tests/TestOptimizeEstimate.cpp.obj
[519/1111] Building CXX object CMakeFiles/TestOcrPipeline.dir/TestOcrPipeline_autogen/mocs_compilation.cpp.obj
[520/1111] Building CXX object CMakeFiles/TestLayoutEnsemble.dir/tests/TestLayoutEnsemble.cpp.obj
[521/1111] Building CXX object CMakeFiles/TestOcrReviewLifecycle.dir/TestOcrReviewLifecycle_autogen/mocs_compilation.cpp.obj
[522/1111] Building CXX object CMakeFiles/TestOcrPipeline.dir/tests/TestOcrPipeline.cpp.obj
[523/1111] Building CXX object CMakeFiles/TestOcrRegionReocr.dir/TestOcrRegionReocr_autogen/mocs_compilation.cpp.obj
[524/1111] Building CXX object CMakeFiles/TestOcrReviewLifecycle.dir/tests/TestOcrReviewLifecycle.cpp.obj
[525/1111] Building CXX object CMakeFiles/TestOcrRegionReocr.dir/tests/TestOcrRegionReocr.cpp.obj
D:/pdf/pdf-7z26/tests/TestOcrRegionReocr.cpp: In function 'void {anonymous}::dragWidget(QWidget*, const QPointF&, const QPointF&)':
D:/pdf/pdf-7z26/tests/TestOcrRegionReocr.cpp:121:69: warning: 'QMouseEvent::QMouseEvent(QEvent::Type, const QPointF&, Qt::MouseButton, Qt::MouseButtons, Qt::KeyboardModifiers, const QPointingDevice*)' is deprecated: Use another constructor [-Wdeprecated-declarations]
  121 |                       Qt::LeftButton, Qt::LeftButton, Qt::NoModifier);
      |                                                                     ^
In file included from C:/msys64/ucrt64/include/qt6/QtGui/qtestsupport_gui.h:8,
                 from C:/msys64/ucrt64/include/qt6/QtTest/qtestsystem.h:11,
                 from C:/msys64/ucrt64/include/qt6/QtTest/qtest.h:270,
                 from C:/msys64/ucrt64/include/qt6/QtTest/QtTest:11,
                 from D:/pdf/pdf-7z26/tests/TestOcrRegionReocr.cpp:31:
C:/msys64/ucrt64/include/qt6/QtGui/qevent.h:202:5: note: declared here
  202 |     QMouseEvent(Type type, const QPointF &localPos, Qt::MouseButton button,
      |     ^~~~~~~~~~~
D:/pdf/pdf-7z26/tests/TestOcrRegionReocr.cpp:124:68: warning: 'QMouseEvent::QMouseEvent(QEvent::Type, const QPointF&, Qt::MouseButton, Qt::MouseButtons, Qt::KeyboardModifiers, const QPointingDevice*)' is deprecated: Use another constructor [-Wdeprecated-declarations]
  124 |                      Qt::LeftButton, Qt::LeftButton, Qt::NoModifier);
      |                                                                    ^
C:/msys64/ucrt64/include/qt6/QtGui/qevent.h:202:5: note: declared here
  202 |     QMouseEvent(Type type, const QPointF &localPos, Qt::MouseButton button,
      |     ^~~~~~~~~~~
D:/pdf/pdf-7z26/tests/TestOcrRegionReocr.cpp:127:69: warning: 'QMouseEvent::QMouseEvent(QEvent::Type, const QPointF&, Qt::MouseButton, Qt::MouseButtons, Qt::KeyboardModifiers, const QPointingDevice*)' is deprecated: Use another constructor [-Wdeprecated-declarations]
  127 |                         Qt::LeftButton, Qt::NoButton, Qt::NoModifier);
      |                                                                     ^
C:/msys64/ucrt64/include/qt6/QtGui/qevent.h:202:5: note: declared here
  202 |     QMouseEvent(Type type, const QPointF &localPos, Qt::MouseButton button,
      |     ^~~~~~~~~~~
[526/1111] Building CXX object CMakeFiles/TestOcrOutputMode.dir/TestOcrOutputMode_autogen/mocs_compilation.cpp.obj
[527/1111] Building CXX object CMakeFiles/TestOcrRegionReocr.dir/src/app/Bootstrapper.cpp.obj
[528/1111] Building CXX object CMakeFiles/TestOcrVerifyNavigation.dir/TestOcrVerifyNavigation_autogen/mocs_compilation.cpp.obj
[529/1111] Building CXX object CMakeFiles/TestOcrOutputMode.dir/tests/TestOcrOutputMode.cpp.obj
[530/1111] Building CXX object CMakeFiles/TestOcrVerifyPort.dir/TestOcrVerifyPort_autogen/mocs_compilation.cpp.obj
[531/1111] Building CXX object CMakeFiles/TestOcrVerifyNavigation.dir/tests/TestOcrVerifyNavigation.cpp.obj
[532/1111] Building CXX object CMakeFiles/TestOcrPreprocessor.dir/TestOcrPreprocessor_autogen/mocs_compilation.cpp.obj
[533/1111] Building CXX object CMakeFiles/TestOcrVerifyPort.dir/tests/TestOcrVerifyPort.cpp.obj
[534/1111] Building CXX object CMakeFiles/TestOcrDjotMapper.dir/TestOcrDjotMapper_autogen/mocs_compilation.cpp.obj
[535/1111] Building CXX object CMakeFiles/TestOcrPreprocessor.dir/tests/TestOcrPreprocessor.cpp.obj
[536/1111] Building CXX object CMakeFiles/TestThreadSafety.dir/TestThreadSafety_autogen/mocs_compilation.cpp.obj
[537/1111] Building CXX object CMakeFiles/TestOcrDjotMapper.dir/tests/TestOcrDjotMapper.cpp.obj
[538/1111] Building CXX object CMakeFiles/TestEncryption.dir/TestEncryption_autogen/mocs_compilation.cpp.obj
[539/1111] Building CXX object CMakeFiles/TestThreadSafety.dir/tests/TestThreadSafety.cpp.obj
[540/1111] Building CXX object CMakeFiles/TestResourceLimits.dir/TestResourceLimits_autogen/mocs_compilation.cpp.obj
[541/1111] Building CXX object CMakeFiles/TestEncryption.dir/tests/TestEncryption.cpp.obj
D:/pdf/pdf-7z26/tests/TestEncryption.cpp: In static member function 'static QByteArray TestEncryption::aesGcmDecrypt(const QByteArray&, const QByteArray&)':
D:/pdf/pdf-7z26/tests/TestEncryption.cpp:184:23: warning: comparison of integer expressions of different signedness: 'qsizetype' {aka 'long long int'} and 'long long unsigned int' [-Wsign-compare]
  184 |         if (in.size() < 1 + kNonceLen + kTagLen || in[0] != kVersionGCM) return {};
      |             ~~~~~~~~~~^~~~~~~~~~~~~~~~~~~~~~~~~
D:/pdf/pdf-7z26/tests/TestEncryption.cpp: In member function 'void TestEncryption::testCertificateEncryption()':
D:/pdf/pdf-7z26/tests/TestEncryption.cpp:218:27: warning: 'RSA* RSA_new()' is deprecated: Since OpenSSL 3.0 [-Wdeprecated-declarations]
  218 |         RSA* rsa = RSA_new();
      |                    ~~~~~~~^~
In file included from D:/pdf/msys64/ucrt64/include/openssl/x509.h:38,
                 from D:/pdf/pdf-7z26/tests/TestEncryption.cpp:6:
D:/pdf/msys64/ucrt64/include/openssl/rsa.h:212:28: note: declared here
  212 | OSSL_DEPRECATEDIN_3_0 RSA *RSA_new(void);
      |                            ^~~~~~~
D:/pdf/pdf-7z26/tests/TestEncryption.cpp:219:28: warning: 'int RSA_generate_key_ex(RSA*, int, BIGNUM*, BN_GENCB*)' is deprecated: Since OpenSSL 3.0 [-Wdeprecated-declarations]
  219 |         RSA_generate_key_ex(rsa, 2048, bn, nullptr);
      |         ~~~~~~~~~~~~~~~~~~~^~~~~~~~~~~~~~~~~~~~~~~~
D:/pdf/msys64/ucrt64/include/openssl/rsa.h:270:27: note: declared here
  270 | OSSL_DEPRECATEDIN_3_0 int RSA_generate_key_ex(RSA *rsa, int bits, BIGNUM *e,
      |                           ^~~~~~~~~~~~~~~~~~~
[542/1111] Building CXX object CMakeFiles/TestControllers.dir/TestControllers_autogen/mocs_compilation.cpp.obj
[543/1111] Building CXX object CMakeFiles/TestResourceLimits.dir/tests/TestResourceLimits.cpp.obj
[544/1111] Building CXX object CMakeFiles/TestSevenZipBundle.dir/TestSevenZipBundle_autogen/mocs_compilation.cpp.obj
[545/1111] Building CXX object CMakeFiles/TestControllers.dir/tests/TestControllers.cpp.obj
[546/1111] Building CXX object CMakeFiles/TestRibbonIntegrity.dir/TestRibbonIntegrity_autogen/mocs_compilation.cpp.obj
[547/1111] Building CXX object CMakeFiles/TestSevenZipBundle.dir/tests/TestSevenZipBundle.cpp.obj
[548/1111] Building CXX object CMakeFiles/TestMenuBarIntegrity.dir/TestMenuBarIntegrity_autogen/mocs_compilation.cpp.obj
[549/1111] Building CXX object CMakeFiles/TestRibbonIntegrity.dir/tests/TestRibbonIntegrity.cpp.obj
[550/1111] Building CXX object CMakeFiles/TestCommandBinding.dir/TestCommandBinding_autogen/mocs_compilation.cpp.obj
[551/1111] Building CXX object CMakeFiles/TestMenuBarIntegrity.dir/tests/TestMenuBarIntegrity.cpp.obj
[552/1111] Building CXX object CMakeFiles/TestCommandBinding.dir/tests/TestCommandBinding.cpp.obj
[553/1111] Building CXX object CMakeFiles/TestWelcomeRoutes.dir/TestWelcomeRoutes_autogen/mocs_compilation.cpp.obj
[554/1111] Building CXX object CMakeFiles/TestCommandBinding.dir/src/app/Bootstrapper.cpp.obj
[555/1111] Building CXX object CMakeFiles/TestWelcomeRoutes.dir/tests/TestWelcomeRoutes.cpp.obj
[556/1111] Building CXX object CMakeFiles/TestWelcomeRoutes.dir/src/app/Bootstrapper.cpp.obj
[557/1111] Building CXX object CMakeFiles/TestSweepW3UxFlows.dir/TestSweepW3UxFlows_autogen/mocs_compilation.cpp.obj
[558/1111] Building CXX object CMakeFiles/TestSweepW3UxFlows.dir/src/app/Bootstrapper.cpp.obj
[559/1111] Building CXX object CMakeFiles/TestUiAccessibility.dir/TestUiAccessibility_autogen/mocs_compilation.cpp.obj
[560/1111] Building CXX object CMakeFiles/TestSweepW3UxFlows.dir/tests/TestSweepW3UxFlows.cpp.obj
D:/pdf/pdf-7z26/tests/TestSweepW3UxFlows.cpp:257:6: warning: 'void {anonymous}::pickMultiFilesByTitle(const QString&, const QStringList&, int)' defined but not used [-Wunused-function]
  257 | void pickMultiFilesByTitle(const QString &title, const QStringList &paths, int budgetMs = 60000)
      |      ^~~~~~~~~~~~~~~~~~~~~
[561/1111] Building CXX object CMakeFiles/TestUiAccessibility.dir/tests/TestUiAccessibility.cpp.obj
[562/1111] Building CXX object CMakeFiles/TestIntegration.dir/TestIntegration_autogen/mocs_compilation.cpp.obj
[563/1111] Building CXX object CMakeFiles/TestUiAccessibility.dir/src/app/Bootstrapper.cpp.obj
[564/1111] Building CXX object CMakeFiles/TestPerformance.dir/TestPerformance_autogen/mocs_compilation.cpp.obj
[565/1111] Building CXX object CMakeFiles/TestIntegration.dir/tests/TestIntegration.cpp.obj
[566/1111] Building CXX object CMakeFiles/TestVeraPdf.dir/TestVeraPdf_autogen/mocs_compilation.cpp.obj
[567/1111] Building CXX object CMakeFiles/TestPerformance.dir/tests/TestPerformance.cpp.obj
[568/1111] Building CXX object CMakeFiles/TestReadingOrderAsync.dir/TestReadingOrderAsync_autogen/mocs_compilation.cpp.obj
[569/1111] Building CXX object CMakeFiles/TestVeraPdf.dir/tests/TestVeraPdf.cpp.obj
[570/1111] Building CXX object CMakeFiles/TestAccessibilityChecker.dir/TestAccessibilityChecker_autogen/mocs_compilation.cpp.obj
[571/1111] Building CXX object CMakeFiles/TestReadingOrderAsync.dir/tests/TestReadingOrderAsync.cpp.obj
[572/1111] Building CXX object CMakeFiles/TestAccessibilityPanel.dir/TestAccessibilityPanel_autogen/mocs_compilation.cpp.obj
[573/1111] Building CXX object CMakeFiles/TestAccessibilityChecker.dir/tests/TestAccessibilityChecker.cpp.obj
D:/pdf/pdf-7z26/tests/TestAccessibilityChecker.cpp: In function 'bool {anonymous}::buildPdf(const QString&, const FixtureOpts&)':
D:/pdf/pdf-7z26/tests/TestAccessibilityChecker.cpp:83:36: warning: comparison of integer expressions of different signedness: 'unsigned int' and 'const int' [-Wsign-compare]
   83 |             for (unsigned i = 0; i < o.images; ++i) {
      |                                  ~~^~~~~~~~~~
[574/1111] Building CXX object CMakeFiles/TestA11yReportWriter.dir/TestA11yReportWriter_autogen/mocs_compilation.cpp.obj
[575/1111] Building CXX object CMakeFiles/TestAccessibilityPanel.dir/tests/TestAccessibilityPanel.cpp.obj
[576/1111] Building CXX object CMakeFiles/TestAccessibilityFixes.dir/TestAccessibilityFixes_autogen/mocs_compilation.cpp.obj
[577/1111] Building CXX object CMakeFiles/TestA11yReportWriter.dir/tests/TestA11yReportWriter.cpp.obj
[578/1111] Building CXX object CMakeFiles/TestAccessibilityTagger.dir/TestAccessibilityTagger_autogen/mocs_compilation.cpp.obj
[579/1111] Building CXX object CMakeFiles/TestAccessibilityFixes.dir/tests/TestAccessibilityFixes.cpp.obj
[580/1111] Building CXX object CMakeFiles/TestLaneScheduler.dir/TestLaneScheduler_autogen/mocs_compilation.cpp.obj
[581/1111] Building CXX object CMakeFiles/TestAccessibilityTagger.dir/tests/TestAccessibilityTagger.cpp.obj
[582/1111] Building CXX object CMakeFiles/TestFormBuilder.dir/TestFormBuilder_autogen/mocs_compilation.cpp.obj
[583/1111] Building CXX object CMakeFiles/TestLaneScheduler.dir/tests/TestLaneScheduler.cpp.obj
[584/1111] Building CXX object CMakeFiles/TestFormPersistence.dir/TestFormPersistence_autogen/mocs_compilation.cpp.obj
[585/1111] Building CXX object CMakeFiles/TestFormBuilder.dir/tests/TestFormBuilder.cpp.obj
[586/1111] Building CXX object CMakeFiles/TestCompareEntry.dir/TestCompareEntry_autogen/mocs_compilation.cpp.obj
[587/1111] Building CXX object CMakeFiles/TestFormPersistence.dir/tests/TestFormPersistence.cpp.obj
[588/1111] Building CXX object CMakeFiles/TestCompareIntegration.dir/TestCompareIntegration_autogen/mocs_compilation.cpp.obj
[589/1111] Building CXX object CMakeFiles/TestCompareEntry.dir/tests/TestCompareEntry.cpp.obj
[590/1111] Building CXX object CMakeFiles/TestPagesMode.dir/TestPagesMode_autogen/mocs_compilation.cpp.obj
[591/1111] Building CXX object CMakeFiles/TestCompareIntegration.dir/tests/TestCompareIntegration.cpp.obj
[592/1111] Building CXX object CMakeFiles/TestPageLabels.dir/TestPageLabels_autogen/mocs_compilation.cpp.obj
[593/1111] Building CXX object CMakeFiles/TestPageLabels.dir/tests/TestPageLabels.cpp.obj
[594/1111] Building CXX object CMakeFiles/TestPagesMode.dir/tests/TestPagesMode.cpp.obj
[595/1111] Building CXX object CMakeFiles/TestPageLabels.dir/src/engines/SafeSave.cpp.obj
[596/1111] Building CXX object CMakeFiles/TestPageLabels.dir/src/core/PageLabels.cpp.obj
[597/1111] Building CXX object CMakeFiles/TestBatchMode.dir/TestBatchMode_autogen/mocs_compilation.cpp.obj
[598/1111] Building CXX object CMakeFiles/TestBatchPresets.dir/TestBatchPresets_autogen/mocs_compilation.cpp.obj
[599/1111] Building CXX object CMakeFiles/TestBatchMode.dir/tests/TestBatchMode.cpp.obj
[600/1111] Building CXX object CMakeFiles/TestBatchPresetsP2.dir/TestBatchPresetsP2_autogen/mocs_compilation.cpp.obj
[601/1111] Building CXX object CMakeFiles/TestBatchPresets.dir/tests/TestBatchPresets.cpp.obj
[602/1111] Building CXX object CMakeFiles/TestHotFolder.dir/TestHotFolder_autogen/mocs_compilation.cpp.obj
[603/1111] Building CXX object CMakeFiles/TestHotFolder.dir/tests/TestHotFolder.cpp.obj
[604/1111] Building CXX object CMakeFiles/TestBatchOcrLanguage.dir/TestBatchOcrLanguage_autogen/mocs_compilation.cpp.obj
[605/1111] Building CXX object CMakeFiles/TestBatchPresetsP2.dir/tests/TestBatchPresetsP2.cpp.obj
[606/1111] Building CXX object CMakeFiles/TestBatchOcrSkipText.dir/TestBatchOcrSkipText_autogen/mocs_compilation.cpp.obj
[607/1111] Building CXX object CMakeFiles/TestBatchOcrLanguage.dir/tests/TestBatchOcrLanguage.cpp.obj
[608/1111] Building CXX object CMakeFiles/TestOcrPreprocessPrefs.dir/TestOcrPreprocessPrefs_autogen/mocs_compilation.cpp.obj
[609/1111] Building CXX object CMakeFiles/TestBatchOcrSkipText.dir/tests/TestBatchOcrSkipText.cpp.obj
[610/1111] Building CXX object CMakeFiles/TestBatesCrossDoc.dir/TestBatesCrossDoc_autogen/mocs_compilation.cpp.obj
[611/1111] Building CXX object CMakeFiles/TestOcrPreprocessPrefs.dir/tests/TestOcrPreprocessPrefs.cpp.obj
[612/1111] Building CXX object CMakeFiles/TestOpenRouting.dir/TestOpenRouting_autogen/mocs_compilation.cpp.obj
[613/1111] Building CXX object CMakeFiles/TestBatesCrossDoc.dir/tests/TestBatesCrossDoc.cpp.obj
[614/1111] Building CXX object CMakeFiles/TestOpenRouting.dir/tests/TestOpenRouting.cpp.obj
[615/1111] Building CXX object CMakeFiles/TestExcisionCorruption.dir/TestExcisionCorruption_autogen/mocs_compilation.cpp.obj
[616/1111] Building CXX object CMakeFiles/TestBatchOpsCoverage.dir/TestBatchOpsCoverage_autogen/mocs_compilation.cpp.obj
[617/1111] Building CXX object CMakeFiles/TestExcisionCorruption.dir/tests/TestExcisionCorruption.cpp.obj
[618/1111] Building CXX object CMakeFiles/TestPdfACidSetSafety.dir/TestPdfACidSetSafety_autogen/mocs_compilation.cpp.obj
[619/1111] Building CXX object CMakeFiles/TestBatchOpsCoverage.dir/tests/TestBatchOpsCoverage.cpp.obj
[620/1111] Building CXX object CMakeFiles/TestReadingOrderThreshold.dir/TestReadingOrderThreshold_autogen/mocs_compilation.cpp.obj
[621/1111] Building CXX object CMakeFiles/TestPdfACidSetSafety.dir/tests/TestPdfACidSetSafety.cpp.obj
[622/1111] Building CXX object CMakeFiles/TestReadingOrderMcid.dir/TestReadingOrderMcid_autogen/mocs_compilation.cpp.obj
[623/1111] Building CXX object CMakeFiles/TestReadingOrderThreshold.dir/tests/TestReadingOrderThreshold.cpp.obj
[624/1111] Building CXX object CMakeFiles/TestReadingOrderDepthCap.dir/TestReadingOrderDepthCap_autogen/mocs_compilation.cpp.obj
[625/1111] Building CXX object CMakeFiles/TestReadingOrderMcid.dir/tests/TestReadingOrderMcid.cpp.obj
[626/1111] Building CXX object CMakeFiles/TestLinkBookmarkRoundTrip.dir/TestLinkBookmarkRoundTrip_autogen/mocs_compilation.cpp.obj
[627/1111] Building CXX object CMakeFiles/TestReadingOrderDepthCap.dir/tests/TestReadingOrderDepthCap.cpp.obj
[628/1111] Building CXX object CMakeFiles/TestSignatureSessionCache.dir/TestSignatureSessionCache_autogen/mocs_compilation.cpp.obj
[629/1111] Building CXX object CMakeFiles/TestLinkBookmarkRoundTrip.dir/tests/TestLinkBookmarkRoundTrip.cpp.obj
[630/1111] Building CXX object CMakeFiles/TestCapabilityRegistry.dir/TestCapabilityRegistry_autogen/mocs_compilation.cpp.obj
[631/1111] Building CXX object CMakeFiles/TestSignatureSessionCache.dir/tests/TestSignatureSessionCache.cpp.obj
[632/1111] Building CXX object CMakeFiles/TestXfaHonestyBanner.dir/TestXfaHonestyBanner_autogen/mocs_compilation.cpp.obj
[633/1111] Building CXX object CMakeFiles/TestCapabilityRegistry.dir/tests/TestCapabilityRegistry.cpp.obj
[634/1111] Building CXX object CMakeFiles/TestTaskNavRegistry.dir/TestTaskNavRegistry_autogen/mocs_compilation.cpp.obj
[635/1111] Building CXX object CMakeFiles/TestXfaHonestyBanner.dir/tests/TestXfaHonestyBanner.cpp.obj
[636/1111] Building CXX object CMakeFiles/TestScreenStateSync.dir/TestScreenStateSync_autogen/mocs_compilation.cpp.obj
[637/1111] Building CXX object CMakeFiles/TestTaskNavRegistry.dir/tests/TestTaskNavRegistry.cpp.obj
[638/1111] Building CXX object CMakeFiles/TestRibbonCollapse.dir/TestRibbonCollapse_autogen/mocs_compilation.cpp.obj
[639/1111] Building CXX object CMakeFiles/TestScreenStateSync.dir/tests/TestScreenStateSync.cpp.obj
[640/1111] Building CXX object CMakeFiles/TestModeStripPins.dir/TestModeStripPins_autogen/mocs_compilation.cpp.obj
[641/1111] Building CXX object CMakeFiles/TestRibbonCollapse.dir/tests/TestRibbonCollapse.cpp.obj
[642/1111] Building CXX object CMakeFiles/TestStatusBarSlim.dir/TestStatusBarSlim_autogen/mocs_compilation.cpp.obj
[643/1111] Building CXX object CMakeFiles/TestModeStripPins.dir/tests/TestModeStripPins.cpp.obj
[644/1111] Building CXX object CMakeFiles/TestCommentsReview.dir/TestCommentsReview_autogen/mocs_compilation.cpp.obj
[645/1111] Building CXX object CMakeFiles/TestStatusBarSlim.dir/tests/TestStatusBarSlim.cpp.obj
[646/1111] Building CXX object CMakeFiles/TestWelcomeLayout.dir/TestWelcomeLayout_autogen/mocs_compilation.cpp.obj
[647/1111] Building CXX object CMakeFiles/TestCommentsReview.dir/tests/TestCommentsReview.cpp.obj
[648/1111] Building CXX object CMakeFiles/TestSignatureBadges.dir/TestSignatureBadges_autogen/mocs_compilation.cpp.obj
[649/1111] Building CXX object CMakeFiles/TestWelcomeLayout.dir/tests/TestWelcomeLayout.cpp.obj
[650/1111] Building CXX object CMakeFiles/TestBatchOcrConfidence.dir/TestBatchOcrConfidence_autogen/mocs_compilation.cpp.obj
[651/1111] Building CXX object CMakeFiles/TestSignatureBadges.dir/tests/TestSignatureBadges.cpp.obj
[652/1111] Building CXX object CMakeFiles/TestInspector.dir/TestInspector_autogen/mocs_compilation.cpp.obj
[653/1111] Building CXX object CMakeFiles/TestBatchOcrConfidence.dir/tests/TestBatchOcrConfidence.cpp.obj
[654/1111] Building CXX object CMakeFiles/TestPatternRedact.dir/TestPatternRedact_autogen/mocs_compilation.cpp.obj
[655/1111] Building CXX object CMakeFiles/TestInspector.dir/tests/TestInspector.cpp.obj
[656/1111] Building CXX object CMakeFiles/TestFindReplace.dir/TestFindReplace_autogen/mocs_compilation.cpp.obj
[657/1111] Building CXX object CMakeFiles/TestPatternRedact.dir/tests/TestPatternRedact.cpp.obj
[658/1111] Building CXX object CMakeFiles/TestFindReplace.dir/tests/TestFindReplace.cpp.obj
[659/1111] Building CXX object CMakeFiles/TestReviewSummary.dir/TestReviewSummary_autogen/mocs_compilation.cpp.obj
[660/1111] Building CXX object CMakeFiles/TestFindReplace.dir/src/app/Bootstrapper.cpp.obj
[661/1111] Building CXX object CMakeFiles/TestPrintableSummary.dir/TestPrintableSummary_autogen/mocs_compilation.cpp.obj
[662/1111] Building CXX object CMakeFiles/TestReviewSummary.dir/tests/TestReviewSummary.cpp.obj
[663/1111] Building CXX object CMakeFiles/TestDynamicStamps.dir/TestDynamicStamps_autogen/mocs_compilation.cpp.obj
[664/1111] Building CXX object CMakeFiles/TestPrintableSummary.dir/tests/TestPrintableSummary.cpp.obj
[665/1111] Building CXX object CMakeFiles/TestStampImageImport.dir/TestStampImageImport_autogen/mocs_compilation.cpp.obj
[666/1111] Building CXX object CMakeFiles/TestDynamicStamps.dir/tests/TestDynamicStamps.cpp.obj
D:/pdf/pdf-7z26/tests/TestDynamicStamps.cpp: In member function 'void TestDynamicStamps::customStampsPersistAndReload()':
D:/pdf/pdf-7z26/tests/TestDynamicStamps.cpp:105:22: warning: missing initializer for member 'StampTemplate::imagePath' [-Wmissing-field-initializers]
  105 |         stamps.append({ QStringLiteral("custom:abc"), QStringLiteral("Escrow Release"),
      |         ~~~~~~~~~~~~~^~~~~~~~~~~~~~~~~~~~~~~~~~~~~~~~~~~~~~~~~~~~~~~~~~~~~~~~~~~~~~~~~~
  106 |                         QStringLiteral("Escrow | ${author} | ${date}"), QColor(0x00, 0x66, 0x00) });
      |                         ~~~~~~~~~~~~~~~~~~~~~~~~~~~~~~~~~~~~~~~~~~~~~~~~~~~~~~~~~~~~~~~~~~~~~~~~~~~
D:/pdf/pdf-7z26/tests/TestDynamicStamps.cpp:107:22: warning: missing initializer for member 'StampTemplate::imagePath' [-Wmissing-field-initializers]
  107 |         stamps.append({ QStringLiteral("custom:def"), QStringLiteral("Paid"),
      |         ~~~~~~~~~~~~~^~~~~~~~~~~~~~~~~~~~~~~~~~~~~~~~~~~~~~~~~~~~~~~~~~~~~~~~
  108 |                         QStringLiteral("PAID ${datetime}"), QColor(0x66, 0x00, 0x00) });
      |                         ~~~~~~~~~~~~~~~~~~~~~~~~~~~~~~~~~~~~~~~~~~~~~~~~~~~~~~~~~~~~~~~
[667/1111] Building CXX object CMakeFiles/TestAutoBookmarks.dir/TestAutoBookmarks_autogen/mocs_compilation.cpp.obj
[668/1111] Building CXX object CMakeFiles/TestStampImageImport.dir/tests/TestStampImageImport.cpp.obj
[669/1111] Building CXX object CMakeFiles/TestAutoBookmarks.dir/src/app/Bootstrapper.cpp.obj
[670/1111] Building CXX object CMakeFiles/TestDjotRoundtrip.dir/TestDjotRoundtrip_autogen/mocs_compilation.cpp.obj
[671/1111] Building CXX object CMakeFiles/TestAutoBookmarks.dir/tests/TestAutoBookmarks.cpp.obj
[672/1111] Building CXX object CMakeFiles/TestDjotFuzz.dir/TestDjotFuzz_autogen/mocs_compilation.cpp.obj
[673/1111] Building CXX object CMakeFiles/TestDjotRoundtrip.dir/tests/TestDjotRoundtrip.cpp.obj
[674/1111] Building CXX object CMakeFiles/TestUpdateChecker.dir/TestUpdateChecker_autogen/mocs_compilation.cpp.obj
[675/1111] Building CXX object CMakeFiles/TestDjotFuzz.dir/tests/TestDjotFuzz.cpp.obj
[676/1111] Building CXX object CMakeFiles/TestUpdateChecker.dir/tests/TestUpdateChecker.cpp.obj
[677/1111] Building CXX object CMakeFiles/TestUpdateChecker.dir/src/core/UpdateChecker.cpp.obj
[678/1111] Building CXX object CMakeFiles/TestWatermarkFont.dir/TestWatermarkFont_autogen/mocs_compilation.cpp.obj
[679/1111] Building CXX object CMakeFiles/TestUpdateChecker.dir/src/core/TempFileManager.cpp.obj
[680/1111] Building CXX object CMakeFiles/TestOcrLanguage.dir/TestOcrLanguage_autogen/mocs_compilation.cpp.obj
[681/1111] Building CXX object CMakeFiles/TestWatermarkFont.dir/tests/TestWatermarkFont.cpp.obj
[682/1111] Building CXX object CMakeFiles/TestRedactClearMarks.dir/TestRedactClearMarks_autogen/mocs_compilation.cpp.obj
[683/1111] Building CXX object CMakeFiles/TestOcrLanguage.dir/tests/TestOcrLanguage.cpp.obj
[684/1111] Building CXX object CMakeFiles/TestLinkSchemeSafety.dir/TestLinkSchemeSafety_autogen/mocs_compilation.cpp.obj
[685/1111] Building CXX object CMakeFiles/TestRedactClearMarks.dir/tests/TestRedactClearMarks.cpp.obj
[686/1111] Building CXX object CMakeFiles/TestThumbnailZoom.dir/TestThumbnailZoom_autogen/mocs_compilation.cpp.obj
[687/1111] Building CXX object CMakeFiles/TestLinkSchemeSafety.dir/tests/TestLinkSchemeSafety.cpp.obj
[688/1111] Building CXX object CMakeFiles/TestThumbnailOffGui.dir/TestThumbnailOffGui_autogen/mocs_compilation.cpp.obj
[689/1111] Building CXX object CMakeFiles/TestThumbnailZoom.dir/tests/TestThumbnailZoom.cpp.obj
[690/1111] Building CXX object CMakeFiles/TestMergeSuccess.dir/TestMergeSuccess_autogen/mocs_compilation.cpp.obj
[691/1111] Building CXX object CMakeFiles/TestThumbnailOffGui.dir/tests/TestThumbnailOffGui.cpp.obj
[692/1111] Building CXX object CMakeFiles/TestFillFormLock.dir/TestFillFormLock_autogen/mocs_compilation.cpp.obj
[693/1111] Building CXX object CMakeFiles/TestMergeSuccess.dir/tests/TestMergeSuccess.cpp.obj
[694/1111] Building CXX object CMakeFiles/TestFillFormNoOp.dir/TestFillFormNoOp_autogen/mocs_compilation.cpp.obj
[695/1111] Building CXX object CMakeFiles/TestFillFormLock.dir/tests/TestFillFormLock.cpp.obj
[696/1111] Building CXX object CMakeFiles/TestReadingOrderInheritance.dir/TestReadingOrderInheritance_autogen/mocs_compilation.cpp.obj
[697/1111] Building CXX object CMakeFiles/TestFillFormNoOp.dir/tests/TestFillFormNoOp.cpp.obj
[698/1111] Building CXX object CMakeFiles/TestShapeInkPersistence.dir/TestShapeInkPersistence_autogen/mocs_compilation.cpp.obj
[699/1111] Building CXX object CMakeFiles/TestReadingOrderInheritance.dir/tests/TestReadingOrderInheritance.cpp.obj
[700/1111] Building CXX object CMakeFiles/TestQuadPointsMarkup.dir/TestQuadPointsMarkup_autogen/mocs_compilation.cpp.obj
[701/1111] Building CXX object CMakeFiles/TestShapeInkPersistence.dir/tests/TestShapeInkPersistence.cpp.obj
[702/1111] Building CXX object CMakeFiles/TestMeasurePanelHonesty.dir/TestMeasurePanelHonesty_autogen/mocs_compilation.cpp.obj
[703/1111] Building CXX object CMakeFiles/TestQuadPointsMarkup.dir/tests/TestQuadPointsMarkup.cpp.obj
[704/1111] Building CXX object CMakeFiles/TestMeasureCore.dir/TestMeasureCore_autogen/mocs_compilation.cpp.obj
[705/1111] Building CXX object CMakeFiles/TestMeasurePanelHonesty.dir/tests/TestMeasurePanelHonesty.cpp.obj
D:/pdf/pdf-7z26/tests/TestMeasurePanelHonesty.cpp: In function 'void {anonymous}::layerClick(AnnotationLayer*, const QPointF&)':
D:/pdf/pdf-7z26/tests/TestMeasurePanelHonesty.cpp:36:53: warning: 'QMouseEvent::QMouseEvent(QEvent::Type, const QPointF&, Qt::MouseButton, Qt::MouseButtons, Qt::KeyboardModifiers, const QPointingDevice*)' is deprecated: Use another constructor [-Wdeprecated-declarations]
   36 |                       Qt::LeftButton, Qt::NoModifier);
      |                                                     ^
In file included from C:/msys64/ucrt64/include/qt6/QtGui/qtestsupport_gui.h:8,
                 from C:/msys64/ucrt64/include/qt6/QtTest/qtestsystem.h:11,
                 from C:/msys64/ucrt64/include/qt6/QtTest/qtest.h:270,
                 from C:/msys64/ucrt64/include/qt6/QtTest/QtTest:11,
                 from D:/pdf/pdf-7z26/tests/TestMeasurePanelHonesty.cpp:16:
C:/msys64/ucrt64/include/qt6/QtGui/qevent.h:202:5: note: declared here
  202 |     QMouseEvent(Type type, const QPointF &localPos, Qt::MouseButton button,
      |     ^~~~~~~~~~~
D:/pdf/pdf-7z26/tests/TestMeasurePanelHonesty.cpp:39:55: warning: 'QMouseEvent::QMouseEvent(QEvent::Type, const QPointF&, Qt::MouseButton, Qt::MouseButtons, Qt::KeyboardModifiers, const QPointingDevice*)' is deprecated: Use another constructor [-Wdeprecated-declarations]
   39 |                         Qt::LeftButton, Qt::NoModifier);
      |                                                       ^
C:/msys64/ucrt64/include/qt6/QtGui/qevent.h:202:5: note: declared here
  202 |     QMouseEvent(Type type, const QPointF &localPos, Qt::MouseButton button,
      |     ^~~~~~~~~~~
D:/pdf/pdf-7z26/tests/TestMeasurePanelHonesty.cpp: In function 'void {anonymous}::layerDoubleClick(AnnotationLayer*, const QPointF&)':
D:/pdf/pdf-7z26/tests/TestMeasurePanelHonesty.cpp:47:51: warning: 'QMouseEvent::QMouseEvent(QEvent::Type, const QPointF&, Qt::MouseButton, Qt::MouseButtons, Qt::KeyboardModifiers, const QPointingDevice*)' is deprecated: Use another constructor [-Wdeprecated-declarations]
   47 |                     Qt::LeftButton, Qt::NoModifier);
      |                                                   ^
C:/msys64/ucrt64/include/qt6/QtGui/qevent.h:202:5: note: declared here
  202 |     QMouseEvent(Type type, const QPointF &localPos, Qt::MouseButton button,
      |     ^~~~~~~~~~~
D:/pdf/pdf-7z26/tests/TestMeasurePanelHonesty.cpp:50:55: warning: 'QMouseEvent::QMouseEvent(QEvent::Type, const QPointF&, Qt::MouseButton, Qt::MouseButtons, Qt::KeyboardModifiers, const QPointingDevice*)' is deprecated: Use another constructor [-Wdeprecated-declarations]
   50 |                         Qt::LeftButton, Qt::NoModifier);
      |                                                       ^
C:/msys64/ucrt64/include/qt6/QtGui/qevent.h:202:5: note: declared here
  202 |     QMouseEvent(Type type, const QPointF &localPos, Qt::MouseButton button,
      |     ^~~~~~~~~~~
[706/1111] Building CXX object CMakeFiles/TestMeasureRoundTrip.dir/TestMeasureRoundTrip_autogen/mocs_compilation.cpp.obj
[707/1111] Building CXX object CMakeFiles/TestMeasureCore.dir/tests/TestMeasureCore.cpp.obj
[708/1111] Building CXX object CMakeFiles/TestLegacyOriginSpace.dir/TestLegacyOriginSpace_autogen/mocs_compilation.cpp.obj
[709/1111] Building CXX object CMakeFiles/TestMeasureRoundTrip.dir/tests/TestMeasureRoundTrip.cpp.obj
[710/1111] Building CXX object CMakeFiles/TestMeasureCsvExport.dir/TestMeasureCsvExport_autogen/mocs_compilation.cpp.obj
[711/1111] Building CXX object CMakeFiles/TestLegacyOriginSpace.dir/tests/TestLegacyOriginSpace.cpp.obj
D:/pdf/pdf-7z26/tests/TestLegacyOriginSpace.cpp: In function 'constexpr bool {anonymous}::rectClose(const QRectF&, const QRectF&)':
D:/pdf/pdf-7z26/tests/TestLegacyOriginSpace.cpp:59:21: warning: call to non-'constexpr' function 'double fabs(double)' [-Winvalid-constexpr]
   59 |     return std::fabs(a.x() - b.x()) < 0.01 && std::fabs(a.y() - b.y()) < 0.01
      |            ~~~~~~~~~^~~~~~~~~~~~~~~
In file included from D:/pdf/msys64/ucrt64/include/c++/16.1.0/cmath:55,
                 from C:/msys64/ucrt64/include/qt6/QtCore/qnumeric.h:19,
                 from C:/msys64/ucrt64/include/qt6/QtCore/qglobal.h:60,
                 from C:/msys64/ucrt64/include/qt6/QtCore/QtCore:4,
                 from C:/msys64/ucrt64/include/qt6/QtTest/QtTestDepends:3,
                 from C:/msys64/ucrt64/include/qt6/QtTest/QtTest:3,
                 from D:/pdf/pdf-7z26/tests/TestLegacyOriginSpace.cpp:27:
D:/pdf/msys64/ucrt64/include/math.h:229:31: note: 'double fabs(double)' declared here
  229 |   __CRT_INLINE double __cdecl fabs (double x)
      |                               ^~~~
[712/1111] Building CXX object CMakeFiles/TestCompressStripSanitize.dir/TestCompressStripSanitize_autogen/mocs_compilation.cpp.obj
[713/1111] Building CXX object CMakeFiles/TestMeasureCsvExport.dir/tests/TestMeasureCsvExport.cpp.obj
[714/1111] Building CXX object CMakeFiles/TestCompressDialogHonesty.dir/TestCompressDialogHonesty_autogen/mocs_compilation.cpp.obj
[715/1111] Building CXX object CMakeFiles/TestCompressStripSanitize.dir/tests/TestCompressStripSanitize.cpp.obj
[716/1111] Building CXX object CMakeFiles/TestFieldMetadata.dir/TestFieldMetadata_autogen/mocs_compilation.cpp.obj
[717/1111] Building CXX object CMakeFiles/TestCompressDialogHonesty.dir/tests/TestCompressDialogHonesty.cpp.obj
[718/1111] Building CXX object CMakeFiles/TestFormSafety.dir/TestFormSafety_autogen/mocs_compilation.cpp.obj
[719/1111] Building CXX object CMakeFiles/TestFieldMetadata.dir/tests/TestFieldMetadata.cpp.obj
[720/1111] Building CXX object CMakeFiles/TestFormJsCalc.dir/TestFormJsCalc_autogen/mocs_compilation.cpp.obj
[721/1111] Building CXX object CMakeFiles/TestFormSafety.dir/tests/TestFormSafety.cpp.obj
[722/1111] Building CXX object CMakeFiles/TestFormJsAdversarial.dir/TestFormJsAdversarial_autogen/mocs_compilation.cpp.obj
[723/1111] Building CXX object CMakeFiles/TestFormJsCalc.dir/tests/TestFormJsCalc.cpp.obj
D:/pdf/pdf-7z26/tests/TestFormJsCalc.cpp: In member function 'QString TestFormJsCalc::makeOrderForm(const QString&)':
D:/pdf/pdf-7z26/tests/TestFormJsCalc.cpp:281:27: warning: missing initializer for member '{anonymous}::FieldSpec::validateScript' [-Wmissing-field-initializers]
  281 |         return makeFormPdf(name,
      |                ~~~~~~~~~~~^~~~~~
  282 |         {
      |         ~                  
  283 |             { QStringLiteral("qty1"), {}, {}, {} },
      |             ~~~~~~~~~~~~~~~~~~~~~~~~~~~~~~~~~~~~~~~
  284 |             { QStringLiteral("price1"), {}, {}, {} },
      |             ~~~~~~~~~~~~~~~~~~~~~~~~~~~~~~~~~~~~~~~~~
  285 |             { QStringLiteral("qty2"), {}, {}, {} },
      |             ~~~~~~~~~~~~~~~~~~~~~~~~~~~~~~~~~~~~~~~
  286 |             { QStringLiteral("price2"), {}, {}, {} },
      |             ~~~~~~~~~~~~~~~~~~~~~~~~~~~~~~~~~~~~~~~~~
  287 |             { QStringLiteral("line1"),
      |             ~~~~~~~~~~~~~~~~~~~~~~~~~~
  288 |               QStringLiteral("AFSimple_Calculate('PROD', new Array('qty1','price1'));"), {}, {} },
      |               ~~~~~~~~~~~~~~~~~~~~~~~~~~~~~~~~~~~~~~~~~~~~~~~~~~~~~~~~~~~~~~~~~~~~~~~~~~~~~~~~~~~~
  289 |             { QStringLiteral("line2"),
      |             ~~~~~~~~~~~~~~~~~~~~~~~~~~
  290 |               QStringLiteral("AFSimple_Calculate('PROD', new Array('qty2','price2'));"), {}, {} },
      |               ~~~~~~~~~~~~~~~~~~~~~~~~~~~~~~~~~~~~~~~~~~~~~~~~~~~~~~~~~~~~~~~~~~~~~~~~~~~~~~~~~~~~
  291 |             { QStringLiteral("total"),
      |             ~~~~~~~~~~~~~~~~~~~~~~~~~~
  292 |               QStringLiteral("AFSimple_Calculate('SUM', new Array('line1','line2'));"),
      |               ~~~~~~~~~~~~~~~~~~~~~~~~~~~~~~~~~~~~~~~~~~~~~~~~~~~~~~~~~~~~~~~~~~~~~~~~~
  293 |               QStringLiteral("AFNumber_Format(2, 0, 0, 0, \"$\", true);"), {} },
      |               ~~~~~~~~~~~~~~~~~~~~~~~~~~~~~~~~~~~~~~~~~~~~~~~~~~~~~~~~~~~~~~~~~~
  294 |         },
      |         ~~                 
  295 |         { QStringLiteral("line1"), QStringLiteral("line2"), QStringLiteral("total") });
      |         ~~~~~~~~~~~~~~~~~~~~~~~~~~~~~~~~~~~~~~~~~~~~~~~~~~~~~~~~~~~~~~~~~~~~~~~~~~~~~~
D:/pdf/pdf-7z26/tests/TestFormJsCalc.cpp:281:27: warning: missing initializer for member '{anonymous}::FieldSpec::keystrokeScript' [-Wmissing-field-initializers]
D:/pdf/pdf-7z26/tests/TestFormJsCalc.cpp:281:27: warning: missing initializer for member '{anonymous}::FieldSpec::validateScript' [-Wmissing-field-initializers]
D:/pdf/pdf-7z26/tests/TestFormJsCalc.cpp:281:27: warning: missing initializer for member '{anonymous}::FieldSpec::keystrokeScript' [-Wmissing-field-initializers]
D:/pdf/pdf-7z26/tests/TestFormJsCalc.cpp:281:27: warning: missing initializer for member '{anonymous}::FieldSpec::validateScript' [-Wmissing-field-initializers]
D:/pdf/pdf-7z26/tests/TestFormJsCalc.cpp:281:27: warning: missing initializer for member '{anonymous}::FieldSpec::keystrokeScript' [-Wmissing-field-initializers]
D:/pdf/pdf-7z26/tests/TestFormJsCalc.cpp:281:27: warning: missing initializer for member '{anonymous}::FieldSpec::validateScript' [-Wmissing-field-initializers]
D:/pdf/pdf-7z26/tests/TestFormJsCalc.cpp:281:27: warning: missing initializer for member '{anonymous}::FieldSpec::keystrokeScript' [-Wmissing-field-initializers]
D:/pdf/pdf-7z26/tests/TestFormJsCalc.cpp:281:27: warning: missing initializer for member '{anonymous}::FieldSpec::validateScript' [-Wmissing-field-initializers]
D:/pdf/pdf-7z26/tests/TestFormJsCalc.cpp:281:27: warning: missing initializer for member '{anonymous}::FieldSpec::keystrokeScript' [-Wmissing-field-initializers]
D:/pdf/pdf-7z26/tests/TestFormJsCalc.cpp:281:27: warning: missing initializer for member '{anonymous}::FieldSpec::validateScript' [-Wmissing-field-initializers]
D:/pdf/pdf-7z26/tests/TestFormJsCalc.cpp:281:27: warning: missing initializer for member '{anonymous}::FieldSpec::keystrokeScript' [-Wmissing-field-initializers]
D:/pdf/pdf-7z26/tests/TestFormJsCalc.cpp:281:27: warning: missing initializer for member '{anonymous}::FieldSpec::validateScript' [-Wmissing-field-initializers]
D:/pdf/pdf-7z26/tests/TestFormJsCalc.cpp:281:27: warning: missing initializer for member '{anonymous}::FieldSpec::keystrokeScript' [-Wmissing-field-initializers]
D:/pdf/pdf-7z26/tests/TestFormJsCalc.cpp: In member function 'void TestFormJsCalc::endEventTimeoutKeepsValueAndDisclosesSkipped()':
D:/pdf/pdf-7z26/tests/TestFormJsCalc.cpp:936:37: warning: missing initializer for member '{anonymous}::FieldSpec::validateScript' [-Wmissing-field-initializers]
  936 |     const QString form = makeFormPdf(QStringLiteral("order-endhook.pdf"),
      |                          ~~~~~~~~~~~^~~~~~~~~~~~~~~~~~~~~~~~~~~~~~~~~~~~~
  937 |     {
      |     ~                                
  938 |         { QStringLiteral("qty1"), {}, {}, {} },
      |         ~~~~~~~~~~~~~~~~~~~~~~~~~~~~~~~~~~~~~~~
  939 |         { QStringLiteral("blocker"),
      |         ~~~~~~~~~~~~~~~~~~~~~~~~~~~~ 
  940 |           QStringLiteral("globalThis.__gpEndEvent = function () { while (true) {} }; event.value = 'x';"), {}, {} },
      |           ~~~~~~~~~~~~~~~~~~~~~~~~~~~~~~~~~~~~~~~~~~~~~~~~~~~~~~~~~~~~~~~~~~~~~~~~~~~~~~~~~~~~~~~~~~~~~~~~~~~~~~~~~~
  941 |         { QStringLiteral("total"),
      |         ~~~~~~~~~~~~~~~~~~~~~~~~~~   
  942 |           QStringLiteral("AFSimple_Calculate('SUM', new Array('qty1'));"), {}, QStringLiteral("0") },
      |           ~~~~~~~~~~~~~~~~~~~~~~~~~~~~~~~~~~~~~~~~~~~~~~~~~~~~~~~~~~~~~~~~~~~~~~~~~~~~~~~~~~~~~~~~~~~
  943 |     },
      |     ~~                               
  944 |     { QStringLiteral("blocker"), QStringLiteral("total") });
      |     ~~~~~~~~~~~~~~~~~~~~~~~~~~~~~~~~~~~~~~~~~~~~~~~~~~~~~~~
D:/pdf/pdf-7z26/tests/TestFormJsCalc.cpp:936:37: warning: missing initializer for member '{anonymous}::FieldSpec::keystrokeScript' [-Wmissing-field-initializers]
D:/pdf/pdf-7z26/tests/TestFormJsCalc.cpp:936:37: warning: missing initializer for member '{anonymous}::FieldSpec::validateScript' [-Wmissing-field-initializers]
D:/pdf/pdf-7z26/tests/TestFormJsCalc.cpp:936:37: warning: missing initializer for member '{anonymous}::FieldSpec::keystrokeScript' [-Wmissing-field-initializers]
D:/pdf/pdf-7z26/tests/TestFormJsCalc.cpp:936:37: warning: missing initializer for member '{anonymous}::FieldSpec::validateScript' [-Wmissing-field-initializers]
D:/pdf/pdf-7z26/tests/TestFormJsCalc.cpp:936:37: warning: missing initializer for member '{anonymous}::FieldSpec::keystrokeScript' [-Wmissing-field-initializers]
D:/pdf/pdf-7z26/tests/TestFormJsCalc.cpp: In member function 'void TestFormJsCalc::syntaxErrorKeepsCommittedValueAndOthersCalculate()':
D:/pdf/pdf-7z26/tests/TestFormJsCalc.cpp:1051:37: warning: missing initializer for member '{anonymous}::FieldSpec::validateScript' [-Wmissing-field-initializers]
 1051 |     const QString form = makeFormPdf(QStringLiteral("order-syntax.pdf"),
      |                          ~~~~~~~~~~~^~~~~~~~~~~~~~~~~~~~~~~~~~~~~~~~~~~~
 1052 |     {
      |     ~                                
 1053 |         { QStringLiteral("qty1"), {}, {}, {} },
      |         ~~~~~~~~~~~~~~~~~~~~~~~~~~~~~~~~~~~~~~~
 1054 |         { QStringLiteral("price1"), {}, {}, {} },
      |         ~~~~~~~~~~~~~~~~~~~~~~~~~~~~~~~~~~~~~~~~~
 1055 |         { QStringLiteral("qty2"), {}, {}, {} },
      |         ~~~~~~~~~~~~~~~~~~~~~~~~~~~~~~~~~~~~~~~
 1056 |         { QStringLiteral("price2"), {}, {}, {} },
      |         ~~~~~~~~~~~~~~~~~~~~~~~~~~~~~~~~~~~~~~~~~
 1057 |         { QStringLiteral("line1"), QStringLiteral("AFSimple_Calculate('PROD'"), {}, {} }, // syntax error
      |         ~~~~~~~~~~~~~~~~~~~~~~~~~~~~~~~~~~~~~~~~~~~~~~~~~~~~~~~~~~~~~~~~~~~~~~~~~~~~~~~~~~~~~~~~~~~~~~~~~
 1058 |         { QStringLiteral("line2"),
      |         ~~~~~~~~~~~~~~~~~~~~~~~~~~   
 1059 |           QStringLiteral("AFSimple_Calculate('PROD', new Array('qty2','price2'));"), {}, {} },
      |           ~~~~~~~~~~~~~~~~~~~~~~~~~~~~~~~~~~~~~~~~~~~~~~~~~~~~~~~~~~~~~~~~~~~~~~~~~~~~~~~~~~~~
 1060 |         { QStringLiteral("total"),
      |         ~~~~~~~~~~~~~~~~~~~~~~~~~~   
 1061 |           QStringLiteral("AFSimple_Calculate('SUM', new Array('line1','line2'));"), {}, {} },
      |           ~~~~~~~~~~~~~~~~~~~~~~~~~~~~~~~~~~~~~~~~~~~~~~~~~~~~~~~~~~~~~~~~~~~~~~~~~~~~~~~~~~~
 1062 |     },
      |     ~~                               
 1063 |     { QStringLiteral("line1"), QStringLiteral("line2"), QStringLiteral("total") });
      |     ~~~~~~~~~~~~~~~~~~~~~~~~~~~~~~~~~~~~~~~~~~~~~~~~~~~~~~~~~~~~~~~~~~~~~~~~~~~~~~
D:/pdf/pdf-7z26/tests/TestFormJsCalc.cpp:1051:37: warning: missing initializer for member '{anonymous}::FieldSpec::keystrokeScript' [-Wmissing-field-initializers]
D:/pdf/pdf-7z26/tests/TestFormJsCalc.cpp:1051:37: warning: missing initializer for member '{anonymous}::FieldSpec::validateScript' [-Wmissing-field-initializers]
D:/pdf/pdf-7z26/tests/TestFormJsCalc.cpp:1051:37: warning: missing initializer for member '{anonymous}::FieldSpec::keystrokeScript' [-Wmissing-field-initializers]
D:/pdf/pdf-7z26/tests/TestFormJsCalc.cpp:1051:37: warning: missing initializer for member '{anonymous}::FieldSpec::validateScript' [-Wmissing-field-initializers]
D:/pdf/pdf-7z26/tests/TestFormJsCalc.cpp:1051:37: warning: missing initializer for member '{anonymous}::FieldSpec::keystrokeScript' [-Wmissing-field-initializers]
D:/pdf/pdf-7z26/tests/TestFormJsCalc.cpp:1051:37: warning: missing initializer for member '{anonymous}::FieldSpec::validateScript' [-Wmissing-field-initializers]
D:/pdf/pdf-7z26/tests/TestFormJsCalc.cpp:1051:37: warning: missing initializer for member '{anonymous}::FieldSpec::keystrokeScript' [-Wmissing-field-initializers]
D:/pdf/pdf-7z26/tests/TestFormJsCalc.cpp:1051:37: warning: missing initializer for member '{anonymous}::FieldSpec::validateScript' [-Wmissing-field-initializers]
D:/pdf/pdf-7z26/tests/TestFormJsCalc.cpp:1051:37: warning: missing initializer for member '{anonymous}::FieldSpec::keystrokeScript' [-Wmissing-field-initializers]
D:/pdf/pdf-7z26/tests/TestFormJsCalc.cpp:1051:37: warning: missing initializer for member '{anonymous}::FieldSpec::validateScript' [-Wmissing-field-initializers]
D:/pdf/pdf-7z26/tests/TestFormJsCalc.cpp:1051:37: warning: missing initializer for member '{anonymous}::FieldSpec::keystrokeScript' [-Wmissing-field-initializers]
D:/pdf/pdf-7z26/tests/TestFormJsCalc.cpp:1051:37: warning: missing initializer for member '{anonymous}::FieldSpec::validateScript' [-Wmissing-field-initializers]
D:/pdf/pdf-7z26/tests/TestFormJsCalc.cpp:1051:37: warning: missing initializer for member '{anonymous}::FieldSpec::keystrokeScript' [-Wmissing-field-initializers]
D:/pdf/pdf-7z26/tests/TestFormJsCalc.cpp: In member function 'void TestFormJsCalc::infiniteLoopKeepsValueAndSaveProceeds()':
D:/pdf/pdf-7z26/tests/TestFormJsCalc.cpp:1088:37: warning: missing initializer for member '{anonymous}::FieldSpec::validateScript' [-Wmissing-field-initializers]
 1088 |     const QString form = makeFormPdf(QStringLiteral("order-loop.pdf"),
      |                          ~~~~~~~~~~~^~~~~~~~~~~~~~~~~~~~~~~~~~~~~~~~~~
 1089 |     {
      |     ~                                
 1090 |         { QStringLiteral("qty1"), {}, {}, {} },
      |         ~~~~~~~~~~~~~~~~~~~~~~~~~~~~~~~~~~~~~~~
 1091 |         { QStringLiteral("total"), QStringLiteral("while (true) {}"), {}, QStringLiteral("99") },
      |         ~~~~~~~~~~~~~~~~~~~~~~~~~~~~~~~~~~~~~~~~~~~~~~~~~~~~~~~~~~~~~~~~~~~~~~~~~~~~~~~~~~~~~~~~~
 1092 |     },
      |     ~~                               
 1093 |     { QStringLiteral("total") });
      |     ~~~~~~~~~~~~~~~~~~~~~~~~~~~~     
D:/pdf/pdf-7z26/tests/TestFormJsCalc.cpp:1088:37: warning: missing initializer for member '{anonymous}::FieldSpec::keystrokeScript' [-Wmissing-field-initializers]
D:/pdf/pdf-7z26/tests/TestFormJsCalc.cpp:1088:37: warning: missing initializer for member '{anonymous}::FieldSpec::validateScript' [-Wmissing-field-initializers]
D:/pdf/pdf-7z26/tests/TestFormJsCalc.cpp:1088:37: warning: missing initializer for member '{anonymous}::FieldSpec::keystrokeScript' [-Wmissing-field-initializers]
D:/pdf/pdf-7z26/tests/TestFormJsCalc.cpp: In member function 'void TestFormJsCalc::cyclicCalculationOrderTerminates()':
D:/pdf/pdf-7z26/tests/TestFormJsCalc.cpp:1120:37: warning: missing initializer for member '{anonymous}::FieldSpec::validateScript' [-Wmissing-field-initializers]
 1120 |     const QString form = makeFormPdf(QStringLiteral("cyclic-co.pdf"),
      |                          ~~~~~~~~~~~^~~~~~~~~~~~~~~~~~~~~~~~~~~~~~~~~
 1121 |     {
      |     ~                                
 1122 |         { QStringLiteral("a"), QStringLiteral("event.value = 1;"), {}, {} },
      |         ~~~~~~~~~~~~~~~~~~~~~~~~~~~~~~~~~~~~~~~~~~~~~~~~~~~~~~~~~~~~~~~~~~~~
 1123 |         { QStringLiteral("b"), QStringLiteral("AFSimple_Calculate('SUM', new Array('a'));"), {}, {} },
      |         ~~~~~~~~~~~~~~~~~~~~~~~~~~~~~~~~~~~~~~~~~~~~~~~~~~~~~~~~~~~~~~~~~~~~~~~~~~~~~~~~~~~~~~~~~~~~~~
 1124 |     },
      |     ~~                               
 1125 |     { QStringLiteral("a"), QStringLiteral("b"), QStringLiteral("a") }); // cycle
      |     ~~~~~~~~~~~~~~~~~~~~~~~~~~~~~~~~~~~~~~~~~~~~~~~~~~~~~~~~~~~~~~~~~~
D:/pdf/pdf-7z26/tests/TestFormJsCalc.cpp:1120:37: warning: missing initializer for member '{anonymous}::FieldSpec::keystrokeScript' [-Wmissing-field-initializers]
D:/pdf/pdf-7z26/tests/TestFormJsCalc.cpp:1120:37: warning: missing initializer for member '{anonymous}::FieldSpec::validateScript' [-Wmissing-field-initializers]
D:/pdf/pdf-7z26/tests/TestFormJsCalc.cpp:1120:37: warning: missing initializer for member '{anonymous}::FieldSpec::keystrokeScript' [-Wmissing-field-initializers]
D:/pdf/pdf-7z26/tests/TestFormJsCalc.cpp: In member function 'void TestFormJsCalc::dependentChainMidCascadeFailureIsFieldAttributedAndDownstreamComputesFromCommittedState()':
D:/pdf/pdf-7z26/tests/TestFormJsCalc.cpp:1290:37: warning: missing initializer for member '{anonymous}::FieldSpec::validateScript' [-Wmissing-field-initializers]
 1290 |     const QString form = makeFormPdf(QStringLiteral("chain-exception.pdf"),
      |                          ~~~~~~~~~~~^~~~~~~~~~~~~~~~~~~~~~~~~~~~~~~~~~~~~~~
 1291 |     {
      |     ~                                
 1292 |         { QStringLiteral("input"), {}, {}, {} },
      |         ~~~~~~~~~~~~~~~~~~~~~~~~~~~~~~~~~~~~~~~~
 1293 |         { QStringLiteral("a"), QStringLiteral("event.value = Number(this.getField('input').value);"), {}, {} },
      |         ~~~~~~~~~~~~~~~~~~~~~~~~~~~~~~~~~~~~~~~~~~~~~~~~~~~~~~~~~~~~~~~~~~~~~~~~~~~~~~~~~~~~~~~~~~~~~~~~~~~~~~~
 1294 |         { QStringLiteral("b"), QStringLiteral("throw new Error('boom');"), {}, QStringLiteral("7") },
      |         ~~~~~~~~~~~~~~~~~~~~~~~~~~~~~~~~~~~~~~~~~~~~~~~~~~~~~~~~~~~~~~~~~~~~~~~~~~~~~~~~~~~~~~~~~~~~~
 1295 |         { QStringLiteral("total"),
      |         ~~~~~~~~~~~~~~~~~~~~~~~~~~   
 1296 |           QStringLiteral("AFSimple_Calculate('SUM', new Array('a','b'));"), {}, QStringLiteral("0") },
      |           ~~~~~~~~~~~~~~~~~~~~~~~~~~~~~~~~~~~~~~~~~~~~~~~~~~~~~~~~~~~~~~~~~~~~~~~~~~~~~~~~~~~~~~~~~~~~
 1297 |     },
      |     ~~                               
 1298 |     { QStringLiteral("a"), QStringLiteral("b"), QStringLiteral("total") });
      |     ~~~~~~~~~~~~~~~~~~~~~~~~~~~~~~~~~~~~~~~~~~~~~~~~~~~~~~~~~~~~~~~~~~~~~~
D:/pdf/pdf-7z26/tests/TestFormJsCalc.cpp:1290:37: warning: missing initializer for member '{anonymous}::FieldSpec::keystrokeScript' [-Wmissing-field-initializers]
D:/pdf/pdf-7z26/tests/TestFormJsCalc.cpp:1290:37: warning: missing initializer for member '{anonymous}::FieldSpec::validateScript' [-Wmissing-field-initializers]
D:/pdf/pdf-7z26/tests/TestFormJsCalc.cpp:1290:37: warning: missing initializer for member '{anonymous}::FieldSpec::keystrokeScript' [-Wmissing-field-initializers]
D:/pdf/pdf-7z26/tests/TestFormJsCalc.cpp:1290:37: warning: missing initializer for member '{anonymous}::FieldSpec::validateScript' [-Wmissing-field-initializers]
D:/pdf/pdf-7z26/tests/TestFormJsCalc.cpp:1290:37: warning: missing initializer for member '{anonymous}::FieldSpec::keystrokeScript' [-Wmissing-field-initializers]
D:/pdf/pdf-7z26/tests/TestFormJsCalc.cpp:1290:37: warning: missing initializer for member '{anonymous}::FieldSpec::validateScript' [-Wmissing-field-initializers]
D:/pdf/pdf-7z26/tests/TestFormJsCalc.cpp:1290:37: warning: missing initializer for member '{anonymous}::FieldSpec::keystrokeScript' [-Wmissing-field-initializers]
D:/pdf/pdf-7z26/tests/TestFormJsCalc.cpp: In member function 'void TestFormJsCalc::dependentChainTimeoutAbortsMidCascadeAndDisclosesDownstreamStale()':
D:/pdf/pdf-7z26/tests/TestFormJsCalc.cpp:1333:37: warning: missing initializer for member '{anonymous}::FieldSpec::validateScript' [-Wmissing-field-initializers]
 1333 |     const QString form = makeFormPdf(QStringLiteral("chain-timeout.pdf"),
      |                          ~~~~~~~~~~~^~~~~~~~~~~~~~~~~~~~~~~~~~~~~~~~~~~~~
 1334 |     {
      |     ~                                
 1335 |         { QStringLiteral("input"), {}, {}, {} },
      |         ~~~~~~~~~~~~~~~~~~~~~~~~~~~~~~~~~~~~~~~~
 1336 |         { QStringLiteral("a"), QStringLiteral("event.value = Number(this.getField('input').value);"), {}, {} },
      |         ~~~~~~~~~~~~~~~~~~~~~~~~~~~~~~~~~~~~~~~~~~~~~~~~~~~~~~~~~~~~~~~~~~~~~~~~~~~~~~~~~~~~~~~~~~~~~~~~~~~~~~~
 1337 |         { QStringLiteral("b"),
      |         ~~~~~~~~~~~~~~~~~~~~~~       
 1338 |           QStringLiteral("while (true) {}"), {}, QStringLiteral("7") },
      |           ~~~~~~~~~~~~~~~~~~~~~~~~~~~~~~~~~~~~~~~~~~~~~~~~~~~~~~~~~~~~~
 1339 |         { QStringLiteral("total"),
      |         ~~~~~~~~~~~~~~~~~~~~~~~~~~   
 1340 |           QStringLiteral("AFSimple_Calculate('SUM', new Array('a','b'));"), {}, QStringLiteral("0") },
      |           ~~~~~~~~~~~~~~~~~~~~~~~~~~~~~~~~~~~~~~~~~~~~~~~~~~~~~~~~~~~~~~~~~~~~~~~~~~~~~~~~~~~~~~~~~~~~
 1341 |     },
      |     ~~                               
 1342 |     { QStringLiteral("a"), QStringLiteral("b"), QStringLiteral("total") });
      |     ~~~~~~~~~~~~~~~~~~~~~~~~~~~~~~~~~~~~~~~~~~~~~~~~~~~~~~~~~~~~~~~~~~~~~~
D:/pdf/pdf-7z26/tests/TestFormJsCalc.cpp:1333:37: warning: missing initializer for member '{anonymous}::FieldSpec::keystrokeScript' [-Wmissing-field-initializers]
D:/pdf/pdf-7z26/tests/TestFormJsCalc.cpp:1333:37: warning: missing initializer for member '{anonymous}::FieldSpec::validateScript' [-Wmissing-field-initializers]
D:/pdf/pdf-7z26/tests/TestFormJsCalc.cpp:1333:37: warning: missing initializer for member '{anonymous}::FieldSpec::keystrokeScript' [-Wmissing-field-initializers]
D:/pdf/pdf-7z26/tests/TestFormJsCalc.cpp:1333:37: warning: missing initializer for member '{anonymous}::FieldSpec::validateScript' [-Wmissing-field-initializers]
D:/pdf/pdf-7z26/tests/TestFormJsCalc.cpp:1333:37: warning: missing initializer for member '{anonymous}::FieldSpec::keystrokeScript' [-Wmissing-field-initializers]
D:/pdf/pdf-7z26/tests/TestFormJsCalc.cpp:1333:37: warning: missing initializer for member '{anonymous}::FieldSpec::validateScript' [-Wmissing-field-initializers]
D:/pdf/pdf-7z26/tests/TestFormJsCalc.cpp:1333:37: warning: missing initializer for member '{anonymous}::FieldSpec::keystrokeScript' [-Wmissing-field-initializers]
D:/pdf/pdf-7z26/tests/TestFormJsCalc.cpp: In member function 'void TestFormJsCalc::preCascadeEngineFailureNamesEveryCalculatedFieldStale()':
D:/pdf/pdf-7z26/tests/TestFormJsCalc.cpp:1377:37: warning: missing initializer for member '{anonymous}::FieldSpec::validateScript' [-Wmissing-field-initializers]
 1377 |     const QString form = makeFormPdf(QStringLiteral("chain-precascade.pdf"),
      |                          ~~~~~~~~~~~^~~~~~~~~~~~~~~~~~~~~~~~~~~~~~~~~~~~~~~~
 1378 |     {
      |     ~                                
 1379 |         big,
      |         ~~~~                         
 1380 |         { QStringLiteral("total"),
      |         ~~~~~~~~~~~~~~~~~~~~~~~~~~   
 1381 |           QStringLiteral("AFSimple_Calculate('SUM', new Array('big'));"), {}, QStringLiteral("0") },
      |           ~~~~~~~~~~~~~~~~~~~~~~~~~~~~~~~~~~~~~~~~~~~~~~~~~~~~~~~~~~~~~~~~~~~~~~~~~~~~~~~~~~~~~~~~~~
 1382 |     },
      |     ~~                               
 1383 |     { QStringLiteral("total") });
      |     ~~~~~~~~~~~~~~~~~~~~~~~~~~~~     
D:/pdf/pdf-7z26/tests/TestFormJsCalc.cpp:1377:37: warning: missing initializer for member '{anonymous}::FieldSpec::keystrokeScript' [-Wmissing-field-initializers]
D:/pdf/pdf-7z26/tests/TestFormJsCalc.cpp: In member function 'void TestFormJsCalc::validateRejectsBlockedValueKeepsPreviousAndDiscloses()':
D:/pdf/pdf-7z26/tests/TestFormJsCalc.cpp:1417:37: warning: missing initializer for member '{anonymous}::FieldSpec::keystrokeScript' [-Wmissing-field-initializers]
 1417 |     const QString form = makeFormPdf(QStringLiteral("validate-reject.pdf"),
      |                          ~~~~~~~~~~~^~~~~~~~~~~~~~~~~~~~~~~~~~~~~~~~~~~~~~~
 1418 |     {
      |     ~                                
 1419 |         { QStringLiteral("qty"), {}, {}, QStringLiteral("3"),
      |         ~~~~~~~~~~~~~~~~~~~~~~~~~~~~~~~~~~~~~~~~~~~~~~~~~~~~~
 1420 |           QStringLiteral("if (Number(event.value) > 10) { event.rc = false; }") },
      |           ~~~~~~~~~~~~~~~~~~~~~~~~~~~~~~~~~~~~~~~~~~~~~~~~~~~~~~~~~~~~~~~~~~~~~~~~
 1421 |         { QStringLiteral("note"), {}, {}, {}, {} },
      |         ~~~~~~~~~~~~~~~~~~~~~~~~~~~~~~~~~~~~~~~~~~~
 1422 |     },
      |     ~~                               
 1423 |     {});
      |     ~~~                              
D:/pdf/pdf-7z26/tests/TestFormJsCalc.cpp:1417:37: warning: missing initializer for member '{anonymous}::FieldSpec::keystrokeScript' [-Wmissing-field-initializers]
D:/pdf/pdf-7z26/tests/TestFormJsCalc.cpp: In member function 'void TestFormJsCalc::validateTransformsTheValueAcrobatSemantics()':
D:/pdf/pdf-7z26/tests/TestFormJsCalc.cpp:1450:37: warning: missing initializer for member '{anonymous}::FieldSpec::keystrokeScript' [-Wmissing-field-initializers]
 1450 |     const QString form = makeFormPdf(QStringLiteral("validate-transform.pdf"),
      |                          ~~~~~~~~~~~^~~~~~~~~~~~~~~~~~~~~~~~~~~~~~~~~~~~~~~~~~
 1451 |     {
      |     ~                                
 1452 |         { QStringLiteral("qty"), {}, {}, QStringLiteral("0"),
      |         ~~~~~~~~~~~~~~~~~~~~~~~~~~~~~~~~~~~~~~~~~~~~~~~~~~~~~
 1453 |           QStringLiteral("event.value = Number(event.value) * 2;") },
      |           ~~~~~~~~~~~~~~~~~~~~~~~~~~~~~~~~~~~~~~~~~~~~~~~~~~~~~~~~~~~
 1454 |     },
      |     ~~                               
 1455 |     {});
      |     ~~~                              
D:/pdf/pdf-7z26/tests/TestFormJsCalc.cpp: In member function 'void TestFormJsCalc::validateTimeoutBlocksCommitAndTheRestStillFills()':
D:/pdf/pdf-7z26/tests/TestFormJsCalc.cpp:1471:37: warning: missing initializer for member '{anonymous}::FieldSpec::keystrokeScript' [-Wmissing-field-initializers]
 1471 |     const QString form = makeFormPdf(QStringLiteral("validate-timeout.pdf"),
      |                          ~~~~~~~~~~~^~~~~~~~~~~~~~~~~~~~~~~~~~~~~~~~~~~~~~~~
 1472 |     {
      |     ~                                
 1473 |         { QStringLiteral("qty"), {}, {}, QStringLiteral("3"), QStringLiteral("while (true) {}") },
      |         ~~~~~~~~~~~~~~~~~~~~~~~~~~~~~~~~~~~~~~~~~~~~~~~~~~~~~~~~~~~~~~~~~~~~~~~~~~~~~~~~~~~~~~~~~~
 1474 |         { QStringLiteral("total"),
      |         ~~~~~~~~~~~~~~~~~~~~~~~~~~   
 1475 |           QStringLiteral("AFSimple_Calculate('SUM', new Array('qty'));"), {}, QStringLiteral("0") },
      |           ~~~~~~~~~~~~~~~~~~~~~~~~~~~~~~~~~~~~~~~~~~~~~~~~~~~~~~~~~~~~~~~~~~~~~~~~~~~~~~~~~~~~~~~~~~
 1476 |     },
      |     ~~                               
 1477 |     { QStringLiteral("total") });
      |     ~~~~~~~~~~~~~~~~~~~~~~~~~~~~     
D:/pdf/pdf-7z26/tests/TestFormJsCalc.cpp:1471:37: warning: missing initializer for member '{anonymous}::FieldSpec::validateScript' [-Wmissing-field-initializers]
D:/pdf/pdf-7z26/tests/TestFormJsCalc.cpp:1471:37: warning: missing initializer for member '{anonymous}::FieldSpec::keystrokeScript' [-Wmissing-field-initializers]
D:/pdf/pdf-7z26/tests/TestFormJsCalc.cpp: In member function 'void TestFormJsCalc::fillWithoutValidateScriptNeverBlocks()':
D:/pdf/pdf-7z26/tests/TestFormJsCalc.cpp:1519:37: warning: missing initializer for member '{anonymous}::FieldSpec::validateScript' [-Wmissing-field-initializers]
 1519 |     const QString form = makeFormPdf(QStringLiteral("validate-none.pdf"),
      |                          ~~~~~~~~~~~^~~~~~~~~~~~~~~~~~~~~~~~~~~~~~~~~~~~~
 1520 |     {
      |     ~                                
 1521 |         { QStringLiteral("qty"), {}, {}, QStringLiteral("0") },
      |         ~~~~~~~~~~~~~~~~~~~~~~~~~~~~~~~~~~~~~~~~~~~~~~~~~~~~~~~
 1522 |     },
      |     ~~                               
 1523 |     {});
      |     ~~~                              
D:/pdf/pdf-7z26/tests/TestFormJsCalc.cpp:1519:37: warning: missing initializer for member '{anonymous}::FieldSpec::keystrokeScript' [-Wmissing-field-initializers]
D:/pdf/pdf-7z26/tests/TestFormJsCalc.cpp: In member function 'void TestFormJsCalc::keystrokeWithoutScriptNeverRunsAndTypingStands()':
D:/pdf/pdf-7z26/tests/TestFormJsCalc.cpp:1721:37: warning: missing initializer for member '{anonymous}::FieldSpec::keystrokeScript' [-Wmissing-field-initializers]
 1721 |     const QString form = makeFormPdf(QStringLiteral("keystroke-none.pdf"),
      |                          ~~~~~~~~~~~^~~~~~~~~~~~~~~~~~~~~~~~~~~~~~~~~~~~~~
 1722 |     {
      |     ~                                
 1723 |         { QStringLiteral("qty"), {}, {}, {}, {} },
      |         ~~~~~~~~~~~~~~~~~~~~~~~~~~~~~~~~~~~~~~~~~~
 1724 |     },
      |     ~~                               
 1725 |     {});
      |     ~~~                              
D:/pdf/pdf-7z26/tests/TestFormJsCalc.cpp: In member function 'void TestFormJsCalc::abortedCascadeDiscardsRuntimeNoStateBleedsIntoNextRun()':
D:/pdf/pdf-7z26/tests/TestFormJsCalc.cpp:1831:40: warning: missing initializer for member '{anonymous}::FieldSpec::validateScript' [-Wmissing-field-initializers]
 1831 |     const QString hostile = makeFormPdf(QStringLiteral("closure-hostile.pdf"),
      |                             ~~~~~~~~~~~^~~~~~~~~~~~~~~~~~~~~~~~~~~~~~~~~~~~~~~
 1832 |     {
      |     ~                                   
 1833 |         { QStringLiteral("qty1"), {}, {}, {} },
      |         ~~~~~~~~~~~~~~~~~~~~~~~~~~~~~~~~~~~~~~~
 1834 |         { QStringLiteral("blocker"),
      |         ~~~~~~~~~~~~~~~~~~~~~~~~~~~~    
 1835 |           QStringLiteral("globalThis.__gpEndEvent = function () { while (true) {} }; event.value = 'x';"), {}, {} },
      |           ~~~~~~~~~~~~~~~~~~~~~~~~~~~~~~~~~~~~~~~~~~~~~~~~~~~~~~~~~~~~~~~~~~~~~~~~~~~~~~~~~~~~~~~~~~~~~~~~~~~~~~~~~~
 1836 |         { QStringLiteral("fmt"),
      |         ~~~~~~~~~~~~~~~~~~~~~~~~        
 1837 |           {}, QStringLiteral("AFNumber_Format(2, 0, 0, 0, \"$\", true);"), QStringLiteral("1234.5") },
      |           ~~~~~~~~~~~~~~~~~~~~~~~~~~~~~~~~~~~~~~~~~~~~~~~~~~~~~~~~~~~~~~~~~~~~~~~~~~~~~~~~~~~~~~~~~~~~
 1838 |     },
      |     ~~                                  
 1839 |     { QStringLiteral("blocker") });
      |     ~~~~~~~~~~~~~~~~~~~~~~~~~~~~~~      
D:/pdf/pdf-7z26/tests/TestFormJsCalc.cpp:1831:40: warning: missing initializer for member '{anonymous}::FieldSpec::keystrokeScript' [-Wmissing-field-initializers]
D:/pdf/pdf-7z26/tests/TestFormJsCalc.cpp:1831:40: warning: missing initializer for member '{anonymous}::FieldSpec::validateScript' [-Wmissing-field-initializers]
D:/pdf/pdf-7z26/tests/TestFormJsCalc.cpp:1831:40: warning: missing initializer for member '{anonymous}::FieldSpec::keystrokeScript' [-Wmissing-field-initializers]
D:/pdf/pdf-7z26/tests/TestFormJsCalc.cpp:1831:40: warning: missing initializer for member '{anonymous}::FieldSpec::validateScript' [-Wmissing-field-initializers]
D:/pdf/pdf-7z26/tests/TestFormJsCalc.cpp:1831:40: warning: missing initializer for member '{anonymous}::FieldSpec::keystrokeScript' [-Wmissing-field-initializers]
[724/1111] Building CXX object CMakeFiles/TestFormStaleDisclosure.dir/TestFormStaleDisclosure_autogen/mocs_compilation.cpp.obj
[725/1111] Building CXX object CMakeFiles/TestFormJsAdversarial.dir/tests/TestFormJsAdversarial.cpp.obj
D:/pdf/pdf-7z26/tests/TestFormJsAdversarial.cpp: In member function 'void TestFormJsAdversarial::afSimpleCalculateInheritedOpsRefused()':
D:/pdf/pdf-7z26/tests/TestFormJsAdversarial.cpp:732:28: warning: loop variable 'bad' creates a copy from type 'const QString' [-Wrange-loop-construct]
  732 |         for (const QString bad : { QStringLiteral("toString"),
      |                            ^~~
D:/pdf/pdf-7z26/tests/TestFormJsAdversarial.cpp:732:28: note: use reference type to prevent copying
  732 |         for (const QString bad : { QStringLiteral("toString"),
      |                            ^~~
      |                            &
D:/pdf/pdf-7z26/tests/TestFormJsAdversarial.cpp: In member function 'void TestFormJsAdversarial::nanOrInfinityKeepsTheCommittedValue()':
D:/pdf/pdf-7z26/tests/TestFormJsAdversarial.cpp:768:28: warning: loop variable 'expr' creates a copy from type 'const QString' [-Wrange-loop-construct]
  768 |         for (const QString expr : { QStringLiteral("0/0"), QStringLiteral("1/0"),
      |                            ^~~~
D:/pdf/pdf-7z26/tests/TestFormJsAdversarial.cpp:768:28: note: use reference type to prevent copying
  768 |         for (const QString expr : { QStringLiteral("0/0"), QStringLiteral("1/0"),
      |                            ^~~~
      |                            &
[726/1111] Building CXX object CMakeFiles/TestFormKeystroke.dir/TestFormKeystroke_autogen/mocs_compilation.cpp.obj
[727/1111] Building CXX object CMakeFiles/TestFormStaleDisclosure.dir/tests/TestFormStaleDisclosure.cpp.obj
D:/pdf/pdf-7z26/tests/TestFormStaleDisclosure.cpp: In member function 'void TestFormStaleDisclosure::panelShowsPersistentWarningUntilAcknowledge()':
D:/pdf/pdf-7z26/tests/TestFormStaleDisclosure.cpp:273:41: warning: missing initializer for member '{anonymous}::FieldSpec::calcScript' [-Wmissing-field-initializers]
  273 |         const QString path = makeFormPdf(m_dir.path(), QStringLiteral("panel-stale.pdf"),
      |                              ~~~~~~~~~~~^~~~~~~~~~~~~~~~~~~~~~~~~~~~~~~~~~~~~~~~~~~~~~~~~
  274 |                                          { { QStringLiteral("total") }, { QStringLiteral("other") } },
      |                                          ~~~~~~~~~~~~~~~~~~~~~~~~~~~~~~~~~~~~~~~~~~~~~~~~~~~~~~~~~~~~~
  275 |                                          { QStringLiteral("total") });
      |                                          ~~~~~~~~~~~~~~~~~~~~~~~~~~~~
D:/pdf/pdf-7z26/tests/TestFormStaleDisclosure.cpp:273:41: warning: missing initializer for member '{anonymous}::FieldSpec::initial' [-Wmissing-field-initializers]
D:/pdf/pdf-7z26/tests/TestFormStaleDisclosure.cpp:273:41: warning: missing initializer for member '{anonymous}::FieldSpec::calcScript' [-Wmissing-field-initializers]
D:/pdf/pdf-7z26/tests/TestFormStaleDisclosure.cpp:273:41: warning: missing initializer for member '{anonymous}::FieldSpec::initial' [-Wmissing-field-initializers]
D:/pdf/pdf-7z26/tests/TestFormStaleDisclosure.cpp: In member function 'void TestFormStaleDisclosure::panelWarningClearsWhenTheFieldRecomputes()':
D:/pdf/pdf-7z26/tests/TestFormStaleDisclosure.cpp:337:41: warning: missing initializer for member '{anonymous}::FieldSpec::calcScript' [-Wmissing-field-initializers]
  337 |         const QString path = makeFormPdf(m_dir.path(), QStringLiteral("panel-recompute.pdf"),
      |                              ~~~~~~~~~~~^~~~~~~~~~~~~~~~~~~~~~~~~~~~~~~~~~~~~~~~~~~~~~~~~~~~~
  338 |                                          { { QStringLiteral("total") } },
      |                                          ~~~~~~~~~~~~~~~~~~~~~~~~~~~~~~~~
  339 |                                          { QStringLiteral("total") });
      |                                          ~~~~~~~~~~~~~~~~~~~~~~~~~~~~
D:/pdf/pdf-7z26/tests/TestFormStaleDisclosure.cpp:337:41: warning: missing initializer for member '{anonymous}::FieldSpec::initial' [-Wmissing-field-initializers]
D:/pdf/pdf-7z26/tests/TestFormStaleDisclosure.cpp: In member function 'void TestFormStaleDisclosure::panelApplyRunsCascadeAndFeedsTracker()':
D:/pdf/pdf-7z26/tests/TestFormStaleDisclosure.cpp:378:41: warning: missing initializer for member '{anonymous}::FieldSpec::calcScript' [-Wmissing-field-initializers]
  378 |         const QString path = makeFormPdf(m_dir.path(), QStringLiteral("panel-apply.pdf"),
      |                              ~~~~~~~~~~~^~~~~~~~~~~~~~~~~~~~~~~~~~~~~~~~~~~~~~~~~~~~~~~~~
  379 |         {
      |         ~                                
  380 |             { QStringLiteral("input") },
      |             ~~~~~~~~~~~~~~~~~~~~~~~~~~~~ 
  381 |             { QStringLiteral("total"), QStringLiteral("throw new Error('boom');"), QStringLiteral("0") },
      |             ~~~~~~~~~~~~~~~~~~~~~~~~~~~~~~~~~~~~~~~~~~~~~~~~~~~~~~~~~~~~~~~~~~~~~~~~~~~~~~~~~~~~~~~~~~~~~
  382 |         },
      |         ~~                               
  383 |         { QStringLiteral("total") });
      |         ~~~~~~~~~~~~~~~~~~~~~~~~~~~~     
D:/pdf/pdf-7z26/tests/TestFormStaleDisclosure.cpp:378:41: warning: missing initializer for member '{anonymous}::FieldSpec::initial' [-Wmissing-field-initializers]
[728/1111] Building CXX object CMakeFiles/TestEngineSave.dir/TestEngineSave_autogen/mocs_compilation.cpp.obj
[729/1111] Building CXX object CMakeFiles/TestFormKeystroke.dir/tests/TestFormKeystroke.cpp.obj
D:/pdf/pdf-7z26/tests/TestFormKeystroke.cpp: In member function 'void TestFormKeystroke::fieldWithoutKeystrokeScriptTypesUnchanged()':
D:/pdf/pdf-7z26/tests/TestFormKeystroke.cpp:172:41: warning: missing initializer for member '{anonymous}::FieldSpec::keystrokeScript' [-Wmissing-field-initializers]
  172 |         const QString path = makeFormPdf(m_dir.path(), QStringLiteral("plain.pdf"),
      |                              ~~~~~~~~~~~^~~~~~~~~~~~~~~~~~~~~~~~~~~~~~~~~~~~~~~~~~~
  173 |                                          { { QStringLiteral("note") } });
      |                                          ~~~~~~~~~~~~~~~~~~~~~~~~~~~~~~~
D:/pdf/pdf-7z26/tests/TestFormKeystroke.cpp:172:41: warning: missing initializer for member '{anonymous}::FieldSpec::initial' [-Wmissing-field-initializers]
D:/pdf/pdf-7z26/tests/TestFormKeystroke.cpp: In member function 'void TestFormKeystroke::keystrokeScriptRejectsTheKeystrokeAndReverts()':
D:/pdf/pdf-7z26/tests/TestFormKeystroke.cpp:194:41: warning: missing initializer for member '{anonymous}::FieldSpec::initial' [-Wmissing-field-initializers]
  194 |         const QString path = makeFormPdf(m_dir.path(), QStringLiteral("reject.pdf"),
      |                              ~~~~~~~~~~~^~~~~~~~~~~~~~~~~~~~~~~~~~~~~~~~~~~~~~~~~~~~
  195 |                                          { { QStringLiteral("qty"),
      |                                          ~~~~~~~~~~~~~~~~~~~~~~~~~~
  196 |                                              QStringLiteral("if (AFMergeChange(event).length > 3) { event.rc = false; }") } });
      |                                              ~~~~~~~~~~~~~~~~~~~~~~~~~~~~~~~~~~~~~~~~~~~~~~~~~~~~~~~~~~~~~~~~~~~~~~~~~~~~~~~~~
D:/pdf/pdf-7z26/tests/TestFormKeystroke.cpp: In member function 'void TestFormKeystroke::keystrokeScriptTransformsTypedText()':
D:/pdf/pdf-7z26/tests/TestFormKeystroke.cpp:231:41: warning: missing initializer for member '{anonymous}::FieldSpec::initial' [-Wmissing-field-initializers]
  231 |         const QString path = makeFormPdf(m_dir.path(), QStringLiteral("transform.pdf"),
      |                              ~~~~~~~~~~~^~~~~~~~~~~~~~~~~~~~~~~~~~~~~~~~~~~~~~~~~~~~~~~
  232 |                                          { { QStringLiteral("code"),
      |                                          ~~~~~~~~~~~~~~~~~~~~~~~~~~~
  233 |                                              QStringLiteral("event.value = AFMergeChange(event).toUpperCase();") } });
      |                                              ~~~~~~~~~~~~~~~~~~~~~~~~~~~~~~~~~~~~~~~~~~~~~~~~~~~~~~~~~~~~~~~~~~~~~~~~
D:/pdf/pdf-7z26/tests/TestFormKeystroke.cpp: In member function 'void TestFormKeystroke::populateNeverRunsTheKeystrokeScript()':
D:/pdf/pdf-7z26/tests/TestFormKeystroke.cpp:254:41: warning: missing initializer for member '{anonymous}::FieldSpec::initial' [-Wmissing-field-initializers]
  254 |         const QString path = makeFormPdf(m_dir.path(), QStringLiteral("populate.pdf"),
      |                              ~~~~~~~~~~~^~~~~~~~~~~~~~~~~~~~~~~~~~~~~~~~~~~~~~~~~~~~~~
  255 |                                          { { QStringLiteral("f"),
      |                                          ~~~~~~~~~~~~~~~~~~~~~~~~
  256 |                                              QStringLiteral("event.value = 'X';") } });
      |                                              ~~~~~~~~~~~~~~~~~~~~~~~~~~~~~~~~~~~~~~~~~
D:/pdf/pdf-7z26/tests/TestFormKeystroke.cpp: In member function 'void TestFormKeystroke::timeoutFailsClosedAndDiscloses()':
D:/pdf/pdf-7z26/tests/TestFormKeystroke.cpp:278:41: warning: missing initializer for member '{anonymous}::FieldSpec::initial' [-Wmissing-field-initializers]
  278 |         const QString path = makeFormPdf(m_dir.path(), QStringLiteral("timeout.pdf"),
      |                              ~~~~~~~~~~~^~~~~~~~~~~~~~~~~~~~~~~~~~~~~~~~~~~~~~~~~~~~~
  279 |                                          { { QStringLiteral("qty"), QStringLiteral("while (true) {}") } });
      |                                          ~~~~~~~~~~~~~~~~~~~~~~~~~~~~~~~~~~~~~~~~~~~~~~~~~~~~~~~~~~~~~~~~~
D:/pdf/pdf-7z26/tests/TestFormKeystroke.cpp: In member function 'void TestFormKeystroke::fieldSwitchResetsTheGate()':
D:/pdf/pdf-7z26/tests/TestFormKeystroke.cpp:305:41: warning: missing initializer for member '{anonymous}::FieldSpec::initial' [-Wmissing-field-initializers]
  305 |         const QString path = makeFormPdf(m_dir.path(), QStringLiteral("switch.pdf"),
      |                              ~~~~~~~~~~~^~~~~~~~~~~~~~~~~~~~~~~~~~~~~~~~~~~~~~~~~~~~
  306 |                                          { { QStringLiteral("a"),
      |                                          ~~~~~~~~~~~~~~~~~~~~~~~~
  307 |                                              QStringLiteral("if (AFMergeChange(event).length > 2) { event.rc = false; }") },
      |                                              ~~~~~~~~~~~~~~~~~~~~~~~~~~~~~~~~~~~~~~~~~~~~~~~~~~~~~~~~~~~~~~~~~~~~~~~~~~~~~~~
  308 |                                            { QStringLiteral("b") } });
      |                                            ~~~~~~~~~~~~~~~~~~~~~~~~~~
D:/pdf/pdf-7z26/tests/TestFormKeystroke.cpp:305:41: warning: missing initializer for member '{anonymous}::FieldSpec::keystrokeScript' [-Wmissing-field-initializers]
D:/pdf/pdf-7z26/tests/TestFormKeystroke.cpp:305:41: warning: missing initializer for member '{anonymous}::FieldSpec::initial' [-Wmissing-field-initializers]
D:/pdf/pdf-7z26/tests/TestFormKeystroke.cpp: In member function 'void TestFormKeystroke::readOnlyDocumentRefusesKeystrokeAndApply()':
D:/pdf/pdf-7z26/tests/TestFormKeystroke.cpp:332:41: warning: missing initializer for member '{anonymous}::FieldSpec::initial' [-Wmissing-field-initializers]
  332 |         const QString path = makeFormPdf(m_dir.path(), QStringLiteral("ro.pdf"),
      |                              ~~~~~~~~~~~^~~~~~~~~~~~~~~~~~~~~~~~~~~~~~~~~~~~~~~~
  333 |                                          { { QStringLiteral("f"),
      |                                          ~~~~~~~~~~~~~~~~~~~~~~~~
  334 |                                              QStringLiteral("event.value = 'X';") } });
      |                                              ~~~~~~~~~~~~~~~~~~~~~~~~~~~~~~~~~~~~~~~~~
[730/1111] Building CXX object CMakeFiles/TestEncryptedPackageSafeWrite.dir/TestEncryptedPackageSafeWrite_autogen/mocs_compilation.cpp.obj
[731/1111] Building CXX object CMakeFiles/TestEncryptedPackageSafeWrite.dir/tests/TestEncryptedPackageSafeWrite.cpp.obj
[732/1111] Building CXX object CMakeFiles/TestEngineSave.dir/tests/TestEngineSave.cpp.obj
[733/1111] Building CXX object CMakeFiles/TestEncryptedPackageSafeWrite.dir/src/engines/SafeSave.cpp.obj
[734/1111] Building CXX object CMakeFiles/TestEncryptedPackageSafeWrite.dir/src/engines/SevenZipLocator.cpp.obj
[735/1111] Building CXX object CMakeFiles/TestPrintJob.dir/TestPrintJob_autogen/mocs_compilation.cpp.obj
[736/1111] Building CXX object CMakeFiles/TestPrintJob.dir/src/ui/PrintJob.cpp.obj
[737/1111] Building CXX object CMakeFiles/TestTempOwnership.dir/TestTempOwnership_autogen/mocs_compilation.cpp.obj
[738/1111] Building CXX object CMakeFiles/TestPrintJob.dir/tests/TestPrintJob.cpp.obj
[739/1111] Building CXX object CMakeFiles/TestTempOwnership.dir/tests/TestTempOwnership.cpp.obj
[740/1111] Building CXX object CMakeFiles/TestCleanupCli.dir/TestCleanupCli_autogen/mocs_compilation.cpp.obj
[741/1111] Building CXX object CMakeFiles/TestTempOwnership.dir/src/core/TempFileManager.cpp.obj
[742/1111] Building CXX object CMakeFiles/TestFormUndo.dir/TestFormUndo_autogen/mocs_compilation.cpp.obj
[743/1111] Building CXX object CMakeFiles/TestCleanupCli.dir/tests/TestCleanupCli.cpp.obj
[744/1111] Building CXX object CMakeFiles/TestValidateAllSignatures.dir/TestValidateAllSignatures_autogen/mocs_compilation.cpp.obj
[745/1111] Building CXX object CMakeFiles/TestFormUndo.dir/tests/TestFormUndo.cpp.obj
[746/1111] Building CXX object CMakeFiles/TestExportPathBadge.dir/TestExportPathBadge_autogen/mocs_compilation.cpp.obj
[747/1111] Building CXX object CMakeFiles/TestValidateAllSignatures.dir/tests/TestValidateAllSignatures.cpp.obj
[748/1111] Building CXX object CMakeFiles/TestImageEditWiring.dir/TestImageEditWiring_autogen/mocs_compilation.cpp.obj
[749/1111] Building CXX object CMakeFiles/TestExportPathBadge.dir/tests/TestExportPathBadge.cpp.obj
[750/1111] Building CXX object CMakeFiles/TestRedactSanitizeBundle.dir/TestRedactSanitizeBundle_autogen/mocs_compilation.cpp.obj
[751/1111] Building CXX object CMakeFiles/TestImageEditWiring.dir/tests/TestImageEditWiring.cpp.obj
[752/1111] Building CXX object CMakeFiles/TestRedactTransaction.dir/TestRedactTransaction_autogen/mocs_compilation.cpp.obj
[753/1111] Building CXX object CMakeFiles/TestRedactSanitizeBundle.dir/tests/TestRedactSanitizeBundle.cpp.obj
[754/1111] Building CXX object CMakeFiles/TestRedactionProof.dir/TestRedactionProof_autogen/mocs_compilation.cpp.obj
[755/1111] Building CXX object CMakeFiles/TestRedactTransaction.dir/tests/TestRedactTransaction.cpp.obj
[756/1111] Building CXX object CMakeFiles/TestPptxOverlayAlpha.dir/TestPptxOverlayAlpha_autogen/mocs_compilation.cpp.obj
[757/1111] Building CXX object CMakeFiles/TestRedactionProof.dir/tests/TestRedactionProof.cpp.obj
[758/1111] Building CXX object CMakeFiles/TestAutoDetectHeuristic.dir/TestAutoDetectHeuristic_autogen/mocs_compilation.cpp.obj
[759/1111] Building CXX object CMakeFiles/TestPptxOverlayAlpha.dir/tests/TestPptxOverlayAlpha.cpp.obj
[760/1111] Building CXX object CMakeFiles/TestConversionExtraction.dir/TestConversionExtraction_autogen/mocs_compilation.cpp.obj
[761/1111] Building CXX object CMakeFiles/TestAutoDetectHeuristic.dir/tests/TestAutoDetectHeuristic.cpp.obj
[762/1111] Building CXX object CMakeFiles/fake_soffice.dir/fake_soffice_autogen/mocs_compilation.cpp.obj
[763/1111] Building CXX object CMakeFiles/fake_soffice.dir/tests/fake_soffice.cpp.obj
[764/1111] Building CXX object CMakeFiles/TestTextExtractionCoords.dir/TestTextExtractionCoords_autogen/mocs_compilation.cpp.obj
[765/1111] Building CXX object CMakeFiles/TestConversionExtraction.dir/tests/TestConversionExtraction.cpp.obj
[766/1111] Building CXX object CMakeFiles/TestEraseWiring.dir/TestEraseWiring_autogen/mocs_compilation.cpp.obj
[767/1111] Building CXX object CMakeFiles/TestTextExtractionCoords.dir/tests/TestTextExtractionCoords.cpp.obj
[768/1111] Building CXX object CMakeFiles/TestRibbonMarkupTools.dir/TestRibbonMarkupTools_autogen/mocs_compilation.cpp.obj
[769/1111] Building CXX object CMakeFiles/TestEraseWiring.dir/tests/TestEraseWiring.cpp.obj
[770/1111] Building CXX object CMakeFiles/TestViewerRotation.dir/TestViewerRotation_autogen/mocs_compilation.cpp.obj
[771/1111] Building CXX object CMakeFiles/TestRibbonMarkupTools.dir/tests/TestRibbonMarkupTools.cpp.obj
[772/1111] Building CXX object CMakeFiles/TestRotateView.dir/TestRotateView_autogen/mocs_compilation.cpp.obj
[773/1111] Building CXX object CMakeFiles/TestViewerRotation.dir/tests/TestViewerRotation.cpp.obj
[774/1111] Building CXX object CMakeFiles/TestTwoPageOverlay.dir/TestTwoPageOverlay_autogen/mocs_compilation.cpp.obj
[775/1111] Building CXX object CMakeFiles/TestRotateView.dir/tests/TestRotateView.cpp.obj
[776/1111] Building CXX object CMakeFiles/TestViewingModes.dir/TestViewingModes_autogen/mocs_compilation.cpp.obj
[777/1111] Building CXX object CMakeFiles/TestTwoPageOverlay.dir/tests/TestTwoPageOverlay.cpp.obj
[778/1111] Building CXX object CMakeFiles/TestSignaturePicker.dir/TestSignaturePicker_autogen/mocs_compilation.cpp.obj
[779/1111] Building CXX object CMakeFiles/TestViewingModes.dir/tests/TestViewingModes.cpp.obj
[780/1111] Building CXX object CMakeFiles/TestCertEncryptPicker.dir/TestCertEncryptPicker_autogen/mocs_compilation.cpp.obj
[781/1111] Building CXX object CMakeFiles/TestSignaturePicker.dir/tests/TestSignaturePicker.cpp.obj
[782/1111] Building CXX object CMakeFiles/TestCertifySelector.dir/TestCertifySelector_autogen/mocs_compilation.cpp.obj
[783/1111] Building CXX object CMakeFiles/TestCertEncryptPicker.dir/tests/TestCertEncryptPicker.cpp.obj
D:/pdf/pdf-7z26/tests/TestCertEncryptPicker.cpp: In function '{anonymous}::RecipientCredential {anonymous}::makeRecipient(const QString&, const QString&)':
D:/pdf/pdf-7z26/tests/TestCertEncryptPicker.cpp:60:23: warning: 'RSA* RSA_new()' is deprecated: Since OpenSSL 3.0 [-Wdeprecated-declarations]
   60 |     RSA *rsa = RSA_new();
      |                ~~~~~~~^~
In file included from D:/pdf/msys64/ucrt64/include/openssl/x509.h:38,
                 from D:/pdf/pdf-7z26/tests/TestCertEncryptPicker.cpp:25:
D:/pdf/msys64/ucrt64/include/openssl/rsa.h:212:28: note: declared here
  212 | OSSL_DEPRECATEDIN_3_0 RSA *RSA_new(void);
      |                            ^~~~~~~
D:/pdf/pdf-7z26/tests/TestCertEncryptPicker.cpp:61:24: warning: 'int RSA_generate_key_ex(RSA*, int, BIGNUM*, BN_GENCB*)' is deprecated: Since OpenSSL 3.0 [-Wdeprecated-declarations]
   61 |     RSA_generate_key_ex(rsa, 2048, bn, nullptr);
      |     ~~~~~~~~~~~~~~~~~~~^~~~~~~~~~~~~~~~~~~~~~~~
D:/pdf/msys64/ucrt64/include/openssl/rsa.h:270:27: note: declared here
  270 | OSSL_DEPRECATEDIN_3_0 int RSA_generate_key_ex(RSA *rsa, int bits, BIGNUM *e,
      |                           ^~~~~~~~~~~~~~~~~~~
[784/1111] Building CXX object CMakeFiles/TestPolicyController.dir/TestPolicyController_autogen/mocs_compilation.cpp.obj
[785/1111] Building CXX object CMakeFiles/TestCertifySelector.dir/tests/TestCertifySelector.cpp.obj
D:/pdf/pdf-7z26/tests/TestCertifySelector.cpp: In function 'bool {anonymous}::makeSigner(const QString&, SignerCredential&)':
D:/pdf/pdf-7z26/tests/TestCertifySelector.cpp:57:23: warning: 'RSA* RSA_new()' is deprecated: Since OpenSSL 3.0 [-Wdeprecated-declarations]
   57 |     RSA *rsa = RSA_new();
      |                ~~~~~~~^~
In file included from D:/pdf/msys64/ucrt64/include/openssl/x509.h:38,
                 from D:/pdf/pdf-7z26/tests/TestCertifySelector.cpp:27:
D:/pdf/msys64/ucrt64/include/openssl/rsa.h:212:28: note: declared here
  212 | OSSL_DEPRECATEDIN_3_0 RSA *RSA_new(void);
      |                            ^~~~~~~
D:/pdf/pdf-7z26/tests/TestCertifySelector.cpp:58:24: warning: 'int RSA_generate_key_ex(RSA*, int, BIGNUM*, BN_GENCB*)' is deprecated: Since OpenSSL 3.0 [-Wdeprecated-declarations]
   58 |     RSA_generate_key_ex(rsa, 2048, bn, nullptr);
      |     ~~~~~~~~~~~~~~~~~~~^~~~~~~~~~~~~~~~~~~~~~~~
D:/pdf/msys64/ucrt64/include/openssl/rsa.h:270:27: note: declared here
  270 | OSSL_DEPRECATEDIN_3_0 int RSA_generate_key_ex(RSA *rsa, int bits, BIGNUM *e,
      |                           ^~~~~~~~~~~~~~~~~~~
[786/1111] Building CXX object CMakeFiles/TestPolicyWiring.dir/TestPolicyWiring_autogen/mocs_compilation.cpp.obj
[787/1111] Building CXX object CMakeFiles/TestPolicyController.dir/tests/TestPolicyController.cpp.obj
[788/1111] Building CXX object CMakeFiles/TestOcspConsent.dir/TestOcspConsent_autogen/mocs_compilation.cpp.obj
[789/1111] Building CXX object CMakeFiles/TestPolicyWiring.dir/tests/TestPolicyWiring.cpp.obj
[790/1111] Building CXX object CMakeFiles/TestSupportBundle.dir/TestSupportBundle_autogen/mocs_compilation.cpp.obj
[791/1111] Building CXX object CMakeFiles/TestOcspConsent.dir/tests/TestOcspConsent.cpp.obj
[792/1111] Building CXX object CMakeFiles/TestNetworkDisclosure.dir/TestNetworkDisclosure_autogen/mocs_compilation.cpp.obj
[793/1111] Building CXX object CMakeFiles/TestSupportBundle.dir/tests/TestSupportBundle.cpp.obj
[794/1111] Building CXX object CMakeFiles/TestOcrAcceptSeam.dir/TestOcrAcceptSeam_autogen/mocs_compilation.cpp.obj
[795/1111] Building CXX object CMakeFiles/TestNetworkDisclosure.dir/tests/TestNetworkDisclosure.cpp.obj
[796/1111] Building CXX object CMakeFiles/TestSearchFlags.dir/TestSearchFlags_autogen/mocs_compilation.cpp.obj
[797/1111] Building CXX object CMakeFiles/TestOcrAcceptSeam.dir/tests/TestOcrAcceptSeam.cpp.obj
[798/1111] Building CXX object CMakeFiles/TestExportPresets.dir/TestExportPresets_autogen/mocs_compilation.cpp.obj
[799/1111] Building CXX object CMakeFiles/TestSearchFlags.dir/tests/TestSearchFlags.cpp.obj
[800/1111] Building CXX object CMakeFiles/TestOcrAcceptScope.dir/TestOcrAcceptScope_autogen/mocs_compilation.cpp.obj
[801/1111] Building CXX object CMakeFiles/TestExportPresets.dir/tests/TestExportPresets.cpp.obj
[802/1111] Building CXX object CMakeFiles/TestViewerLinkSeam.dir/TestViewerLinkSeam_autogen/mocs_compilation.cpp.obj
[803/1111] Building CXX object CMakeFiles/TestOcrAcceptScope.dir/tests/TestOcrAcceptScope.cpp.obj
[804/1111] Building CXX object CMakeFiles/TestHyperlinkNavigation.dir/TestHyperlinkNavigation_autogen/mocs_compilation.cpp.obj
[805/1111] Building CXX object CMakeFiles/TestViewerLinkSeam.dir/tests/TestViewerLinkSeam.cpp.obj
[806/1111] Building CXX object CMakeFiles/TestRedactMarkAll.dir/TestRedactMarkAll_autogen/mocs_compilation.cpp.obj
[807/1111] Building CXX object CMakeFiles/TestHyperlinkNavigation.dir/tests/TestHyperlinkNavigation.cpp.obj
[808/1111] Building CXX object CMakeFiles/TestRedactApplyMarks.dir/TestRedactApplyMarks_autogen/mocs_compilation.cpp.obj
[809/1111] Building CXX object CMakeFiles/TestRedactApplyMarks.dir/tests/TestRedactApplyMarks.cpp.obj
[810/1111] Building CXX object CMakeFiles/TestRedactMarkAll.dir/tests/TestRedactMarkAll.cpp.obj
[811/1111] Building CXX object CMakeFiles/TestAnnotationDjot.dir/TestAnnotationDjot_autogen/mocs_compilation.cpp.obj
[812/1111] Building CXX object CMakeFiles/TestAiProvider.dir/TestAiProvider_autogen/mocs_compilation.cpp.obj
[813/1111] Building CXX object CMakeFiles/TestAiProvider.dir/tests/TestAiProvider.cpp.obj
[814/1111] Building CXX object CMakeFiles/TestOllamaProvider.dir/TestOllamaProvider_autogen/mocs_compilation.cpp.obj
[815/1111] Building CXX object CMakeFiles/TestAnnotationDjot.dir/tests/TestAnnotationDjot.cpp.obj
[816/1111] Building CXX object CMakeFiles/TestDiffEngine.dir/TestDiffEngine_autogen/mocs_compilation.cpp.obj
[817/1111] Building CXX object CMakeFiles/TestOllamaProvider.dir/tests/TestOllamaProvider.cpp.obj
[818/1111] Building CXX object CMakeFiles/TestOfficeImport.dir/TestOfficeImport_autogen/mocs_compilation.cpp.obj
[819/1111] Building CXX object CMakeFiles/TestDiffEngine.dir/tests/TestDiffEngine.cpp.obj
[820/1111] Building CXX object CMakeFiles/TestMrcPipeline.dir/TestMrcPipeline_autogen/mocs_compilation.cpp.obj
[821/1111] Building CXX object CMakeFiles/TestOfficeImport.dir/tests/TestOfficeImport.cpp.obj
[822/1111] Building CXX object CMakeFiles/TestCheckedMutationCoverage.dir/TestCheckedMutationCoverage_autogen/mocs_compilation.cpp.obj
[823/1111] Building CXX object CMakeFiles/TestMrcPipeline.dir/tests/TestMrcPipeline.cpp.obj
[824/1111] Building CXX object CMakeFiles/TestHistoryIntegrity.dir/TestHistoryIntegrity_autogen/mocs_compilation.cpp.obj
[825/1111] Building CXX object CMakeFiles/TestCheckedMutationCoverage.dir/tests/TestCheckedMutationCoverage.cpp.obj
[826/1111] Building CXX object CMakeFiles/TestImageAppearance.dir/TestImageAppearance_autogen/mocs_compilation.cpp.obj
[827/1111] Building CXX object CMakeFiles/TestHistoryIntegrity.dir/tests/TestHistoryIntegrity.cpp.obj
[828/1111] Building CXX object CMakeFiles/TestOfficeExport.dir/TestOfficeExport_autogen/mocs_compilation.cpp.obj
[829/1111] Building CXX object CMakeFiles/TestImageAppearance.dir/tests/TestImageAppearance.cpp.obj
[830/1111] Building CXX object CMakeFiles/TestTextEditStyle.dir/TestTextEditStyle_autogen/mocs_compilation.cpp.obj
[831/1111] Building CXX object CMakeFiles/TestOfficeExport.dir/tests/TestOfficeExport.cpp.obj
[832/1111] Building CXX object CMakeFiles/TestEraserEngine.dir/TestEraserEngine_autogen/mocs_compilation.cpp.obj
[833/1111] Building CXX object CMakeFiles/TestTextEditStyle.dir/tests/TestTextEditStyle.cpp.obj
[834/1111] Building CXX object CMakeFiles/TestEraserEngine.dir/tests/TestEraserEngine.cpp.obj
[835/1111] Building CXX object CMakeFiles/TestPersistenceOutcomes.dir/TestPersistenceOutcomes_autogen/mocs_compilation.cpp.obj
[836/1111] Building CXX object CMakeFiles/TestPersistenceOutcomes.dir/src/app/Bootstrapper.cpp.obj
[837/1111] Building CXX object CMakeFiles/render_path_profile.dir/render_path_profile_autogen/mocs_compilation.cpp.obj
[838/1111] Building CXX object CMakeFiles/TestPersistenceOutcomes.dir/tests/TestPersistenceOutcomes.cpp.obj
[839/1111] Building CXX object CMakeFiles/TestRenderGuards.dir/TestRenderGuards_autogen/mocs_compilation.cpp.obj
[840/1111] Building CXX object CMakeFiles/render_path_profile.dir/tools/render_path_profile.cpp.obj
[841/1111] Building CXX object CMakeFiles/TestSep13LeadCapability.dir/TestSep13LeadCapability_autogen/mocs_compilation.cpp.obj
[842/1111] Building CXX object CMakeFiles/TestRenderGuards.dir/tests/TestRenderGuards.cpp.obj
[843/1111] Building CXX object CMakeFiles/TestSep13LeadBatchMerge.dir/TestSep13LeadBatchMerge_autogen/mocs_compilation.cpp.obj
[844/1111] Building CXX object CMakeFiles/TestSep13LeadCapability.dir/tests/TestSep13LeadCapability.cpp.obj
[845/1111] Building CXX object CMakeFiles/TestSep13LeadOcrGuards.dir/TestSep13LeadOcrGuards_autogen/mocs_compilation.cpp.obj
[846/1111] Building CXX object CMakeFiles/TestSep13LeadBatchMerge.dir/tests/TestSep13LeadBatchMerge.cpp.obj
[847/1111] Building CXX object CMakeFiles/TestSep13LeadConversionExport.dir/TestSep13LeadConversionExport_autogen/mocs_compilation.cpp.obj
[848/1111] Building CXX object CMakeFiles/TestSep13LeadOcrGuards.dir/tests/TestSep13LeadOcrGuards.cpp.obj
[849/1111] Building CXX object CMakeFiles/TestSep13LeadRedactionProof.dir/TestSep13LeadRedactionProof_autogen/mocs_compilation.cpp.obj
[850/1111] Building CXX object CMakeFiles/TestSep13LeadConversionExport.dir/tests/TestSep13LeadConversionExport.cpp.obj
[851/1111] Building CXX object CMakeFiles/R14ProbeRedactSpace.dir/R14ProbeRedactSpace_autogen/mocs_compilation.cpp.obj
[852/1111] Building CXX object CMakeFiles/TestSep13LeadRedactionProof.dir/tests/TestSep13LeadRedactionProof.cpp.obj
[853/1111] Building CXX object CMakeFiles/R14ProbeSep13Fixes.dir/R14ProbeSep13Fixes_autogen/mocs_compilation.cpp.obj
[854/1111] Building CXX object CMakeFiles/R14ProbeRedactSpace.dir/tests/R14ProbeRedactSpace.cpp.obj
[855/1111] Building CXX object CMakeFiles/TestSep13LeadBtDowngrade.dir/TestSep13LeadBtDowngrade_autogen/mocs_compilation.cpp.obj
[856/1111] Building CXX object CMakeFiles/R14ProbeSep13Fixes.dir/tests/R14ProbeSep13Fixes.cpp.obj
[857/1111] Building CXX object CMakeFiles/TestSep13LeadComparePerf.dir/TestSep13LeadComparePerf_autogen/mocs_compilation.cpp.obj
[858/1111] Building CXX object CMakeFiles/TestSep13LeadBtDowngrade.dir/tests/TestSep13LeadBtDowngrade.cpp.obj
[859/1111] Building CXX object CMakeFiles/TestSweepW1PresetAdversary.dir/TestSweepW1PresetAdversary_autogen/mocs_compilation.cpp.obj
[860/1111] Building CXX object CMakeFiles/TestSep13LeadComparePerf.dir/tests/TestSep13LeadComparePerf.cpp.obj
D:/pdf/pdf-7z26/tests/TestSep13LeadComparePerf.cpp: In function 'qint64 {anonymous}::measureToggleWorkMs(CompareWidget&, int, int)':
D:/pdf/pdf-7z26/tests/TestSep13LeadComparePerf.cpp:79:21: warning: variable 'sink' set but not used [-Wunused-but-set-variable=]
   79 |     volatile qint64 sink = 0;
      |                     ^~~~
D:/pdf/pdf-7z26/tests/TestSep13LeadComparePerf.cpp: In function 'qint64 {anonymous}::measureStructuralToggleWorkMs(CompareWidget&, int, int)':
D:/pdf/pdf-7z26/tests/TestSep13LeadComparePerf.cpp:91:21: warning: variable 'sink' set but not used [-Wunused-but-set-variable=]
   91 |     volatile qint64 sink = 0;
      |                     ^~~~
[861/1111] Building CXX object CMakeFiles/TestSweepW1SigningAdversary.dir/TestSweepW1SigningAdversary_autogen/mocs_compilation.cpp.obj
[862/1111] Building CXX object CMakeFiles/TestSweepW1PresetAdversary.dir/tests/TestSweepW1PresetAdversary.cpp.obj
[863/1111] Building CXX object CMakeFiles/TestSweepW1SummaryPolicyAdversary.dir/TestSweepW1SummaryPolicyAdversary_autogen/mocs_compilation.cpp.obj
[864/1111] Building CXX object CMakeFiles/TestSweepW1SigningAdversary.dir/tests/TestSweepW1SigningAdversary.cpp.obj
[865/1111] Building CXX object CMakeFiles/TestSweepW1SecProbe.dir/TestSweepW1SecProbe_autogen/mocs_compilation.cpp.obj
[866/1111] Building CXX object CMakeFiles/TestSweepW1SummaryPolicyAdversary.dir/tests/TestSweepW1SummaryPolicyAdversary.cpp.obj
[867/1111] Building CXX object CMakeFiles/W2BProbeNaming.dir/W2BProbeNaming_autogen/mocs_compilation.cpp.obj
[868/1111] Building CXX object CMakeFiles/TestSweepW1SecProbe.dir/tests/SweepW1SecProbe.cpp.obj
[869/1111] Building CXX object CMakeFiles/W2BProbeSigning.dir/W2BProbeSigning_autogen/mocs_compilation.cpp.obj
[870/1111] Building CXX object CMakeFiles/W2BProbeNaming.dir/tests/W2BProbeNaming.cpp.obj
[871/1111] Building CXX object CMakeFiles/W2BProbeSummaryPolicy.dir/W2BProbeSummaryPolicy_autogen/mocs_compilation.cpp.obj
[872/1111] Building CXX object CMakeFiles/W2BProbeSigning.dir/tests/W2BProbeSigning.cpp.obj
[873/1111] Building CXX object CMakeFiles/W2BProbeA11y.dir/W2BProbeA11y_autogen/mocs_compilation.cpp.obj
[874/1111] Building CXX object CMakeFiles/W2BProbeSummaryPolicy.dir/tests/W2BProbeSummaryPolicy.cpp.obj
[875/1111] Building CXX object CMakeFiles/W2BProbeLegacySpace.dir/W2BProbeLegacySpace_autogen/mocs_compilation.cpp.obj
[876/1111] Building CXX object CMakeFiles/W2BProbeA11y.dir/tests/W2BProbeA11y.cpp.obj
[877/1111] Building CXX object CMakeFiles/W2BProbeOfficeSave.dir/W2BProbeOfficeSave_autogen/mocs_compilation.cpp.obj
[878/1111] Building CXX object CMakeFiles/W2BProbeLegacySpace.dir/tests/W2BProbeLegacySpace.cpp.obj
D:/pdf/pdf-7z26/tests/W2BProbeLegacySpace.cpp: In function 'constexpr bool {anonymous}::rectClose(const QRectF&, const QRectF&)':
D:/pdf/pdf-7z26/tests/W2BProbeLegacySpace.cpp:58:21: warning: call to non-'constexpr' function 'double fabs(double)' [-Winvalid-constexpr]
   58 |     return std::fabs(a.x() - b.x()) < 0.01 && std::fabs(a.y() - b.y()) < 0.01
      |            ~~~~~~~~~^~~~~~~~~~~~~~~
In file included from D:/pdf/msys64/ucrt64/include/c++/16.1.0/cmath:55,
                 from C:/msys64/ucrt64/include/qt6/QtCore/qnumeric.h:19,
                 from C:/msys64/ucrt64/include/qt6/QtCore/qglobal.h:60,
                 from C:/msys64/ucrt64/include/qt6/QtCore/QtCore:4,
                 from C:/msys64/ucrt64/include/qt6/QtTest/QtTestDepends:3,
                 from C:/msys64/ucrt64/include/qt6/QtTest/QtTest:3,
                 from D:/pdf/pdf-7z26/tests/W2BProbeLegacySpace.cpp:32:
D:/pdf/msys64/ucrt64/include/math.h:229:31: note: 'double fabs(double)' declared here
  229 |   __CRT_INLINE double __cdecl fabs (double x)
      |                               ^~~~
[879/1111] Building CXX object CMakeFiles/TestRotate270PageSpace.dir/TestRotate270PageSpace_autogen/mocs_compilation.cpp.obj
[880/1111] Building CXX object CMakeFiles/W2BProbeOfficeSave.dir/tests/W2BProbeOfficeSave.cpp.obj
[881/1111] Building CXX object CMakeFiles/R14ProbeBatchSkip.dir/R14ProbeBatchSkip_autogen/mocs_compilation.cpp.obj
[882/1111] Building CXX object CMakeFiles/TestRotate270PageSpace.dir/tests/TestRotate270PageSpace.cpp.obj
D:/pdf/pdf-7z26/tests/TestRotate270PageSpace.cpp: In function 'constexpr bool {anonymous}::rectClose(const QRectF&, const QRectF&)':
D:/pdf/pdf-7z26/tests/TestRotate270PageSpace.cpp:51:21: warning: call to non-'constexpr' function 'double fabs(double)' [-Winvalid-constexpr]
   51 |     return std::fabs(a.x() - b.x()) < 0.01 && std::fabs(a.y() - b.y()) < 0.01
      |            ~~~~~~~~~^~~~~~~~~~~~~~~
In file included from D:/pdf/msys64/ucrt64/include/c++/16.1.0/cmath:55,
                 from C:/msys64/ucrt64/include/qt6/QtCore/qnumeric.h:19,
                 from C:/msys64/ucrt64/include/qt6/QtCore/qglobal.h:60,
                 from C:/msys64/ucrt64/include/qt6/QtCore/QtCore:4,
                 from C:/msys64/ucrt64/include/qt6/QtTest/QtTestDepends:3,
                 from C:/msys64/ucrt64/include/qt6/QtTest/QtTest:3,
                 from D:/pdf/pdf-7z26/tests/TestRotate270PageSpace.cpp:23:
D:/pdf/msys64/ucrt64/include/math.h:229:31: note: 'double fabs(double)' declared here
  229 |   __CRT_INLINE double __cdecl fabs (double x)
      |                               ^~~~
[883/1111] Building CXX object CMakeFiles/TestGsdW2Probe.dir/TestGsdW2Probe_autogen/mocs_compilation.cpp.obj
[884/1111] Building CXX object CMakeFiles/R14ProbeBatchSkip.dir/tests/R14ProbeBatchSkip.cpp.obj
[885/1111] Building CXX object CMakeFiles/W2CProbeRotate270.dir/W2CProbeRotate270_autogen/mocs_compilation.cpp.obj
[886/1111] Building CXX object CMakeFiles/TestGsdW2Probe.dir/tests/TestGsdW2Probe.cpp.obj
[887/1111] Building CXX object CMakeFiles/TestPgr37PageSpaceLaw.dir/TestPgr37PageSpaceLaw_autogen/mocs_compilation.cpp.obj
[888/1111] Building CXX object CMakeFiles/W2CProbeRotate270.dir/tests/W2CProbeRotate270.cpp.obj
D:/pdf/pdf-7z26/tests/W2CProbeRotate270.cpp: In function 'constexpr bool {anonymous}::rectClose(const QRectF&, const QRectF&)':
D:/pdf/pdf-7z26/tests/W2CProbeRotate270.cpp:68:21: warning: call to non-'constexpr' function 'double fabs(double)' [-Winvalid-constexpr]
   68 |     return std::fabs(a.x() - b.x()) < 0.01 && std::fabs(a.y() - b.y()) < 0.01
      |            ~~~~~~~~~^~~~~~~~~~~~~~~
In file included from D:/pdf/msys64/ucrt64/include/c++/16.1.0/cmath:55,
                 from C:/msys64/ucrt64/include/qt6/QtCore/qnumeric.h:19,
                 from C:/msys64/ucrt64/include/qt6/QtCore/qglobal.h:60,
                 from C:/msys64/ucrt64/include/qt6/QtCore/QtCore:4,
                 from C:/msys64/ucrt64/include/qt6/QtTest/QtTestDepends:3,
                 from C:/msys64/ucrt64/include/qt6/QtTest/QtTest:3,
                 from D:/pdf/pdf-7z26/tests/W2CProbeRotate270.cpp:37:
D:/pdf/msys64/ucrt64/include/math.h:229:31: note: 'double fabs(double)' declared here
  229 |   __CRT_INLINE double __cdecl fabs (double x)
      |                               ^~~~
[889/1111] Building CXX object CMakeFiles/TestPgr35BatchCollision.dir/TestPgr35BatchCollision_autogen/mocs_compilation.cpp.obj
[890/1111] Building CXX object CMakeFiles/TestPgr37PageSpaceLaw.dir/tests/TestPgr37PageSpaceLaw.cpp.obj
[891/1111] Building CXX object CMakeFiles/TestPgr36StaleSigningPanel.dir/TestPgr36StaleSigningPanel_autogen/mocs_compilation.cpp.obj
[892/1111] Building CXX object CMakeFiles/TestPgr35BatchCollision.dir/tests/TestPgr35BatchCollision.cpp.obj
[893/1111] Building CXX object CMakeFiles/TestFileHandleCoordination.dir/TestFileHandleCoordination_autogen/mocs_compilation.cpp.obj
[894/1111] Building CXX object CMakeFiles/TestPgr36StaleSigningPanel.dir/tests/TestPgr36StaleSigningPanel.cpp.obj
[895/1111] Building CXX object CMakeFiles/TestFileHandleCoordination.dir/tests/TestFileHandleCoordination.cpp.obj
[896/1111] Building CXX object CMakeFiles/TestCommandRegistry.dir/TestCommandRegistry_autogen/mocs_compilation.cpp.obj
[897/1111] Building CXX object CMakeFiles/TestFileHandleCoordination.dir/src/app/Bootstrapper.cpp.obj
[898/1111] Building CXX object CMakeFiles/TestCommandRegistry.dir/tests/TestCommandRegistry.cpp.obj
[899/1111] Linking CXX executable UnitTests.exe
lto-wrapper.exe: warning: using serial compilation of 6 LTRANS jobs
lto-wrapper.exe: note: see the '-flto' option documentation for more information
[900/1111] Linking CXX executable TestInterfaces.exe
[901/1111] Linking CXX executable TestExpiryInterface.exe; Deploying podofo 1.1.0 DLL for TestExpiryInterface
lto-wrapper.exe: warning: using serial compilation of 18 LTRANS jobs
lto-wrapper.exe: note: see the '-flto' option documentation for more information
[902/1111] Linking CXX executable SmokeTest.exe
lto-wrapper.exe: warning: using serial compilation of 25 LTRANS jobs
lto-wrapper.exe: note: see the '-flto' option documentation for more information
[903/1111] Linking CXX executable TestSanitization.exe
lto-wrapper.exe: warning: using serial compilation of 19 LTRANS jobs
lto-wrapper.exe: note: see the '-flto' option documentation for more information
[904/1111] Linking CXX executable TestSanitizeSelective.exe; Deploying podofo 1.1.0 DLL for TestSanitizeSelective
lto-wrapper.exe: warning: using serial compilation of 19 LTRANS jobs
lto-wrapper.exe: note: see the '-flto' option documentation for more information
[905/1111] Linking CXX executable TestSanitizeTrailerUaf.exe
lto-wrapper.exe: warning: using serial compilation of 18 LTRANS jobs
lto-wrapper.exe: note: see the '-flto' option documentation for more information
[906/1111] Linking CXX executable PdfWorkstation.exe; AR-11 D4: Stripping DWARF paths from Release PdfWorkstation.exe
lto-wrapper.exe: warning: using serial compilation of 116 LTRANS jobs
lto-wrapper.exe: note: see the '-flto' option documentation for more information
In function 'memcpy',
    inlined from 'luaL_addlstring' at D:/pdf/pdf-7z26/third_party/lua-5.4/src/lauxlib.c:586:5,
    inlined from 'luaL_addlstring' at D:/pdf/pdf-7z26/third_party/lua-5.4/src/lauxlib.c:583:17,
    inlined from 'add_s' at D:/pdf/pdf-7z26/third_party/lua-5.4/src/lstrlib.c:883:9,
    inlined from 'add_value' at D:/pdf/pdf-7z26/third_party/lua-5.4/src/lstrlib.c:923:7,
    inlined from 'str_gsub' at D:/pdf/pdf-7z26/third_party/lua-5.4/src/lstrlib.c:967:17:
D:/pdf/msys64/ucrt64/include/string.h:217:10: warning: '__builtin_memcpy' specified bound 18446744073709551614 exceeds maximum object size 9223372036854775807 [-Wstringop-overflow=]
  217 |   return __builtin___memcpy_chk(__dst, __src, __n, __mingw_bos(__dst, 0));
      |          ^
[907/1111] Linking CXX executable TestAutosave.exe
lto-wrapper.exe: warning: using serial compilation of 19 LTRANS jobs
lto-wrapper.exe: note: see the '-flto' option documentation for more information
[908/1111] Linking CXX executable TestDocumentIdentity.exe; Deploying qoffscreen platform plugin for TestDocumentIdentity
D:/pdf/pdf-7z26/src/modes/PdfAValidationPanel.h:68:7: warning: type 'struct PdfAValidationPanel' violates the C++ One Definition Rule [-Wodr]
   68 | class PdfAValidationPanel : public QFrame {
      |       ^
D:/pdf/pdf-7z26/src/modes/PdfAValidationPanel.h:68:7: note: a different type is defined in another translation unit
   68 | class PdfAValidationPanel : public QFrame {
      |       ^
D:/pdf/pdf-7z26/src/modes/PdfAValidationPanel.h:120:24: note: the first difference of corresponding definitions is field 'm_issuesLayout'
  120 |     class QVBoxLayout* m_issuesLayout{nullptr};
      |                        ^
D:/pdf/pdf-7z26/src/modes/PdfAValidationPanel.h:120:24: note: a field of same name but different type is defined in another translation unit
  120 |     class QVBoxLayout* m_issuesLayout{nullptr};
      |                        ^
D:/pdf/pdf-7z26/src/modes/PdfAValidationPanel.h:120:11: note: type name 'gp::QVBoxLayout' should match type name 'QVBoxLayout'
  120 |     class QVBoxLayout* m_issuesLayout{nullptr};
      |           ^
C:/msys64/ucrt64/include/qt6/QtWidgets/qboxlayout.h:91:24: note: the incompatible type is defined here
   91 | class Q_WIDGETS_EXPORT QVBoxLayout : public QBoxLayout
      |                        ^
lto-wrapper.exe: warning: using serial compilation of 116 LTRANS jobs
lto-wrapper.exe: note: see the '-flto' option documentation for more information
In function 'memcpy',
    inlined from 'luaL_addlstring' at D:/pdf/pdf-7z26/third_party/lua-5.4/src/lauxlib.c:586:5,
    inlined from 'luaL_addlstring' at D:/pdf/pdf-7z26/third_party/lua-5.4/src/lauxlib.c:583:17,
    inlined from 'add_s' at D:/pdf/pdf-7z26/third_party/lua-5.4/src/lstrlib.c:883:9,
    inlined from 'add_value' at D:/pdf/pdf-7z26/third_party/lua-5.4/src/lstrlib.c:923:7,
    inlined from 'str_gsub' at D:/pdf/pdf-7z26/third_party/lua-5.4/src/lstrlib.c:967:17:
D:/pdf/msys64/ucrt64/include/string.h:217:10: warning: '__builtin_memcpy' specified bound 18446744073709551614 exceeds maximum object size 9223372036854775807 [-Wstringop-overflow=]
  217 |   return __builtin___memcpy_chk(__dst, __src, __n, __mingw_bos(__dst, 0));
      |          ^
[909/1111] Linking CXX executable TestBatesBatchSafety.exe; Deploying qoffscreen platform plugin for TestBatesBatchSafety
lto-wrapper.exe: warning: using serial compilation of 116 LTRANS jobs
lto-wrapper.exe: note: see the '-flto' option documentation for more information
In function 'memcpy',
    inlined from 'luaL_addlstring' at D:/pdf/pdf-7z26/third_party/lua-5.4/src/lauxlib.c:586:5,
    inlined from 'luaL_addlstring' at D:/pdf/pdf-7z26/third_party/lua-5.4/src/lauxlib.c:583:17,
    inlined from 'add_s' at D:/pdf/pdf-7z26/third_party/lua-5.4/src/lstrlib.c:883:9,
    inlined from 'add_value' at D:/pdf/pdf-7z26/third_party/lua-5.4/src/lstrlib.c:923:7,
    inlined from 'str_gsub' at D:/pdf/pdf-7z26/third_party/lua-5.4/src/lstrlib.c:967:17:
D:/pdf/msys64/ucrt64/include/string.h:217:10: warning: '__builtin_memcpy' specified bound 18446744073709551614 exceeds maximum object size 9223372036854775807 [-Wstringop-overflow=]
  217 |   return __builtin___memcpy_chk(__dst, __src, __n, __mingw_bos(__dst, 0));
      |          ^
[910/1111] Linking CXX executable TestRecoverySave.exe; Deploying qoffscreen platform plugin for TestRecoverySave
lto-wrapper.exe: warning: using serial compilation of 115 LTRANS jobs
lto-wrapper.exe: note: see the '-flto' option documentation for more information
In function 'memcpy',
    inlined from 'luaL_addlstring' at D:/pdf/pdf-7z26/third_party/lua-5.4/src/lauxlib.c:586:5,
    inlined from 'luaL_addlstring' at D:/pdf/pdf-7z26/third_party/lua-5.4/src/lauxlib.c:583:17,
    inlined from 'add_s' at D:/pdf/pdf-7z26/third_party/lua-5.4/src/lstrlib.c:883:9,
    inlined from 'add_value' at D:/pdf/pdf-7z26/third_party/lua-5.4/src/lstrlib.c:923:7,
    inlined from 'str_gsub' at D:/pdf/pdf-7z26/third_party/lua-5.4/src/lstrlib.c:967:17:
D:/pdf/msys64/ucrt64/include/string.h:217:10: warning: '__builtin_memcpy' specified bound 18446744073709551614 exceeds maximum object size 9223372036854775807 [-Wstringop-overflow=]
  217 |   return __builtin___memcpy_chk(__dst, __src, __n, __mingw_bos(__dst, 0));
      |          ^
[911/1111] Linking CXX executable TestReadOnlyGate.exe; Deploying qoffscreen platform plugin for TestReadOnlyGate
lto-wrapper.exe: warning: using serial compilation of 116 LTRANS jobs
lto-wrapper.exe: note: see the '-flto' option documentation for more information
In function 'memcpy',
    inlined from 'luaL_addlstring' at D:/pdf/pdf-7z26/third_party/lua-5.4/src/lauxlib.c:586:5,
    inlined from 'luaL_addlstring' at D:/pdf/pdf-7z26/third_party/lua-5.4/src/lauxlib.c:583:17,
    inlined from 'add_s' at D:/pdf/pdf-7z26/third_party/lua-5.4/src/lstrlib.c:883:9,
    inlined from 'add_value' at D:/pdf/pdf-7z26/third_party/lua-5.4/src/lstrlib.c:923:7,
    inlined from 'str_gsub' at D:/pdf/pdf-7z26/third_party/lua-5.4/src/lstrlib.c:967:17:
D:/pdf/msys64/ucrt64/include/string.h:217:10: warning: '__builtin_memcpy' specified bound 18446744073709551614 exceeds maximum object size 9223372036854775807 [-Wstringop-overflow=]
  217 |   return __builtin___memcpy_chk(__dst, __src, __n, __mingw_bos(__dst, 0));
      |          ^
[912/1111] Linking CXX executable TestSignatureValidationMock.exe
lto-wrapper.exe: warning: using serial compilation of 2 LTRANS jobs
lto-wrapper.exe: note: see the '-flto' option documentation for more information
[913/1111] Linking CXX executable TestRobustness.exe
lto-wrapper.exe: warning: using serial compilation of 18 LTRANS jobs
lto-wrapper.exe: note: see the '-flto' option documentation for more information
[914/1111] Linking CXX executable TestSecretStore.exe
lto-wrapper.exe: warning: using serial compilation of 2 LTRANS jobs
lto-wrapper.exe: note: see the '-flto' option documentation for more information
[915/1111] Linking CXX executable TestSignatureValidation.exe
lto-wrapper.exe: warning: using serial compilation of 3 LTRANS jobs
lto-wrapper.exe: note: see the '-flto' option documentation for more information
[916/1111] Linking CXX executable TestSignatureRealCrypto.exe; Deploying podofo 1.1.0 DLL for TestSignatureRealCrypto
lto-wrapper.exe: warning: using serial compilation of 9 LTRANS jobs
lto-wrapper.exe: note: see the '-flto' option documentation for more information
[917/1111] Linking CXX executable TestSendForSigning.exe; Deploying podofo 1.1.0 DLL for TestSendForSigning
lto-wrapper.exe: warning: using serial compilation of 11 LTRANS jobs
lto-wrapper.exe: note: see the '-flto' option documentation for more information
[918/1111] Linking CXX executable TestEraseSignedGuard.exe; Deploying podofo 1.1.0 DLL for TestEraseSignedGuard
lto-wrapper.exe: warning: using serial compilation of 18 LTRANS jobs
lto-wrapper.exe: note: see the '-flto' option documentation for more information
[919/1111] Linking CXX executable TestSignatureAppearance.exe; Deploying podofo 1.1.0 DLL for TestSignatureAppearance
lto-wrapper.exe: warning: using serial compilation of 4 LTRANS jobs
lto-wrapper.exe: note: see the '-flto' option documentation for more information
[920/1111] Linking CXX executable TestOptimizeSignedGuard.exe; Deploying podofo 1.1.0 DLL for TestOptimizeSignedGuard
lto-wrapper.exe: warning: using serial compilation of 17 LTRANS jobs
lto-wrapper.exe: note: see the '-flto' option documentation for more information
[921/1111] Linking CXX executable TestImageDedup.exe; Deploying podofo 1.1.0 DLL for TestImageDedup
lto-wrapper.exe: warning: using serial compilation of 3 LTRANS jobs
lto-wrapper.exe: note: see the '-flto' option documentation for more information
[922/1111] Linking CXX executable TestChain1.exe
[923/1111] Linking CXX executable TestSidecarReopenState.exe; Deploying qoffscreen platform plugin for TestSidecarReopenState
lto-wrapper.exe: warning: using serial compilation of 118 LTRANS jobs
lto-wrapper.exe: note: see the '-flto' option documentation for more information
In function 'memcpy',
    inlined from 'luaL_addlstring' at D:/pdf/pdf-7z26/third_party/lua-5.4/src/lauxlib.c:586:5,
    inlined from 'luaL_addlstring' at D:/pdf/pdf-7z26/third_party/lua-5.4/src/lauxlib.c:583:17,
    inlined from 'add_s' at D:/pdf/pdf-7z26/third_party/lua-5.4/src/lstrlib.c:883:9,
    inlined from 'add_value' at D:/pdf/pdf-7z26/third_party/lua-5.4/src/lstrlib.c:923:7,
    inlined from 'str_gsub' at D:/pdf/pdf-7z26/third_party/lua-5.4/src/lstrlib.c:967:17:
D:/pdf/msys64/ucrt64/include/string.h:217:10: warning: '__builtin_memcpy' specified bound 18446744073709551614 exceeds maximum object size 9223372036854775807 [-Wstringop-overflow=]
  217 |   return __builtin___memcpy_chk(__dst, __src, __n, __mingw_bos(__dst, 0));
      |          ^
[924/1111] Linking CXX executable TestRedaction.exe
lto-wrapper.exe: warning: using serial compilation of 18 LTRANS jobs
lto-wrapper.exe: note: see the '-flto' option documentation for more information
[925/1111] Linking CXX executable TestDedupSMask.exe; Deploying podofo 1.1.0 DLL for TestDedupSMask
lto-wrapper.exe: warning: using serial compilation of 18 LTRANS jobs
lto-wrapper.exe: note: see the '-flto' option documentation for more information
[926/1111] Linking CXX executable TestCompressJpegReencode.exe; Deploying podofo 1.1.0 DLL for TestCompressJpegReencode
lto-wrapper.exe: warning: using serial compilation of 19 LTRANS jobs
lto-wrapper.exe: note: see the '-flto' option documentation for more information
[927/1111] Linking CXX executable TestLayoutEnsemble.exe
lto-wrapper.exe: warning: using serial compilation of 2 LTRANS jobs
lto-wrapper.exe: note: see the '-flto' option documentation for more information
[928/1111] Linking CXX executable TestOptimizeEstimate.exe; Deploying podofo 1.1.0 DLL for TestOptimizeEstimate
lto-wrapper.exe: warning: using serial compilation of 18 LTRANS jobs
lto-wrapper.exe: note: see the '-flto' option documentation for more information
[929/1111] Linking CXX executable TestOcrPipeline.exe
lto-wrapper.exe: warning: using serial compilation of 4 LTRANS jobs
lto-wrapper.exe: note: see the '-flto' option documentation for more information
[930/1111] Linking CXX executable TestOcrReviewLifecycle.exe; Deploying qoffscreen platform plugin for TestOcrReviewLifecycle
lto-wrapper.exe: warning: using serial compilation of 33 LTRANS jobs
lto-wrapper.exe: note: see the '-flto' option documentation for more information
In function 'memcpy',
    inlined from 'luaL_addlstring' at D:/pdf/pdf-7z26/third_party/lua-5.4/src/lauxlib.c:586:5,
    inlined from 'luaL_addlstring' at D:/pdf/pdf-7z26/third_party/lua-5.4/src/lauxlib.c:583:17,
    inlined from 'add_s' at D:/pdf/pdf-7z26/third_party/lua-5.4/src/lstrlib.c:883:9,
    inlined from 'add_value' at D:/pdf/pdf-7z26/third_party/lua-5.4/src/lstrlib.c:923:7,
    inlined from 'str_gsub' at D:/pdf/pdf-7z26/third_party/lua-5.4/src/lstrlib.c:967:17:
D:/pdf/msys64/ucrt64/include/string.h:217:10: warning: '__builtin_memcpy' specified bound 18446744073709551614 exceeds maximum object size 9223372036854775807 [-Wstringop-overflow=]
  217 |   return __builtin___memcpy_chk(__dst, __src, __n, __mingw_bos(__dst, 0));
      |          ^
[931/1111] Linking CXX executable TestOcrOutputMode.exe; Deploying qoffscreen platform plugin for TestOcrOutputMode
lto-wrapper.exe: warning: using serial compilation of 27 LTRANS jobs
lto-wrapper.exe: note: see the '-flto' option documentation for more information
[932/1111] Linking CXX executable TestOcrVerifyNavigation.exe; Deploying qoffscreen platform plugin for TestOcrVerifyNavigation
lto-wrapper.exe: warning: using serial compilation of 50 LTRANS jobs
lto-wrapper.exe: note: see the '-flto' option documentation for more information
[933/1111] Linking CXX executable TestOcrRegionReocr.exe; Deploying qoffscreen platform plugin for TestOcrRegionReocr
lto-wrapper.exe: warning: using serial compilation of 116 LTRANS jobs
lto-wrapper.exe: note: see the '-flto' option documentation for more information
In function 'memcpy',
    inlined from 'luaL_addlstring' at D:/pdf/pdf-7z26/third_party/lua-5.4/src/lauxlib.c:586:5,
    inlined from 'luaL_addlstring' at D:/pdf/pdf-7z26/third_party/lua-5.4/src/lauxlib.c:583:17,
    inlined from 'add_s' at D:/pdf/pdf-7z26/third_party/lua-5.4/src/lstrlib.c:883:9,
    inlined from 'add_value' at D:/pdf/pdf-7z26/third_party/lua-5.4/src/lstrlib.c:923:7,
    inlined from 'str_gsub' at D:/pdf/pdf-7z26/third_party/lua-5.4/src/lstrlib.c:967:17:
D:/pdf/msys64/ucrt64/include/string.h:217:10: warning: '__builtin_memcpy' specified bound 18446744073709551614 exceeds maximum object size 9223372036854775807 [-Wstringop-overflow=]
  217 |   return __builtin___memcpy_chk(__dst, __src, __n, __mingw_bos(__dst, 0));
      |          ^
[934/1111] Linking CXX executable TestOcrPreprocessor.exe
[935/1111] Linking CXX executable TestOcrVerifyPort.exe; Deploying qoffscreen platform plugin for TestOcrVerifyPort
lto-wrapper.exe: warning: using serial compilation of 4 LTRANS jobs
lto-wrapper.exe: note: see the '-flto' option documentation for more information
[936/1111] Linking CXX executable TestOcrDjotMapper.exe
lto-wrapper.exe: warning: using serial compilation of 8 LTRANS jobs
lto-wrapper.exe: note: see the '-flto' option documentation for more information
In function 'memcpy',
    inlined from 'luaL_addlstring' at D:/pdf/pdf-7z26/third_party/lua-5.4/src/lauxlib.c:586:5,
    inlined from 'luaL_addlstring' at D:/pdf/pdf-7z26/third_party/lua-5.4/src/lauxlib.c:583:17,
    inlined from 'add_s' at D:/pdf/pdf-7z26/third_party/lua-5.4/src/lstrlib.c:883:9,
    inlined from 'add_value' at D:/pdf/pdf-7z26/third_party/lua-5.4/src/lstrlib.c:923:7,
    inlined from 'str_gsub' at D:/pdf/pdf-7z26/third_party/lua-5.4/src/lstrlib.c:967:17:
D:/pdf/msys64/ucrt64/include/string.h:217:10: warning: '__builtin_memcpy' specified bound 18446744073709551614 exceeds maximum object size 9223372036854775807 [-Wstringop-overflow=]
  217 |   return __builtin___memcpy_chk(__dst, __src, __n, __mingw_bos(__dst, 0));
      |          ^
[937/1111] Linking CXX executable TestThreadSafety.exe
lto-wrapper.exe: warning: using serial compilation of 19 LTRANS jobs
lto-wrapper.exe: note: see the '-flto' option documentation for more information
[938/1111] Linking CXX executable TestEncryption.exe
lto-wrapper.exe: warning: using serial compilation of 18 LTRANS jobs
lto-wrapper.exe: note: see the '-flto' option documentation for more information
[939/1111] Linking CXX executable TestResourceLimits.exe
lto-wrapper.exe: warning: using serial compilation of 18 LTRANS jobs
lto-wrapper.exe: note: see the '-flto' option documentation for more information
[940/1111] Linking CXX executable TestSevenZipBundle.exe
[941/1111] Linking CXX executable TestControllers.exe; Deploying qoffscreen platform plugin for TestControllers
lto-wrapper.exe: warning: using serial compilation of 95 LTRANS jobs
lto-wrapper.exe: note: see the '-flto' option documentation for more information
[942/1111] Linking CXX executable TestRibbonIntegrity.exe; Deploying qoffscreen platform plugin for TestRibbonIntegrity
lto-wrapper.exe: warning: using serial compilation of 95 LTRANS jobs
lto-wrapper.exe: note: see the '-flto' option documentation for more information
[943/1111] Linking CXX executable TestMenuBarIntegrity.exe; Deploying qoffscreen platform plugin for TestMenuBarIntegrity
lto-wrapper.exe: warning: using serial compilation of 94 LTRANS jobs
lto-wrapper.exe: note: see the '-flto' option documentation for more information
[944/1111] Linking CXX executable TestCommandBinding.exe; Deploying qoffscreen platform plugin for TestCommandBinding
lto-wrapper.exe: warning: using serial compilation of 116 LTRANS jobs
lto-wrapper.exe: note: see the '-flto' option documentation for more information
In function 'memcpy',
    inlined from 'luaL_addlstring' at D:/pdf/pdf-7z26/third_party/lua-5.4/src/lauxlib.c:586:5,
    inlined from 'luaL_addlstring' at D:/pdf/pdf-7z26/third_party/lua-5.4/src/lauxlib.c:583:17,
    inlined from 'add_s' at D:/pdf/pdf-7z26/third_party/lua-5.4/src/lstrlib.c:883:9,
    inlined from 'add_value' at D:/pdf/pdf-7z26/third_party/lua-5.4/src/lstrlib.c:923:7,
    inlined from 'str_gsub' at D:/pdf/pdf-7z26/third_party/lua-5.4/src/lstrlib.c:967:17:
D:/pdf/msys64/ucrt64/include/string.h:217:10: warning: '__builtin_memcpy' specified bound 18446744073709551614 exceeds maximum object size 9223372036854775807 [-Wstringop-overflow=]
  217 |   return __builtin___memcpy_chk(__dst, __src, __n, __mingw_bos(__dst, 0));
      |          ^
[945/1111] Linking CXX executable TestWelcomeRoutes.exe; Deploying qoffscreen platform plugin for TestWelcomeRoutes
lto-wrapper.exe: warning: using serial compilation of 117 LTRANS jobs
lto-wrapper.exe: note: see the '-flto' option documentation for more information
In function 'memcpy',
    inlined from 'luaL_addlstring' at D:/pdf/pdf-7z26/third_party/lua-5.4/src/lauxlib.c:586:5,
    inlined from 'luaL_addlstring' at D:/pdf/pdf-7z26/third_party/lua-5.4/src/lauxlib.c:583:17,
    inlined from 'add_s' at D:/pdf/pdf-7z26/third_party/lua-5.4/src/lstrlib.c:883:9,
    inlined from 'add_value' at D:/pdf/pdf-7z26/third_party/lua-5.4/src/lstrlib.c:923:7,
    inlined from 'str_gsub' at D:/pdf/pdf-7z26/third_party/lua-5.4/src/lstrlib.c:967:17:
D:/pdf/msys64/ucrt64/include/string.h:217:10: warning: '__builtin_memcpy' specified bound 18446744073709551614 exceeds maximum object size 9223372036854775807 [-Wstringop-overflow=]
  217 |   return __builtin___memcpy_chk(__dst, __src, __n, __mingw_bos(__dst, 0));
      |          ^
[946/1111] Linking CXX executable TestSweepW3UxFlows.exe; Deploying qoffscreen platform plugin for TestSweepW3UxFlows
lto-wrapper.exe: warning: using serial compilation of 120 LTRANS jobs
lto-wrapper.exe: note: see the '-flto' option documentation for more information
In function 'memcpy',
    inlined from 'luaL_addlstring' at D:/pdf/pdf-7z26/third_party/lua-5.4/src/lauxlib.c:586:5,
    inlined from 'luaL_addlstring' at D:/pdf/pdf-7z26/third_party/lua-5.4/src/lauxlib.c:583:17,
    inlined from 'add_s' at D:/pdf/pdf-7z26/third_party/lua-5.4/src/lstrlib.c:883:9,
    inlined from 'add_value' at D:/pdf/pdf-7z26/third_party/lua-5.4/src/lstrlib.c:923:7,
    inlined from 'str_gsub' at D:/pdf/pdf-7z26/third_party/lua-5.4/src/lstrlib.c:967:17:
D:/pdf/msys64/ucrt64/include/string.h:217:10: warning: '__builtin_memcpy' specified bound 18446744073709551614 exceeds maximum object size 9223372036854775807 [-Wstringop-overflow=]
  217 |   return __builtin___memcpy_chk(__dst, __src, __n, __mingw_bos(__dst, 0));
      |          ^
[947/1111] Linking CXX executable TestIntegration.exe
lto-wrapper.exe: warning: using serial compilation of 18 LTRANS jobs
lto-wrapper.exe: note: see the '-flto' option documentation for more information
[948/1111] Linking CXX executable TestPerformance.exe
lto-wrapper.exe: warning: using serial compilation of 20 LTRANS jobs
lto-wrapper.exe: note: see the '-flto' option documentation for more information
[949/1111] Linking CXX executable TestVeraPdf.exe
lto-wrapper.exe: warning: using serial compilation of 2 LTRANS jobs
lto-wrapper.exe: note: see the '-flto' option documentation for more information
[950/1111] Linking CXX executable TestUiAccessibility.exe; Deploying qoffscreen platform plugin for TestUiAccessibility
lto-wrapper.exe: warning: using serial compilation of 116 LTRANS jobs
lto-wrapper.exe: note: see the '-flto' option documentation for more information
In function 'memcpy',
    inlined from 'luaL_addlstring' at D:/pdf/pdf-7z26/third_party/lua-5.4/src/lauxlib.c:586:5,
    inlined from 'luaL_addlstring' at D:/pdf/pdf-7z26/third_party/lua-5.4/src/lauxlib.c:583:17,
    inlined from 'add_s' at D:/pdf/pdf-7z26/third_party/lua-5.4/src/lstrlib.c:883:9,
    inlined from 'add_value' at D:/pdf/pdf-7z26/third_party/lua-5.4/src/lstrlib.c:923:7,
    inlined from 'str_gsub' at D:/pdf/pdf-7z26/third_party/lua-5.4/src/lstrlib.c:967:17:
D:/pdf/msys64/ucrt64/include/string.h:217:10: warning: '__builtin_memcpy' specified bound 18446744073709551614 exceeds maximum object size 9223372036854775807 [-Wstringop-overflow=]
  217 |   return __builtin___memcpy_chk(__dst, __src, __n, __mingw_bos(__dst, 0));
      |          ^
[951/1111] Linking CXX executable TestAccessibilityChecker.exe
[952/1111] Linking CXX executable TestAccessibilityPanel.exe
lto-wrapper.exe: warning: using serial compilation of 9 LTRANS jobs
lto-wrapper.exe: note: see the '-flto' option documentation for more information
[953/1111] Linking CXX executable TestA11yReportWriter.exe; Deploying qoffscreen platform plugin for TestA11yReportWriter
lto-wrapper.exe: warning: using serial compilation of 2 LTRANS jobs
lto-wrapper.exe: note: see the '-flto' option documentation for more information
[954/1111] Linking CXX executable TestAccessibilityFixes.exe
lto-wrapper.exe: warning: using serial compilation of 5 LTRANS jobs
lto-wrapper.exe: note: see the '-flto' option documentation for more information
[955/1111] Linking CXX executable TestAccessibilityTagger.exe
lto-wrapper.exe: warning: using serial compilation of 8 LTRANS jobs
lto-wrapper.exe: note: see the '-flto' option documentation for more information
[956/1111] Linking CXX executable TestLaneScheduler.exe
lto-wrapper.exe: warning: using serial compilation of 3 LTRANS jobs
lto-wrapper.exe: note: see the '-flto' option documentation for more information
[957/1111] Linking CXX executable TestReadingOrderAsync.exe
D:/pdf/pdf-7z26/src/modes/PdfAValidationPanel.h:68:7: warning: type 'struct PdfAValidationPanel' violates the C++ One Definition Rule [-Wodr]
   68 | class PdfAValidationPanel : public QFrame {
      |       ^
D:/pdf/pdf-7z26/src/modes/PdfAValidationPanel.h:68:7: note: a different type is defined in another translation unit
   68 | class PdfAValidationPanel : public QFrame {
      |       ^
D:/pdf/pdf-7z26/src/modes/PdfAValidationPanel.h:117:19: note: the first difference of corresponding definitions is field 'm_statusLabel'
  117 |     class QLabel* m_statusLabel{nullptr};
      |                   ^
D:/pdf/pdf-7z26/src/modes/PdfAValidationPanel.h:117:19: note: a field of same name but different type is defined in another translation unit
  117 |     class QLabel* m_statusLabel{nullptr};
      |                   ^
D:/pdf/pdf-7z26/src/modes/PdfAValidationPanel.h:117:11: note: type name 'gp::QLabel' should match type name 'QLabel'
  117 |     class QLabel* m_statusLabel{nullptr};
      |           ^
C:/msys64/ucrt64/include/qt6/QtWidgets/qlabel.h:20:24: note: the incompatible type is defined here
   20 | class Q_WIDGETS_EXPORT QLabel : public QFrame
      |                        ^
lto-wrapper.exe: warning: using serial compilation of 72 LTRANS jobs
lto-wrapper.exe: note: see the '-flto' option documentation for more information
[958/1111] Linking CXX executable TestFormPersistence.exe; Deploying qoffscreen platform plugin and podofo 1.1.0 DLL for TestFormPersistence; Deploying podofo 1.1.0 DLL for TestFormPersistence
lto-wrapper.exe: warning: using serial compilation of 6 LTRANS jobs
lto-wrapper.exe: note: see the '-flto' option documentation for more information
[959/1111] Linking CXX executable TestFormBuilder.exe; Deploying qoffscreen platform plugin and podofo 1.1.0 DLL for TestFormBuilder; Deploying podofo 1.1.0 DLL for TestFormBuilder
lto-wrapper.exe: warning: using serial compilation of 6 LTRANS jobs
lto-wrapper.exe: note: see the '-flto' option documentation for more information
[960/1111] Linking CXX executable TestCompareEntry.exe; Deploying qoffscreen platform plugin for TestCompareEntry
lto-wrapper.exe: warning: using serial compilation of 11 LTRANS jobs
lto-wrapper.exe: note: see the '-flto' option documentation for more information
[961/1111] Linking CXX executable TestCompareIntegration.exe; Deploying qoffscreen platform plugin for TestCompareIntegration
lto-wrapper.exe: warning: using serial compilation of 11 LTRANS jobs
lto-wrapper.exe: note: see the '-flto' option documentation for more information
[962/1111] Linking CXX executable TestPageLabels.exe; Deploying podofo 1.1.0 DLL for TestPageLabels
lto-wrapper.exe: warning: using serial compilation of 2 LTRANS jobs
lto-wrapper.exe: note: see the '-flto' option documentation for more information
[963/1111] Linking CXX executable TestPagesMode.exe; Deploying qoffscreen platform plugin for TestPagesMode
lto-wrapper.exe: warning: using serial compilation of 24 LTRANS jobs
lto-wrapper.exe: note: see the '-flto' option documentation for more information
[964/1111] Linking CXX executable TestBatchMode.exe; Deploying qoffscreen platform plugin for TestBatchMode
lto-wrapper.exe: warning: using serial compilation of 31 LTRANS jobs
lto-wrapper.exe: note: see the '-flto' option documentation for more information
