Test project D:/pdf/pdf-7z26/build-rel
        Start   1: UnitTests
  1/203 Test   #1: UnitTests ...........................   Passed    0.13 sec
        Start   2: TestInterfaces
  2/203 Test   #2: TestInterfaces ......................   Passed    0.05 sec
        Start   3: TestExpiryInterface
  3/203 Test   #3: TestExpiryInterface .................   Passed    0.19 sec
        Start   4: SmokeTest
  4/203 Test   #4: SmokeTest ...........................   Passed    0.30 sec
        Start   5: TestSanitization
  5/203 Test   #5: TestSanitization ....................   Passed    0.39 sec
        Start   6: TestSanitizeSelective
  6/203 Test   #6: TestSanitizeSelective ...............   Passed    0.31 sec
        Start   7: TestSanitizeTrailerUaf
  7/203 Test   #7: TestSanitizeTrailerUaf ..............   Passed    0.14 sec
        Start   8: TestAutosave
  8/203 Test   #8: TestAutosave ........................   Passed    0.75 sec
        Start   9: TestDocumentIdentity
  9/203 Test   #9: TestDocumentIdentity ................   Passed    1.91 sec
        Start  10: TestBatesBatchSafety
 10/203 Test  #10: TestBatesBatchSafety ................   Passed    2.15 sec
        Start  11: TestRecoverySave
 11/203 Test  #11: TestRecoverySave ....................   Passed    1.06 sec
        Start  12: TestReadOnlyGate
 12/203 Test  #12: TestReadOnlyGate ....................   Passed    1.37 sec
        Start  13: TestSidecarReopenState
 13/203 Test  #13: TestSidecarReopenState ..............   Passed    1.05 sec
        Start  14: TestSignatureValidationMock
 14/203 Test  #14: TestSignatureValidationMock .........   Passed    0.06 sec
        Start  15: TestRobustness
 15/203 Test  #15: TestRobustness ......................   Passed    0.18 sec
        Start  16: TestSecretStore
 16/203 Test  #16: TestSecretStore .....................   Passed    6.72 sec
        Start  17: TestSignatureValidation
 17/203 Test  #17: TestSignatureValidation .............   Passed    0.27 sec
        Start  18: TestSignatureRealCrypto
 18/203 Test  #18: TestSignatureRealCrypto .............   Passed    3.44 sec
        Start  19: TestSendForSigning
 19/203 Test  #19: TestSendForSigning ..................   Passed    1.20 sec
        Start  20: TestEraseSignedGuard
 20/203 Test  #20: TestEraseSignedGuard ................   Passed    0.20 sec
        Start  21: TestSignatureAppearance
 21/203 Test  #21: TestSignatureAppearance .............   Passed    0.36 sec
        Start  22: TestOptimizeSignedGuard
 22/203 Test  #22: TestOptimizeSignedGuard .............   Passed    0.23 sec
        Start  23: TestImageDedup
 23/203 Test  #23: TestImageDedup ......................   Passed    0.12 sec
        Start  24: TestChain1
 24/203 Test  #24: TestChain1 ..........................   Passed    0.05 sec
        Start  25: TestRedaction
 25/203 Test  #25: TestRedaction .......................   Passed    0.61 sec
        Start  26: TestDedupSMask
 26/203 Test  #26: TestDedupSMask ......................   Passed    0.17 sec
        Start  27: TestCompressJpegReencode
 27/203 Test  #27: TestCompressJpegReencode ............   Passed    1.22 sec
        Start  28: TestOptimizeEstimate
 28/203 Test  #28: TestOptimizeEstimate ................   Passed    0.16 sec
        Start  29: TestLayoutEnsemble
 29/203 Test  #29: TestLayoutEnsemble ..................   Passed    0.07 sec
        Start  30: TestOcrPipeline
 30/203 Test  #30: TestOcrPipeline .....................   Passed    0.27 sec
        Start  31: TestOcrReviewLifecycle
 31/203 Test  #31: TestOcrReviewLifecycle ..............   Passed    0.54 sec
        Start  32: TestOcrRegionReocr
 32/203 Test  #32: TestOcrRegionReocr ..................   Passed    1.03 sec
        Start  33: TestOcrOutputMode
 33/203 Test  #33: TestOcrOutputMode ...................   Passed    0.57 sec
        Start  34: TestOcrVerifyNavigation
 34/203 Test  #34: TestOcrVerifyNavigation .............   Passed    0.33 sec
        Start  35: TestOcrVerifyPort
 35/203 Test  #35: TestOcrVerifyPort ...................   Passed    0.27 sec
        Start  36: TestOcrPreprocessor
 36/203 Test  #36: TestOcrPreprocessor .................   Passed    1.00 sec
        Start  37: TestOcrDjotMapper
 37/203 Test  #37: TestOcrDjotMapper ...................   Passed    0.08 sec
        Start  38: TestThreadSafety
 38/203 Test  #38: TestThreadSafety ....................   Passed    2.51 sec
        Start  39: TestEncryption
 39/203 Test  #39: TestEncryption ......................   Passed    0.30 sec
        Start  40: TestResourceLimits
 40/203 Test  #40: TestResourceLimits ..................   Passed    0.20 sec
        Start  41: TestControllers
 41/203 Test  #41: TestControllers .....................   Passed   15.63 sec
        Start  42: TestSevenZipBundle
 42/203 Test  #42: TestSevenZipBundle ..................   Passed    0.53 sec
        Start  43: TestRibbonIntegrity
 43/203 Test  #43: TestRibbonIntegrity .................   Passed    0.42 sec
        Start  44: TestMenuBarIntegrity
 44/203 Test  #44: TestMenuBarIntegrity ................   Passed    0.39 sec
        Start  45: TestCommandBinding
 45/203 Test  #45: TestCommandBinding ..................   Passed    1.94 sec
        Start  46: TestWelcomeRoutes
 46/203 Test  #46: TestWelcomeRoutes ...................   Passed    5.78 sec
        Start  47: TestSweepW3UxFlows
 47/203 Test  #47: TestSweepW3UxFlows ..................Exit code 0xc0000602***Exception: 326.02 sec
********* Start testing of TestSweepW3UxFlows *********
Config: Using QtTest library 6.11.0, Qt 6.11.0 (x86_64-little_endian-llp64 shared (dynamic) release build; by GCC 16.1.0), windows 11
PASS   : TestSweepW3UxFlows::initTestCase()
QWARN  : TestSweepW3UxFlows::flow1_openAnnotateSave_overwriteGuard() This plugin does not support propagateSizeHints()
QINFO  : TestSweepW3UxFlows::flow1_openAnnotateSave_overwriteGuard() UXAUDIT: F1 start: fixture D:/pdf/pdf-7z26/build-rel/test-tmp/TestSweepW3UxFlows/TestSweepW3UxFlows-FrEryV/report.pdf
QINFO  : TestSweepW3UxFlows::flow1_openAnnotateSave_overwriteGuard() UXAUDIT: F-route: clicking welcome card 'open'
QWARN  : TestSweepW3UxFlows::flow1_openAnnotateSave_overwriteGuard() This plugin does not support propagateSizeHints()
QDEBUG : TestSweepW3UxFlows::flow1_openAnnotateSave_overwriteGuard() [HomeController] Pruned 18 missing recent file(s).
QINFO  : TestSweepW3UxFlows::flow1_openAnnotateSave_overwriteGuard() UXAUDIT: F1 step1: open landed — page count 1
QINFO  : TestSweepW3UxFlows::flow1_openAnnotateSave_overwriteGuard() UXAUDIT: F1 step2: highlight tool armed via production dispatch
QINFO  : TestSweepW3UxFlows::flow1_openAnnotateSave_overwriteGuard() UXAUDIT: F1 step3: DRAG DID NOT PLACE (offscreen harness limitation) — staged via the viewer annotation model
QINFO  : TestSweepW3UxFlows::flow1_openAnnotateSave_overwriteGuard() UXAUDIT: F4 step4: save-in-place dispatched
QINFO  : TestSweepW3UxFlows::flow1_openAnnotateSave_overwriteGuard() UXAUDIT: F1 step4 verified: reopen shows 1 annotation(s)
QWARN  : TestSweepW3UxFlows::flow1_openAnnotateSave_overwriteGuard() This plugin does not support propagateSizeHints()
QWARN  : TestSweepW3UxFlows::flow1_openAnnotateSave_overwriteGuard() This plugin does not support propagateSizeHints()
QINFO  : TestSweepW3UxFlows::flow1_openAnnotateSave_overwriteGuard() UXAUDIT: clicked prompt button 'Yes' on 'Save Document As' (question: 'existing.pdf already exists.
Do you want to replace it?')
QINFO  : TestSweepW3UxFlows::flow1_openAnnotateSave_overwriteGuard() UXAUDIT: F1 step5 verified: guard prompt answered Yes; target rewritten (size 14338 ? 11009)
QWARN  : TestSweepW3UxFlows::flow1_openAnnotateSave_overwriteGuard() This plugin does not support propagateSizeHints()
QINFO  : TestSweepW3UxFlows::flow1_openAnnotateSave_overwriteGuard() UXAUDIT: decline path: the save dialog stayed open for another choice - dismissing
QINFO  : TestSweepW3UxFlows::flow1_openAnnotateSave_overwriteGuard() UXAUDIT: F1 step6: decline prompt never appeared (noSeen=false); target size now 13496 (was 13496)
QWARN  : TestSweepW3UxFlows::flow1_openAnnotateSave_overwriteGuard() QTemporaryDir: Unable to remove "D:\\pdf\\pdf-7z26\\build-rel\\test-tmp\\TestSweepW3UxFlows\\TestSweepW3UxFlows-FrEryV" most likely due to the presence of read-only files.
PASS   : TestSweepW3UxFlows::flow1_openAnnotateSave_overwriteGuard()
QWARN  : TestSweepW3UxFlows::flow2a_welcomeMerge_route() This plugin does not support propagateSizeHints()
QINFO  : TestSweepW3UxFlows::flow2a_welcomeMerge_route() UXAUDIT: F2a start: welcome merge card ? Select PDFs to Merge ? Save Merged PDF
QWARN  : TestSweepW3UxFlows::flow2a_welcomeMerge_route() This plugin does not support propagateSizeHints()
QWARN  : TestSweepW3UxFlows::flow2a_welcomeMerge_route() This plugin does not support propagateSizeHints()
QWARN  : TestSweepW3UxFlows::flow2a_welcomeMerge_route() This plugin does not support propagateSizeHints()
QINFO  : TestSweepW3UxFlows::flow2a_welcomeMerge_route() UXAUDIT: modal seen: title='Open Merged PDF' text='Merge complete. Would you like to open the output file? '
QINFO  : TestSweepW3UxFlows::flow2a_welcomeMerge_route() UXAUDIT: F2a verified: artifact has 1 page(s) and carries the input content; completion modal title='Open Merged PDF' text='Merge complete. Would you like to open the output file?
'
PASS   : TestSweepW3UxFlows::flow2a_welcomeMerge_route()
QWARN  : TestSweepW3UxFlows::flow2b_batchAndPresetPipeline() This plugin does not support propagateSizeHints()
QINFO  : TestSweepW3UxFlows::flow2b_batchAndPresetPipeline() UXAUDIT: F2b step1: batch screen reachable from the welcome (standalone link)
QWARN  : TestSweepW3UxFlows::flow2b_batchAndPresetPipeline() This plugin does not support propagateSizeHints()
QINFO  : TestSweepW3UxFlows::flow2b_batchAndPresetPipeline() UXAUDIT: driving dialog matched by 'presetNameEdit' (title='Save as Preset')
QINFO  : TestSweepW3UxFlows::flow2b_batchAndPresetPipeline() UXAUDIT: F2b step2: preset save attempted through the real dialog
QINFO  : TestSweepW3UxFlows::flow2b_batchAndPresetPipeline() UXAUDIT: F2b step3: preset picker shows 'uxflowpreset (compress)' (1 saved); steps label: 'Steps (1):
  1. compress'
QDEBUG : TestSweepW3UxFlows::flow2b_batchAndPresetPipeline() optimizeDocument: unused-object sweep removed 0 object(s)
QINFO  : TestSweepW3UxFlows::flow2b_batchAndPresetPipeline() UXAUDIT: F2b step4: preset run finished — success=1 fail=0 skip=0; log: Starting batch: 1 files — operation: Preset Pipeline
â?? big_run.pdf
  â?³ step 1 compress [ok] 13913 B â?? 13470 B Â· 32 ms

BATCH COMPLETE — 1 of 1 succeeded
QDEBUG : TestSweepW3UxFlows::flow2b_batchAndPresetPipeline() optimizeDocument: unused-object sweep removed 0 object(s)
QINFO  : TestSweepW3UxFlows::flow2b_batchAndPresetPipeline() UXAUDIT: F2b step5: identical re-run - success=1 fail=0; log: Starting batch: 1 files — operation: Preset Pipeline
â?? big_rerun.pdf
  â?³ step 1 compress [ok] 13913 B â?? 13470 B Â· 40 ms

BATCH COMPLETE — 1 of 1 succeeded
QINFO  : TestSweepW3UxFlows::flow2b_batchAndPresetPipeline() UXAUDIT: F2b step5: identical re-run finished green
QINFO  : TestSweepW3UxFlows::flow2b_batchAndPresetPipeline() UXAUDIT: F2b verified: 2 artifact(s) in the preset out dir; both runs green
QINFO  : TestSweepW3UxFlows::flow2b_batchAndPresetPipeline() UXAUDIT: F2b verified: 2-file batch merge ? 2 page(s), both parts present; output at D:/pdf/pdf-7z26/build-rel/test-tmp/TestSweepW3UxFlows/TestSweepW3UxFlows-OQZbmu/mpart1_merged.pdf; completion named it: status='BATCH COMPLETE — 2 of 2 succeeded — merged into mpart1_merged.pdf'
PASS   : TestSweepW3UxFlows::flow2b_batchAndPresetPipeline()
QWARN  : TestSweepW3UxFlows::flow3_redaction_fullLoop_andPartialFailure() This plugin does not support propagateSizeHints()
QINFO  : TestSweepW3UxFlows::flow3_redaction_fullLoop_andPartialFailure() UXAUDIT: F3 start: fixture with TOPSECRETDATA at a known position
QINFO  : TestSweepW3UxFlows::flow3_redaction_fullLoop_andPartialFailure() UXAUDIT: F-route: clicking welcome card 'open'
QWARN  : TestSweepW3UxFlows::flow3_redaction_fullLoop_andPartialFailure() This plugin does not support propagateSizeHints()
QINFO  : TestSweepW3UxFlows::flow3_redaction_fullLoop_andPartialFailure() UXAUDIT: F3 step1: redact screen activated
QINFO  : TestSweepW3UxFlows::flow3_redaction_fullLoop_andPartialFailure() UXAUDIT: F3 step2: 1 redaction mark(s) placed
QWARN  : TestSweepW3UxFlows::flow3_redaction_fullLoop_andPartialFailure() This plugin does not support propagateSizeHints()
QINFO  : TestSweepW3UxFlows::flow3_redaction_fullLoop_andPartialFailure() UXAUDIT: driving dialog matched by 'redactApplyDialog' (title='Apply Redactions')
QINFO  : TestSweepW3UxFlows::flow3_redaction_fullLoop_andPartialFailure() UXAUDIT: F3 step3: apply dialog configured (sanitize + proof) and accepted
QINFO  : TestSweepW3UxFlows::flow3_redaction_fullLoop_andPartialFailure() UXAUDIT: (transit: progress dialog '')
QINFO  : TestSweepW3UxFlows::flow3_redaction_fullLoop_andPartialFailure() UXAUDIT: (transit: progress dialog '')
QINFO  : TestSweepW3UxFlows::flow3_redaction_fullLoop_andPartialFailure() UXAUDIT: (transit: progress dialog '')
QINFO  : TestSweepW3UxFlows::flow3_redaction_fullLoop_andPartialFailure() UXAUDIT: (transit: progress dialog '')
QINFO  : TestSweepW3UxFlows::flow3_redaction_fullLoop_andPartialFailure() UXAUDIT: (transit: progress dialog '')
QINFO  : TestSweepW3UxFlows::flow3_redaction_fullLoop_andPartialFailure() UXAUDIT: (transit: progress dialog '')
QINFO  : TestSweepW3UxFlows::flow3_redaction_fullLoop_andPartialFailure() UXAUDIT: (transit: progress dialog '')
QINFO  : TestSweepW3UxFlows::flow3_redaction_fullLoop_andPartialFailure() UXAUDIT: (transit: progress dialog '')
QINFO  : TestSweepW3UxFlows::flow3_redaction_fullLoop_andPartialFailure() UXAUDIT: (transit: progress dialog '')
QINFO  : TestSweepW3UxFlows::flow3_redaction_fullLoop_andPartialFailure() UXAUDIT: (transit: progress dialog '')
QINFO  : TestSweepW3UxFlows::flow3_redaction_fullLoop_andPartialFailure() UXAUDIT: (transit: progress dialog '')
QINFO  : TestSweepW3UxFlows::flow3_redaction_fullLoop_andPartialFailure() UXAUDIT: (transit: progress dialog '')
QINFO  : TestSweepW3UxFlows::flow3_redaction_fullLoop_andPartialFailure() UXAUDIT: (transit: progress dialog '')
QINFO  : TestSweepW3UxFlows::flow3_redaction_fullLoop_andPartialFailure() UXAUDIT: (transit: progress dialog '')
QINFO  : TestSweepW3UxFlows::flow3_redaction_fullLoop_andPartialFailure() UXAUDIT: (transit: progress dialog '')
QINFO  : TestSweepW3UxFlows::flow3_redaction_fullLoop_andPartialFailure() UXAUDIT: (transit: progress dialog '')
QINFO  : TestSweepW3UxFlows::flow3_redaction_fullLoop_andPartialFailure() UXAUDIT: (transit: progress dialog '')
QINFO  : TestSweepW3UxFlows::flow3_redaction_fullLoop_andPartialFailure() UXAUDIT: (transit: progress dialog '')
QINFO  : TestSweepW3UxFlows::flow3_redaction_fullLoop_andPartialFailure() UXAUDIT: (transit: progress dialog '')
QINFO  : TestSweepW3UxFlows::flow3_redaction_fullLoop_andPartialFailure() UXAUDIT: (transit: progress dialog '')
QINFO  : TestSweepW3UxFlows::flow3_redaction_fullLoop_andPartialFailure() UXAUDIT: (transit: progress dialog '')
QINFO  : TestSweepW3UxFlows::flow3_redaction_fullLoop_andPartialFailure() UXAUDIT: (transit: progress dialog '')
QINFO  : TestSweepW3UxFlows::flow3_redaction_fullLoop_andPartialFailure() UXAUDIT: (transit: progress dialog '')
QINFO  : TestSweepW3UxFlows::flow3_redaction_fullLoop_andPartialFailure() UXAUDIT: (transit: progress dialog '')
QINFO  : TestSweepW3UxFlows::flow3_redaction_fullLoop_andPartialFailure() UXAUDIT: (transit: progress dialog '')
QINFO  : TestSweepW3UxFlows::flow3_redaction_fullLoop_andPartialFailure() UXAUDIT: (transit: progress dialog '')
QINFO  : TestSweepW3UxFlows::flow3_redaction_fullLoop_andPartialFailure() UXAUDIT: (transit: progress dialog '')
QINFO  : TestSweepW3UxFlows::flow3_redaction_fullLoop_andPartialFailure() UXAUDIT: (transit: progress dialog '')
QINFO  : TestSweepW3UxFlows::flow3_redaction_fullLoop_andPartialFailure() UXAUDIT: (transit: progress dialog '')
QINFO  : TestSweepW3UxFlows::flow3_redaction_fullLoop_andPartialFailure() UXAUDIT: (transit: progress dialog '')
QINFO  : TestSweepW3UxFlows::flow3_redaction_fullLoop_andPartialFailure() UXAUDIT: (transit: progress dialog '')
QINFO  : TestSweepW3UxFlows::flow3_redaction_fullLoop_andPartialFailure() UXAUDIT: (transit: progress dialog '')
QINFO  : TestSweepW3UxFlows::flow3_redaction_fullLoop_andPartialFailure() UXAUDIT: (transit: progress dialog '')
QINFO  : TestSweepW3UxFlows::flow3_redaction_fullLoop_andPartialFailure() UXAUDIT: (transit: progress dialog '')
QINFO  : TestSweepW3UxFlows::flow3_redaction_fullLoop_andPartialFailure() UXAUDIT: (transit: progress dialog '')
QINFO  : TestSweepW3UxFlows::flow3_redaction_fullLoop_andPartialFailure() UXAUDIT: (transit: progress dialog '')
QINFO  : TestSweepW3UxFlows::flow3_redaction_fullLoop_andPartialFailure() UXAUDIT: (transit: progress dialog '')
QINFO  : TestSweepW3UxFlows::flow3_redaction_fullLoop_andPartialFailure() UXAUDIT: (transit: progress dialog '')
QINFO  : TestSweepW3UxFlows::flow3_redaction_fullLoop_andPartialFailure() UXAUDIT: (transit: progress dialog '')
QINFO  : TestSweepW3UxFlows::flow3_redaction_fullLoop_andPartialFailure() UXAUDIT: (transit: progress dialog '')
QINFO  : TestSweepW3UxFlows::flow3_redaction_fullLoop_andPartialFailure() UXAUDIT: (transit: progress dialog '')
QINFO  : TestSweepW3UxFlows::flow3_redaction_fullLoop_andPartialFailure() UXAUDIT: (transit: progress dialog '')
QINFO  : TestSweepW3UxFlows::flow3_redaction_fullLoop_andPartialFailure() UXAUDIT: (transit: progress dialog '')
QINFO  : TestSweepW3UxFlows::flow3_redaction_fullLoop_andPartialFailure() UXAUDIT: (transit: progress dialog '')
QINFO  : TestSweepW3UxFlows::flow3_redaction_fullLoop_andPartialFailure() UXAUDIT: (transit: progress dialog '')
QINFO  : TestSweepW3UxFlows::flow3_redaction_fullLoop_andPartialFailure() UXAUDIT: (transit: progress dialog '')
QINFO  : TestSweepW3UxFlows::flow3_redaction_fullLoop_andPartialFailure() UXAUDIT: (transit: progress dialog '')
QINFO  : TestSweepW3UxFlows::flow3_redaction_fullLoop_andPartialFailure() UXAUDIT: (transit: progress dialog '')
QINFO  : TestSweepW3UxFlows::flow3_redaction_fullLoop_andPartialFailure() UXAUDIT: (transit: progress dialog '')
QINFO  : TestSweepW3UxFlows::flow3_redaction_fullLoop_andPartialFailure() UXAUDIT: (transit: progress dialog '')
QINFO  : TestSweepW3UxFlows::flow3_redaction_fullLoop_andPartialFailure() UXAUDIT: (transit: progress dialog '')
QINFO  : TestSweepW3UxFlows::flow3_redaction_fullLoop_andPartialFailure() UXAUDIT: (transit: progress dialog '')
QINFO  : TestSweepW3UxFlows::flow3_redaction_fullLoop_andPartialFailure() UXAUDIT: (transit: progress dialog '')
QINFO  : TestSweepW3UxFlows::flow3_redaction_fullLoop_andPartialFailure() UXAUDIT: (transit: progress dialog '')
QINFO  : TestSweepW3UxFlows::flow3_redaction_fullLoop_andPartialFailure() UXAUDIT: (transit: progress dialog '')
QINFO  : TestSweepW3UxFlows::flow3_redaction_fullLoop_andPartialFailure() UXAUDIT: (transit: progress dialog '')
QINFO  : TestSweepW3UxFlows::flow3_redaction_fullLoop_andPartialFailure() UXAUDIT: (transit: progress dialog '')
QINFO  : TestSweepW3UxFlows::flow3_redaction_fullLoop_andPartialFailure() UXAUDIT: (transit: progress dialog '')
QINFO  : TestSweepW3UxFlows::flow3_redaction_fullLoop_andPartialFailure() UXAUDIT: (transit: progress dialog '')
QINFO  : TestSweepW3UxFlows::flow3_redaction_fullLoop_andPartialFailure() UXAUDIT: (transit: progress dialog '')
QINFO  : TestSweepW3UxFlows::flow3_redaction_fullLoop_andPartialFailure() UXAUDIT: (transit: progress dialog '')
QINFO  : TestSweepW3UxFlows::flow3_redaction_fullLoop_andPartialFailure() UXAUDIT: (transit: progress dialog '')
QINFO  : TestSweepW3UxFlows::flow3_redaction_fullLoop_andPartialFailure() UXAUDIT: (transit: progress dialog '')
QINFO  : TestSweepW3UxFlows::flow3_redaction_fullLoop_andPartialFailure() UXAUDIT: (transit: progress dialog '')
QINFO  : TestSweepW3UxFlows::flow3_redaction_fullLoop_andPartialFailure() UXAUDIT: (transit: progress dialog '')
QINFO  : TestSweepW3UxFlows::flow3_redaction_fullLoop_andPartialFailure() UXAUDIT: (transit: progress dialog '')
QINFO  : TestSweepW3UxFlows::flow3_redaction_fullLoop_andPartialFailure() UXAUDIT: (transit: progress dialog '')
QINFO  : TestSweepW3UxFlows::flow3_redaction_fullLoop_andPartialFailure() UXAUDIT: (transit: progress dialog '')
QINFO  : TestSweepW3UxFlows::flow3_redaction_fullLoop_andPartialFailure() UXAUDIT: (transit: progress dialog '')
QINFO  : TestSweepW3UxFlows::flow3_redaction_fullLoop_andPartialFailure() UXAUDIT: (transit: progress dialog '')
QINFO  : TestSweepW3UxFlows::flow3_redaction_fullLoop_andPartialFailure() UXAUDIT: (transit: progress dialog '')
QINFO  : TestSweepW3UxFlows::flow3_redaction_fullLoop_andPartialFailure() UXAUDIT: (transit: progress dialog '')
QINFO  : TestSweepW3UxFlows::flow3_redaction_fullLoop_andPartialFailure() UXAUDIT: (transit: progress dialog '')
QINFO  : TestSweepW3UxFlows::flow3_redaction_fullLoop_andPartialFailure() UXAUDIT: (transit: progress dialog '')
QINFO  : TestSweepW3UxFlows::flow3_redaction_fullLoop_andPartialFailure() UXAUDIT: (transit: progress dialog '')
QINFO  : TestSweepW3UxFlows::flow3_redaction_fullLoop_andPartialFailure() UXAUDIT: (transit: progress dialog '')
QINFO  : TestSweepW3UxFlows::flow3_redaction_fullLoop_andPartialFailure() UXAUDIT: (transit: progress dialog '')
QINFO  : TestSweepW3UxFlows::flow3_redaction_fullLoop_andPartialFailure() UXAUDIT: (transit: progress dialog '')
QINFO  : TestSweepW3UxFlows::flow3_redaction_fullLoop_andPartialFailure() UXAUDIT: (transit: progress dialog '')
QINFO  : TestSweepW3UxFlows::flow3_redaction_fullLoop_andPartialFailure() UXAUDIT: (transit: progress dialog '')
QINFO  : TestSweepW3UxFlows::flow3_redaction_fullLoop_andPartialFailure() UXAUDIT: (transit: progress dialog '')
QINFO  : TestSweepW3UxFlows::flow3_redaction_fullLoop_andPartialFailure() UXAUDIT: (transit: progress dialog '')
QINFO  : TestSweepW3UxFlows::flow3_redaction_fullLoop_andPartialFailure() UXAUDIT: (transit: progress dialog '')
QINFO  : TestSweepW3UxFlows::flow3_redaction_fullLoop_andPartialFailure() UXAUDIT: (transit: progress dialog '')
QINFO  : TestSweepW3UxFlows::flow3_redaction_fullLoop_andPartialFailure() UXAUDIT: (transit: progress dialog '')
QINFO  : TestSweepW3UxFlows::flow3_redaction_fullLoop_andPartialFailure() UXAUDIT: (transit: progress dialog '')
QINFO  : TestSweepW3UxFlows::flow3_redaction_fullLoop_andPartialFailure() UXAUDIT: (transit: progress dialog '')
QINFO  : TestSweepW3UxFlows::flow3_redaction_fullLoop_andPartialFailure() UXAUDIT: (transit: progress dialog '')
QINFO  : TestSweepW3UxFlows::flow3_redaction_fullLoop_andPartialFailure() UXAUDIT: (transit: progress dialog '')
QINFO  : TestSweepW3UxFlows::flow3_redaction_fullLoop_andPartialFailure() UXAUDIT: (transit: progress dialog '')
QINFO  : TestSweepW3UxFlows::flow3_redaction_fullLoop_andPartialFailure() UXAUDIT: (transit: progress dialog '')
QINFO  : TestSweepW3UxFlows::flow3_redaction_fullLoop_andPartialFailure() UXAUDIT: (transit: progress dialog '')
QINFO  : TestSweepW3UxFlows::flow3_redaction_fullLoop_andPartialFailure() UXAUDIT: (transit: progress dialog '')
QINFO  : TestSweepW3UxFlows::flow3_redaction_fullLoop_andPartialFailure() UXAUDIT: (transit: progress dialog '')
QINFO  : TestSweepW3UxFlows::flow3_redaction_fullLoop_andPartialFailure() UXAUDIT: (transit: progress dialog '')
QINFO  : TestSweepW3UxFlows::flow3_redaction_fullLoop_andPartialFailure() UXAUDIT: (transit: progress dialog '')
QINFO  : TestSweepW3UxFlows::flow3_redaction_fullLoop_andPartialFailure() UXAUDIT: (transit: progress dialog '')
QINFO  : TestSweepW3UxFlows::flow3_redaction_fullLoop_andPartialFailure() UXAUDIT: (transit: progress dialog '')
QINFO  : TestSweepW3UxFlows::flow3_redaction_fullLoop_andPartialFailure() UXAUDIT: (transit: progress dialog '')
QINFO  : TestSweepW3UxFlows::flow3_redaction_fullLoop_andPartialFailure() UXAUDIT: (transit: progress dialog '')
QINFO  : TestSweepW3UxFlows::flow3_redaction_fullLoop_andPartialFailure() UXAUDIT: (transit: progress dialog '')
QINFO  : TestSweepW3UxFlows::flow3_redaction_fullLoop_andPartialFailure() UXAUDIT: (transit: progress dialog '')
QINFO  : TestSweepW3UxFlows::flow3_redaction_fullLoop_andPartialFailure() UXAUDIT: (transit: progress dialog '')
QINFO  : TestSweepW3UxFlows::flow3_redaction_fullLoop_andPartialFailure() UXAUDIT: (transit: progress dialog '')
QINFO  : TestSweepW3UxFlows::flow3_redaction_fullLoop_andPartialFailure() UXAUDIT: (transit: progress dialog '')
QINFO  : TestSweepW3UxFlows::flow3_redaction_fullLoop_andPartialFailure() UXAUDIT: (transit: progress dialog '')
QINFO  : TestSweepW3UxFlows::flow3_redaction_fullLoop_andPartialFailure() UXAUDIT: (transit: progress dialog '')
QINFO  : TestSweepW3UxFlows::flow3_redaction_fullLoop_andPartialFailure() UXAUDIT: (transit: progress dialog '')
QINFO  : TestSweepW3UxFlows::flow3_redaction_fullLoop_andPartialFailure() UXAUDIT: (transit: progress dialog '')
QINFO  : TestSweepW3UxFlows::flow3_redaction_fullLoop_andPartialFailure() UXAUDIT: (transit: progress dialog '')
QINFO  : TestSweepW3UxFlows::flow3_redaction_fullLoop_andPartialFailure() UXAUDIT: (transit: progress dialog '')
QINFO  : TestSweepW3UxFlows::flow3_redaction_fullLoop_andPartialFailure() UXAUDIT: (transit: progress dialog '')
QINFO  : TestSweepW3UxFlows::flow3_redaction_fullLoop_andPartialFailure() UXAUDIT: (transit: progress dialog '')
QINFO  : TestSweepW3UxFlows::flow3_redaction_fullLoop_andPartialFailure() UXAUDIT: (transit: progress dialog '')
QINFO  : TestSweepW3UxFlows::flow3_redaction_fullLoop_andPartialFailure() UXAUDIT: (transit: progress dialog '')
QINFO  : TestSweepW3UxFlows::flow3_redaction_fullLoop_andPartialFailure() UXAUDIT: (transit: progress dialog '')
QINFO  : TestSweepW3UxFlows::flow3_redaction_fullLoop_andPartialFailure() UXAUDIT: (transit: progress dialog '')
QINFO  : TestSweepW3UxFlows::flow3_redaction_fullLoop_andPartialFailure() UXAUDIT: (transit: progress dialog '')
QINFO  : TestSweepW3UxFlows::flow3_redaction_fullLoop_andPartialFailure() UXAUDIT: (transit: progress dialog '')
QINFO  : TestSweepW3UxFlows::flow3_redaction_fullLoop_andPartialFailure() UXAUDIT: (transit: progress dialog '')
QINFO  : TestSweepW3UxFlows::flow3_redaction_fullLoop_andPartialFailure() UXAUDIT: (transit: progress dialog '')
QINFO  : TestSweepW3UxFlows::flow3_redaction_fullLoop_andPartialFailure() UXAUDIT: (transit: progress dialog '')
QINFO  : TestSweepW3UxFlows::flow3_redaction_fullLoop_andPartialFailure() UXAUDIT: (transit: progress dialog '')
QINFO  : TestSweepW3UxFlows::flow3_redaction_fullLoop_andPartialFailure() UXAUDIT: (transit: progress dialog '')
QINFO  : TestSweepW3UxFlows::flow3_redaction_fullLoop_andPartialFailure() UXAUDIT: (transit: progress dialog '')
QINFO  : TestSweepW3UxFlows::flow3_redaction_fullLoop_andPartialFailure() UXAUDIT: (transit: progress dialog '')
QINFO  : TestSweepW3UxFlows::flow3_redaction_fullLoop_andPartialFailure() UXAUDIT: (transit: progress dialog '')
QINFO  : TestSweepW3UxFlows::flow3_redaction_fullLoop_andPartialFailure() UXAUDIT: (transit: progress dialog '')
QINFO  : TestSweepW3UxFlows::flow3_redaction_fullLoop_andPartialFailure() UXAUDIT: (transit: progress dialog '')
QINFO  : TestSweepW3UxFlows::flow3_redaction_fullLoop_andPartialFailure() UXAUDIT: (transit: progress dialog '')
QINFO  : TestSweepW3UxFlows::flow3_redaction_fullLoop_andPartialFailure() UXAUDIT: (transit: progress dialog '')
QINFO  : TestSweepW3UxFlows::flow3_redaction_fullLoop_andPartialFailure() UXAUDIT: (transit: progress dialog '')
QINFO  : TestSweepW3UxFlows::flow3_redaction_fullLoop_andPartialFailure() UXAUDIT: (transit: progress dialog '')
QINFO  : TestSweepW3UxFlows::flow3_redaction_fullLoop_andPartialFailure() UXAUDIT: (transit: progress dialog '')
QINFO  : TestSweepW3UxFlows::flow3_redaction_fullLoop_andPartialFailure() UXAUDIT: (transit: progress dialog '')
QINFO  : TestSweepW3UxFlows::flow3_redaction_fullLoop_andPartialFailure() UXAUDIT: (transit: progress dialog '')
QINFO  : TestSweepW3UxFlows::flow3_redaction_fullLoop_andPartialFailure() UXAUDIT: (transit: progress dialog '')
QINFO  : TestSweepW3UxFlows::flow3_redaction_fullLoop_andPartialFailure() UXAUDIT: (transit: progress dialog '')
QINFO  : TestSweepW3UxFlows::flow3_redaction_fullLoop_andPartialFailure() UXAUDIT: (transit: progress dialog '')
QINFO  : TestSweepW3UxFlows::flow3_redaction_fullLoop_andPartialFailure() UXAUDIT: (transit: progress dialog '')
QINFO  : TestSweepW3UxFlows::flow3_redaction_fullLoop_andPartialFailure() UXAUDIT: (transit: progress dialog '')
QINFO  : TestSweepW3UxFlows::flow3_redaction_fullLoop_andPartialFailure() UXAUDIT: (transit: progress dialog '')
QINFO  : TestSweepW3UxFlows::flow3_redaction_fullLoop_andPartialFailure() UXAUDIT: (transit: progress dialog '')
QINFO  : TestSweepW3UxFlows::flow3_redaction_fullLoop_andPartialFailure() UXAUDIT: (transit: progress dialog '')
QINFO  : TestSweepW3UxFlows::flow3_redaction_fullLoop_andPartialFailure() UXAUDIT: (transit: progress dialog '')
QINFO  : TestSweepW3UxFlows::flow3_redaction_fullLoop_andPartialFailure() UXAUDIT: (transit: progress dialog '')
QINFO  : TestSweepW3UxFlows::flow3_redaction_fullLoop_andPartialFailure() UXAUDIT: (transit: progress dialog '')
QINFO  : TestSweepW3UxFlows::flow3_redaction_fullLoop_andPartialFailure() UXAUDIT: (transit: progress dialog '')
QINFO  : TestSweepW3UxFlows::flow3_redaction_fullLoop_andPartialFailure() UXAUDIT: (transit: progress dialog '')
QINFO  : TestSweepW3UxFlows::flow3_redaction_fullLoop_andPartialFailure() UXAUDIT: (transit: progress dialog '')
QINFO  : TestSweepW3UxFlows::flow3_redaction_fullLoop_andPartialFailure() UXAUDIT: (transit: progress dialog '')
QINFO  : TestSweepW3UxFlows::flow3_redaction_fullLoop_andPartialFailure() UXAUDIT: (transit: progress dialog '')
QINFO  : TestSweepW3UxFlows::flow3_redaction_fullLoop_andPartialFailure() UXAUDIT: (transit: progress dialog '')
QINFO  : TestSweepW3UxFlows::flow3_redaction_fullLoop_andPartialFailure() UXAUDIT: (transit: progress dialog '')
QINFO  : TestSweepW3UxFlows::flow3_redaction_fullLoop_andPartialFailure() UXAUDIT: (transit: progress dialog '')
QINFO  : TestSweepW3UxFlows::flow3_redaction_fullLoop_andPartialFailure() UXAUDIT: (transit: progress dialog '')
QINFO  : TestSweepW3UxFlows::flow3_redaction_fullLoop_andPartialFailure() UXAUDIT: (transit: progress dialog '')
QINFO  : TestSweepW3UxFlows::flow3_redaction_fullLoop_andPartialFailure() UXAUDIT: (transit: progress dialog '')
QINFO  : TestSweepW3UxFlows::flow3_redaction_fullLoop_andPartialFailure() UXAUDIT: (transit: progress dialog '')
QINFO  : TestSweepW3UxFlows::flow3_redaction_fullLoop_andPartialFailure() UXAUDIT: (transit: progress dialog '')
QINFO  : TestSweepW3UxFlows::flow3_redaction_fullLoop_andPartialFailure() UXAUDIT: (transit: progress dialog '')
QINFO  : TestSweepW3UxFlows::flow3_redaction_fullLoop_andPartialFailure() UXAUDIT: (transit: progress dialog '')
QINFO  : TestSweepW3UxFlows::flow3_redaction_fullLoop_andPartialFailure() UXAUDIT: (transit: progress dialog '')
QINFO  : TestSweepW3UxFlows::flow3_redaction_fullLoop_andPartialFailure() UXAUDIT: (transit: progress dialog '')
QINFO  : TestSweepW3UxFlows::flow3_redaction_fullLoop_andPartialFailure() UXAUDIT: (transit: progress dialog '')
QINFO  : TestSweepW3UxFlows::flow3_redaction_fullLoop_andPartialFailure() UXAUDIT: (transit: progress dialog '')
QINFO  : TestSweepW3UxFlows::flow3_redaction_fullLoop_andPartialFailure() UXAUDIT: (transit: progress dialog '')
QINFO  : TestSweepW3UxFlows::flow3_redaction_fullLoop_andPartialFailure() UXAUDIT: (transit: progress dialog '')
QINFO  : TestSweepW3UxFlows::flow3_redaction_fullLoop_andPartialFailure() UXAUDIT: (transit: progress dialog '')
QINFO  : TestSweepW3UxFlows::flow3_redaction_fullLoop_andPartialFailure() UXAUDIT: (transit: progress dialog '')
QINFO  : TestSweepW3UxFlows::flow3_redaction_fullLoop_andPartialFailure() UXAUDIT: (transit: progress dialog '')
QINFO  : TestSweepW3UxFlows::flow3_redaction_fullLoop_andPartialFailure() UXAUDIT: (transit: progress dialog '')
QINFO  : TestSweepW3UxFlows::flow3_redaction_fullLoop_andPartialFailure() UXAUDIT: (transit: progress dialog '')
QINFO  : TestSweepW3UxFlows::flow3_redaction_fullLoop_andPartialFailure() UXAUDIT: (transit: progress dialog '')
QINFO  : TestSweepW3UxFlows::flow3_redaction_fullLoop_andPartialFailure() UXAUDIT: (transit: progress dialog '')
QINFO  : TestSweepW3UxFlows::flow3_redaction_fullLoop_andPartialFailure() UXAUDIT: (transit: progress dialog '')
QINFO  : TestSweepW3UxFlows::flow3_redaction_fullLoop_andPartialFailure() UXAUDIT: (transit: progress dialog '')
QINFO  : TestSweepW3UxFlows::flow3_redaction_fullLoop_andPartialFailure() UXAUDIT: (transit: progress dialog '')
QINFO  : TestSweepW3UxFlows::flow3_redaction_fullLoop_andPartialFailure() UXAUDIT: (transit: progress dialog '')
QINFO  : TestSweepW3UxFlows::flow3_redaction_fullLoop_andPartialFailure() UXAUDIT: (transit: progress dialog '')
QINFO  : TestSweepW3UxFlows::flow3_redaction_fullLoop_andPartialFailure() UXAUDIT: (transit: progress dialog '')
QINFO  : TestSweepW3UxFlows::flow3_redaction_fullLoop_andPartialFailure() UXAUDIT: (transit: progress dialog '')
QINFO  : TestSweepW3UxFlows::flow3_redaction_fullLoop_andPartialFailure() UXAUDIT: (transit: progress dialog '')
QINFO  : TestSweepW3UxFlows::flow3_redaction_fullLoop_andPartialFailure() UXAUDIT: (transit: progress dialog '')
QINFO  : TestSweepW3UxFlows::flow3_redaction_fullLoop_andPartialFailure() UXAUDIT: (transit: progress dialog '')
QINFO  : TestSweepW3UxFlows::flow3_redaction_fullLoop_andPartialFailure() UXAUDIT: (transit: progress dialog '')
QINFO  : TestSweepW3UxFlows::flow3_redaction_fullLoop_andPartialFailure() UXAUDIT: (transit: progress dialog '')
QINFO  : TestSweepW3UxFlows::flow3_redaction_fullLoop_andPartialFailure() UXAUDIT: (transit: progress dialog '')
QINFO  : TestSweepW3UxFlows::flow3_redaction_fullLoop_andPartialFailure() UXAUDIT: (transit: progress dialog '')
QINFO  : TestSweepW3UxFlows::flow3_redaction_fullLoop_andPartialFailure() UXAUDIT: (transit: progress dialog '')
QINFO  : TestSweepW3UxFlows::flow3_redaction_fullLoop_andPartialFailure() UXAUDIT: (transit: progress dialog '')
QINFO  : TestSweepW3UxFlows::flow3_redaction_fullLoop_andPartialFailure() UXAUDIT: (transit: progress dialog '')
QINFO  : TestSweepW3UxFlows::flow3_redaction_fullLoop_andPartialFailure() UXAUDIT: (transit: progress dialog '')
QINFO  : TestSweepW3UxFlows::flow3_redaction_fullLoop_andPartialFailure() UXAUDIT: (transit: progress dialog '')
QINFO  : TestSweepW3UxFlows::flow3_redaction_fullLoop_andPartialFailure() UXAUDIT: (transit: progress dialog '')
QINFO  : TestSweepW3UxFlows::flow3_redaction_fullLoop_andPartialFailure() UXAUDIT: (transit: progress dialog '')
QINFO  : TestSweepW3UxFlows::flow3_redaction_fullLoop_andPartialFailure() UXAUDIT: (transit: progress dialog '')
QINFO  : TestSweepW3UxFlows::flow3_redaction_fullLoop_andPartialFailure() UXAUDIT: (transit: progress dialog '')
QINFO  : TestSweepW3UxFlows::flow3_redaction_fullLoop_andPartialFailure() UXAUDIT: (transit: progress dialog '')
QINFO  : TestSweepW3UxFlows::flow3_redaction_fullLoop_andPartialFailure() UXAUDIT: (transit: progress dialog '')
QINFO  : TestSweepW3UxFlows::flow3_redaction_fullLoop_andPartialFailure() UXAUDIT: (transit: progress dialog '')
QINFO  : TestSweepW3UxFlows::flow3_redaction_fullLoop_andPartialFailure() UXAUDIT: (transit: progress dialog '')
QINFO  : TestSweepW3UxFlows::flow3_redaction_fullLoop_andPartialFailure() UXAUDIT: (transit: progress dialog '')
QINFO  : TestSweepW3UxFlows::flow3_redaction_fullLoop_andPartialFailure() UXAUDIT: (transit: progress dialog '')
QINFO  : TestSweepW3UxFlows::flow3_redaction_fullLoop_andPartialFailure() UXAUDIT: (transit: progress dialog '')
QINFO  : TestSweepW3UxFlows::flow3_redaction_fullLoop_andPartialFailure() UXAUDIT: (transit: progress dialog '')
QINFO  : TestSweepW3UxFlows::flow3_redaction_fullLoop_andPartialFailure() UXAUDIT: (transit: progress dialog '')
QINFO  : TestSweepW3UxFlows::flow3_redaction_fullLoop_andPartialFailure() UXAUDIT: (transit: progress dialog '')
QINFO  : TestSweepW3UxFlows::flow3_redaction_fullLoop_andPartialFailure() UXAUDIT: (transit: progress dialog '')
QINFO  : TestSweepW3UxFlows::flow3_redaction_fullLoop_andPartialFailure() UXAUDIT: (transit: progress dialog '')
QINFO  : TestSweepW3UxFlows::flow3_redaction_fullLoop_andPartialFailure() UXAUDIT: (transit: progress dialog '')
QINFO  : TestSweepW3UxFlows::flow3_redaction_fullLoop_andPartialFailure() UXAUDIT: (transit: progress dialog '')
QINFO  : TestSweepW3UxFlows::flow3_redaction_fullLoop_andPartialFailure() UXAUDIT: (transit: progress dialog '')
QINFO  : TestSweepW3UxFlows::flow3_redaction_fullLoop_andPartialFailure() UXAUDIT: (transit: progress dialog '')
QINFO  : TestSweepW3UxFlows::flow3_redaction_fullLoop_andPartialFailure() UXAUDIT: (transit: progress dialog '')
QINFO  : TestSweepW3UxFlows::flow3_redaction_fullLoop_andPartialFailure() UXAUDIT: (transit: progress dialog '')
QINFO  : TestSweepW3UxFlows::flow3_redaction_fullLoop_andPartialFailure() UXAUDIT: (transit: progress dialog '')
QINFO  : TestSweepW3UxFlows::flow3_redaction_fullLoop_andPartialFailure() UXAUDIT: (transit: progress dialog '')
QINFO  : TestSweepW3UxFlows::flow3_redaction_fullLoop_andPartialFailure() UXAUDIT: (transit: progress dialog '')
QINFO  : TestSweepW3UxFlows::flow3_redaction_fullLoop_andPartialFailure() UXAUDIT: (transit: progress dialog '')
QINFO  : TestSweepW3UxFlows::flow3_redaction_fullLoop_andPartialFailure() UXAUDIT: (transit: progress dialog '')
QINFO  : TestSweepW3UxFlows::flow3_redaction_fullLoop_andPartialFailure() UXAUDIT: (transit: progress dialog '')
QINFO  : TestSweepW3UxFlows::flow3_redaction_fullLoop_andPartialFailure() UXAUDIT: (transit: progress dialog '')
QINFO  : TestSweepW3UxFlows::flow3_redaction_fullLoop_andPartialFailure() UXAUDIT: (transit: progress dialog '')
QINFO  : TestSweepW3UxFlows::flow3_redaction_fullLoop_andPartialFailure() UXAUDIT: (transit: progress dialog '')
QINFO  : TestSweepW3UxFlows::flow3_redaction_fullLoop_andPartialFailure() UXAUDIT: (transit: progress dialog '')
QINFO  : TestSweepW3UxFlows::flow3_redaction_fullLoop_andPartialFailure() UXAUDIT: (transit: progress dialog '')
QINFO  : TestSweepW3UxFlows::flow3_redaction_fullLoop_andPartialFailure() UXAUDIT: (transit: progress dialog '')
QINFO  : TestSweepW3UxFlows::flow3_redaction_fullLoop_andPartialFailure() UXAUDIT: (transit: progress dialog '')
QINFO  : TestSweepW3UxFlows::flow3_redaction_fullLoop_andPartialFailure() UXAUDIT: (transit: progress dialog '')
QINFO  : TestSweepW3UxFlows::flow3_redaction_fullLoop_andPartialFailure() UXAUDIT: (transit: progress dialog '')
QINFO  : TestSweepW3UxFlows::flow3_redaction_fullLoop_andPartialFailure() UXAUDIT: (transit: progress dialog '')
QINFO  : TestSweepW3UxFlows::flow3_redaction_fullLoop_andPartialFailure() UXAUDIT: (transit: progress dialog '')
QINFO  : TestSweepW3UxFlows::flow3_redaction_fullLoop_andPartialFailure() UXAUDIT: (transit: progress dialog '')
QINFO  : TestSweepW3UxFlows::flow3_redaction_fullLoop_andPartialFailure() UXAUDIT: (transit: progress dialog '')
QINFO  : TestSweepW3UxFlows::flow3_redaction_fullLoop_andPartialFailure() UXAUDIT: (transit: progress dialog '')
QINFO  : TestSweepW3UxFlows::flow3_redaction_fullLoop_andPartialFailure() UXAUDIT: (transit: progress dialog '')
QINFO  : TestSweepW3UxFlows::flow3_redaction_fullLoop_andPartialFailure() UXAUDIT: (transit: progress dialog '')
QINFO  : TestSweepW3UxFlows::flow3_redaction_fullLoop_andPartialFailure() UXAUDIT: (transit: progress dialog '')
QINFO  : TestSweepW3UxFlows::flow3_redaction_fullLoop_andPartialFailure() UXAUDIT: (transit: progress dialog '')
QINFO  : TestSweepW3UxFlows::flow3_redaction_fullLoop_andPartialFailure() UXAUDIT: (transit: progress dialog '')
QINFO  : TestSweepW3UxFlows::flow3_redaction_fullLoop_andPartialFailure() UXAUDIT: (transit: progress dialog '')
QINFO  : TestSweepW3UxFlows::flow3_redaction_fullLoop_andPartialFailure() UXAUDIT: (transit: progress dialog '')
QINFO  : TestSweepW3UxFlows::flow3_redaction_fullLoop_andPartialFailure() UXAUDIT: (transit: progress dialog '')
QINFO  : TestSweepW3UxFlows::flow3_redaction_fullLoop_andPartialFailure() UXAUDIT: (transit: progress dialog '')
QINFO  : TestSweepW3UxFlows::flow3_redaction_fullLoop_andPartialFailure() UXAUDIT: (transit: progress dialog '')
QINFO  : TestSweepW3UxFlows::flow3_redaction_fullLoop_andPartialFailure() UXAUDIT: (transit: progress dialog '')
QINFO  : TestSweepW3UxFlows::flow3_redaction_fullLoop_andPartialFailure() UXAUDIT: (transit: progress dialog '')
QINFO  : TestSweepW3UxFlows::flow3_redaction_fullLoop_andPartialFailure() UXAUDIT: (transit: progress dialog '')
QINFO  : TestSweepW3UxFlows::flow3_redaction_fullLoop_andPartialFailure() UXAUDIT: (transit: progress dialog '')
QINFO  : TestSweepW3UxFlows::flow3_redaction_fullLoop_andPartialFailure() UXAUDIT: (transit: progress dialog '')
QINFO  : TestSweepW3UxFlows::flow3_redaction_fullLoop_andPartialFailure() UXAUDIT: (transit: progress dialog '')
QINFO  : TestSweepW3UxFlows::flow3_redaction_fullLoop_andPartialFailure() UXAUDIT: (transit: progress dialog '')
QINFO  : TestSweepW3UxFlows::flow3_redaction_fullLoop_andPartialFailure() UXAUDIT: (transit: progress dialog '')
QINFO  : TestSweepW3UxFlows::flow3_redaction_fullLoop_andPartialFailure() UXAUDIT: (transit: progress dialog '')
QINFO  : TestSweepW3UxFlows::flow3_redaction_fullLoop_andPartialFailure() UXAUDIT: (transit: progress dialog '')
QINFO  : TestSweepW3UxFlows::flow3_redaction_fullLoop_andPartialFailure() UXAUDIT: (transit: progress dialog '')
QINFO  : TestSweepW3UxFlows::flow3_redaction_fullLoop_andPartialFailure() UXAUDIT: (transit: progress dialog '')
QINFO  : TestSweepW3UxFlows::flow3_redaction_fullLoop_andPartialFailure() UXAUDIT: (transit: progress dialog '')
QINFO  : TestSweepW3UxFlows::flow3_redaction_fullLoop_andPartialFailure() UXAUDIT: (transit: progress dialog '')
QINFO  : TestSweepW3UxFlows::flow3_redaction_fullLoop_andPartialFailure() UXAUDIT: (transit: progress dialog '')
QINFO  : TestSweepW3UxFlows::flow3_redaction_fullLoop_andPartialFailure() UXAUDIT: (transit: progress dialog '')
QINFO  : TestSweepW3UxFlows::flow3_redaction_fullLoop_andPartialFailure() UXAUDIT: (transit: progress dialog '')
Fontconfig error: Cannot load default config file: File not found
QINFO  : TestSweepW3UxFlows::flow3_redaction_fullLoop_andPartialFailure() UXAUDIT: (transit: progress dialog '')
QINFO  : TestSweepW3UxFlows::flow3_redaction_fullLoop_andPartialFailure() UXAUDIT: (transit: progress dialog '')
QINFO  : TestSweepW3UxFlows::flow3_redaction_fullLoop_andPartialFailure() UXAUDIT: (transit: progress dialog '')
QINFO  : TestSweepW3UxFlows::flow3_redaction_fullLoop_andPartialFailure() UXAUDIT: (transit: progress dialog '')
QINFO  : TestSweepW3UxFlows::flow3_redaction_fullLoop_andPartialFailure() UXAUDIT: (transit: progress dialog '')
QINFO  : TestSweepW3UxFlows::flow3_redaction_fullLoop_andPartialFailure() UXAUDIT: (transit: progress dialog '')
QINFO  : TestSweepW3UxFlows::flow3_redaction_fullLoop_andPartialFailure() UXAUDIT: (transit: progress dialog '')
QINFO  : TestSweepW3UxFlows::flow3_redaction_fullLoop_andPartialFailure() UXAUDIT: (transit: progress dialog '')
QINFO  : TestSweepW3UxFlows::flow3_redaction_fullLoop_andPartialFailure() UXAUDIT: (transit: progress dialog '')
QINFO  : TestSweepW3UxFlows::flow3_redaction_fullLoop_andPartialFailure() UXAUDIT: (transit: progress dialog '')
QINFO  : TestSweepW3UxFlows::flow3_redaction_fullLoop_andPartialFailure() UXAUDIT: (transit: progress dialog '')
QINFO  : TestSweepW3UxFlows::flow3_redaction_fullLoop_andPartialFailure() UXAUDIT: (transit: progress dialog '')
QINFO  : TestSweepW3UxFlows::flow3_redaction_fullLoop_andPartialFailure() UXAUDIT: (transit: progress dialog '')
QINFO  : TestSweepW3UxFlows::flow3_redaction_fullLoop_andPartialFailure() UXAUDIT: (transit: progress dialog '')
QINFO  : TestSweepW3UxFlows::flow3_redaction_fullLoop_andPartialFailure() UXAUDIT: (transit: progress dialog '')
QINFO  : TestSweepW3UxFlows::flow3_redaction_fullLoop_andPartialFailure() UXAUDIT: (transit: progress dialog '')
QINFO  : TestSweepW3UxFlows::flow3_redaction_fullLoop_andPartialFailure() UXAUDIT: (transit: progress dialog '')
QINFO  : TestSweepW3UxFlows::flow3_redaction_fullLoop_andPartialFailure() UXAUDIT: (transit: progress dialog '')
QINFO  : TestSweepW3UxFlows::flow3_redaction_fullLoop_andPartialFailure() UXAUDIT: (transit: progress dialog '')
QINFO  : TestSweepW3UxFlows::flow3_redaction_fullLoop_andPartialFailure() UXAUDIT: (transit: progress dialog '')
QINFO  : TestSweepW3UxFlows::flow3_redaction_fullLoop_andPartialFailure() UXAUDIT: (transit: progress dialog '')
QINFO  : TestSweepW3UxFlows::flow3_redaction_fullLoop_andPartialFailure() UXAUDIT: (transit: progress dialog '')
QINFO  : TestSweepW3UxFlows::flow3_redaction_fullLoop_andPartialFailure() UXAUDIT: (transit: progress dialog '')
QINFO  : TestSweepW3UxFlows::flow3_redaction_fullLoop_andPartialFailure() UXAUDIT: (transit: progress dialog '')
QINFO  : TestSweepW3UxFlows::flow3_redaction_fullLoop_andPartialFailure() UXAUDIT: (transit: progress dialog '')
QINFO  : TestSweepW3UxFlows::flow3_redaction_fullLoop_andPartialFailure() UXAUDIT: (transit: progress dialog '')
QINFO  : TestSweepW3UxFlows::flow3_redaction_fullLoop_andPartialFailure() UXAUDIT: (transit: progress dialog '')
QINFO  : TestSweepW3UxFlows::flow3_redaction_fullLoop_andPartialFailure() UXAUDIT: (transit: progress dialog '')
QINFO  : TestSweepW3UxFlows::flow3_redaction_fullLoop_andPartialFailure() UXAUDIT: (transit: progress dialog '')
QINFO  : TestSweepW3UxFlows::flow3_redaction_fullLoop_andPartialFailure() UXAUDIT: (transit: progress dialog '')
QINFO  : TestSweepW3UxFlows::flow3_redaction_fullLoop_andPartialFailure() UXAUDIT: (transit: progress dialog '')
QINFO  : TestSweepW3UxFlows::flow3_redaction_fullLoop_andPartialFailure() UXAUDIT: (transit: progress dialog '')
QINFO  : TestSweepW3UxFlows::flow3_redaction_fullLoop_andPartialFailure() UXAUDIT: (transit: progress dialog '')
QINFO  : TestSweepW3UxFlows::flow3_redaction_fullLoop_andPartialFailure() UXAUDIT: (transit: progress dialog '')
QINFO  : TestSweepW3UxFlows::flow3_redaction_fullLoop_andPartialFailure() UXAUDIT: (transit: progress dialog '')
QINFO  : TestSweepW3UxFlows::flow3_redaction_fullLoop_andPartialFailure() UXAUDIT: (transit: progress dialog '')
QINFO  : TestSweepW3UxFlows::flow3_redaction_fullLoop_andPartialFailure() UXAUDIT: (transit: progress dialog '')
QINFO  : TestSweepW3UxFlows::flow3_redaction_fullLoop_andPartialFailure() UXAUDIT: (transit: progress dialog '')
QINFO  : TestSweepW3UxFlows::flow3_redaction_fullLoop_andPartialFailure() UXAUDIT: (transit: progress dialog '')
QINFO  : TestSweepW3UxFlows::flow3_redaction_fullLoop_andPartialFailure() UXAUDIT: (transit: progress dialog '')
QINFO  : TestSweepW3UxFlows::flow3_redaction_fullLoop_andPartialFailure() UXAUDIT: (transit: progress dialog '')
QINFO  : TestSweepW3UxFlows::flow3_redaction_fullLoop_andPartialFailure() UXAUDIT: (transit: progress dialog '')
QINFO  : TestSweepW3UxFlows::flow3_redaction_fullLoop_andPartialFailure() UXAUDIT: (transit: progress dialog '')
QINFO  : TestSweepW3UxFlows::flow3_redaction_fullLoop_andPartialFailure() UXAUDIT: (transit: progress dialog '')
QINFO  : TestSweepW3UxFlows::flow3_redaction_fullLoop_andPartialFailure() UXAUDIT: (transit: progress dialog '')
QINFO  : TestSweepW3UxFlows::flow3_redaction_fullLoop_andPartialFailure() UXAUDIT: (transit: progress dialog '')
QINFO  : TestSweepW3UxFlows::flow3_redaction_fullLoop_andPartialFailure() UXAUDIT: (transit: progress dialog '')
QINFO  : TestSweepW3UxFlows::flow3_redaction_fullLoop_andPartialFailure() UXAUDIT: (transit: progress dialog '')
QINFO  : TestSweepW3UxFlows::flow3_redaction_fullLoop_andPartialFailure() UXAUDIT: (transit: progress dialog '')
QINFO  : TestSweepW3UxFlows::flow3_redaction_fullLoop_andPartialFailure() UXAUDIT: (transit: progress dialog '')
QINFO  : TestSweepW3UxFlows::flow3_redaction_fullLoop_andPartialFailure() UXAUDIT: (transit: progress dialog '')
QINFO  : TestSweepW3UxFlows::flow3_redaction_fullLoop_andPartialFailure() UXAUDIT: (transit: progress dialog '')
QINFO  : TestSweepW3UxFlows::flow3_redaction_fullLoop_andPartialFailure() UXAUDIT: (transit: progress dialog '')
QINFO  : TestSweepW3UxFlows::flow3_redaction_fullLoop_andPartialFailure() UXAUDIT: (transit: progress dialog '')
QINFO  : TestSweepW3UxFlows::flow3_redaction_fullLoop_andPartialFailure() UXAUDIT: (transit: progress dialog '')
QINFO  : TestSweepW3UxFlows::flow3_redaction_fullLoop_andPartialFailure() UXAUDIT: (transit: progress dialog '')
QINFO  : TestSweepW3UxFlows::flow3_redaction_fullLoop_andPartialFailure() UXAUDIT: (transit: progress dialog '')
QINFO  : TestSweepW3UxFlows::flow3_redaction_fullLoop_andPartialFailure() UXAUDIT: (transit: progress dialog '')
QINFO  : TestSweepW3UxFlows::flow3_redaction_fullLoop_andPartialFailure() UXAUDIT: (transit: progress dialog '')
QINFO  : TestSweepW3UxFlows::flow3_redaction_fullLoop_andPartialFailure() UXAUDIT: (transit: progress dialog '')
QINFO  : TestSweepW3UxFlows::flow3_redaction_fullLoop_andPartialFailure() UXAUDIT: (transit: progress dialog '')
QINFO  : TestSweepW3UxFlows::flow3_redaction_fullLoop_andPartialFailure() UXAUDIT: (transit: progress dialog '')
QINFO  : TestSweepW3UxFlows::flow3_redaction_fullLoop_andPartialFailure() UXAUDIT: (transit: progress dialog '')
QINFO  : TestSweepW3UxFlows::flow3_redaction_fullLoop_andPartialFailure() UXAUDIT: (transit: progress dialog '')
QINFO  : TestSweepW3UxFlows::flow3_redaction_fullLoop_andPartialFailure() UXAUDIT: (transit: progress dialog '')
QINFO  : TestSweepW3UxFlows::flow3_redaction_fullLoop_andPartialFailure() UXAUDIT: (transit: progress dialog '')
QINFO  : TestSweepW3UxFlows::flow3_redaction_fullLoop_andPartialFailure() UXAUDIT: (transit: progress dialog '')
QINFO  : TestSweepW3UxFlows::flow3_redaction_fullLoop_andPartialFailure() UXAUDIT: (transit: progress dialog '')
QINFO  : TestSweepW3UxFlows::flow3_redaction_fullLoop_andPartialFailure() UXAUDIT: (transit: progress dialog '')
QINFO  : TestSweepW3UxFlows::flow3_redaction_fullLoop_andPartialFailure() UXAUDIT: (transit: progress dialog '')
QINFO  : TestSweepW3UxFlows::flow3_redaction_fullLoop_andPartialFailure() UXAUDIT: (transit: progress dialog '')
QINFO  : TestSweepW3UxFlows::flow3_redaction_fullLoop_andPartialFailure() UXAUDIT: (transit: progress dialog '')
QINFO  : TestSweepW3UxFlows::flow3_redaction_fullLoop_andPartialFailure() UXAUDIT: (transit: progress dialog '')
QINFO  : TestSweepW3UxFlows::flow3_redaction_fullLoop_andPartialFailure() UXAUDIT: (transit: progress dialog '')
QINFO  : TestSweepW3UxFlows::flow3_redaction_fullLoop_andPartialFailure() UXAUDIT: (transit: progress dialog '')
QINFO  : TestSweepW3UxFlows::flow3_redaction_fullLoop_andPartialFailure() UXAUDIT: (transit: progress dialog '')
QINFO  : TestSweepW3UxFlows::flow3_redaction_fullLoop_andPartialFailure() UXAUDIT: (transit: progress dialog '')
QINFO  : TestSweepW3UxFlows::flow3_redaction_fullLoop_andPartialFailure() UXAUDIT: (transit: progress dialog '')
QINFO  : TestSweepW3UxFlows::flow3_redaction_fullLoop_andPartialFailure() UXAUDIT: (transit: progress dialog '')
QINFO  : TestSweepW3UxFlows::flow3_redaction_fullLoop_andPartialFailure() UXAUDIT: (transit: progress dialog '')
QINFO  : TestSweepW3UxFlows::flow3_redaction_fullLoop_andPartialFailure() UXAUDIT: (transit: progress dialog '')
QINFO  : TestSweepW3UxFlows::flow3_redaction_fullLoop_andPartialFailure() UXAUDIT: (transit: progress dialog '')
QINFO  : TestSweepW3UxFlows::flow3_redaction_fullLoop_andPartialFailure() UXAUDIT: (transit: progress dialog '')
QINFO  : TestSweepW3UxFlows::flow3_redaction_fullLoop_andPartialFailure() UXAUDIT: (transit: progress dialog '')
QINFO  : TestSweepW3UxFlows::flow3_redaction_fullLoop_andPartialFailure() UXAUDIT: (transit: progress dialog '')
QINFO  : TestSweepW3UxFlows::flow3_redaction_fullLoop_andPartialFailure() UXAUDIT: (transit: progress dialog '')
QINFO  : TestSweepW3UxFlows::flow3_redaction_fullLoop_andPartialFailure() UXAUDIT: (transit: progress dialog '')
QINFO  : TestSweepW3UxFlows::flow3_redaction_fullLoop_andPartialFailure() UXAUDIT: (transit: progress dialog '')
QINFO  : TestSweepW3UxFlows::flow3_redaction_fullLoop_andPartialFailure() UXAUDIT: (transit: progress dialog '')
QINFO  : TestSweepW3UxFlows::flow3_redaction_fullLoop_andPartialFailure() UXAUDIT: (transit: progress dialog '')
QINFO  : TestSweepW3UxFlows::flow3_redaction_fullLoop_andPartialFailure() UXAUDIT: (transit: progress dialog '')
QINFO  : TestSweepW3UxFlows::flow3_redaction_fullLoop_andPartialFailure() UXAUDIT: (transit: progress dialog '')
QINFO  : TestSweepW3UxFlows::flow3_redaction_fullLoop_andPartialFailure() UXAUDIT: (transit: progress dialog '')
QINFO  : TestSweepW3UxFlows::flow3_redaction_fullLoop_andPartialFailure() UXAUDIT: (transit: progress dialog '')
QINFO  : TestSweepW3UxFlows::flow3_redaction_fullLoop_andPartialFailure() UXAUDIT: (transit: progress dialog '')
QINFO  : TestSweepW3UxFlows::flow3_redaction_fullLoop_andPartialFailure() UXAUDIT: (transit: progress dialog '')
QINFO  : TestSweepW3UxFlows::flow3_redaction_fullLoop_andPartialFailure() UXAUDIT: (transit: progress dialog '')
QINFO  : TestSweepW3UxFlows::flow3_redaction_fullLoop_andPartialFailure() UXAUDIT: (transit: progress dialog '')
QINFO  : TestSweepW3UxFlows::flow3_redaction_fullLoop_andPartialFailure() UXAUDIT: (transit: progress dialog '')
QINFO  : TestSweepW3UxFlows::flow3_redaction_fullLoop_andPartialFailure() UXAUDIT: (transit: progress dialog '')
QINFO  : TestSweepW3UxFlows::flow3_redaction_fullLoop_andPartialFailure() UXAUDIT: (transit: progress dialog '')
QINFO  : TestSweepW3UxFlows::flow3_redaction_fullLoop_andPartialFailure() UXAUDIT: (transit: progress dialog '')
QINFO  : TestSweepW3UxFlows::flow3_redaction_fullLoop_andPartialFailure() UXAUDIT: (transit: progress dialog '')
QINFO  : TestSweepW3UxFlows::flow3_redaction_fullLoop_andPartialFailure() UXAUDIT: (transit: progress dialog '')
QINFO  : TestSweepW3UxFlows::flow3_redaction_fullLoop_andPartialFailure() UXAUDIT: (transit: progress dialog '')
QINFO  : TestSweepW3UxFlows::flow3_redaction_fullLoop_andPartialFailure() UXAUDIT: (transit: progress dialog '')
QINFO  : TestSweepW3UxFlows::flow3_redaction_fullLoop_andPartialFailure() UXAUDIT: (transit: progress dialog '')
QINFO  : TestSweepW3UxFlows::flow3_redaction_fullLoop_andPartialFailure() UXAUDIT: (transit: progress dialog '')
QINFO  : TestSweepW3UxFlows::flow3_redaction_fullLoop_andPartialFailure() UXAUDIT: (transit: progress dialog '')
QINFO  : TestSweepW3UxFlows::flow3_redaction_fullLoop_andPartialFailure() UXAUDIT: (transit: progress dialog '')
QINFO  : TestSweepW3UxFlows::flow3_redaction_fullLoop_andPartialFailure() UXAUDIT: (transit: progress dialog '')
QINFO  : TestSweepW3UxFlows::flow3_redaction_fullLoop_andPartialFailure() UXAUDIT: (transit: progress dialog '')
QINFO  : TestSweepW3UxFlows::flow3_redaction_fullLoop_andPartialFailure() UXAUDIT: (transit: progress dialog '')
QINFO  : TestSweepW3UxFlows::flow3_redaction_fullLoop_andPartialFailure() UXAUDIT: (transit: progress dialog '')
QINFO  : TestSweepW3UxFlows::flow3_redaction_fullLoop_andPartialFailure() UXAUDIT: (transit: progress dialog '')
QINFO  : TestSweepW3UxFlows::flow3_redaction_fullLoop_andPartialFailure() UXAUDIT: (transit: progress dialog '')
QINFO  : TestSweepW3UxFlows::flow3_redaction_fullLoop_andPartialFailure() UXAUDIT: (transit: progress dialog '')
QINFO  : TestSweepW3UxFlows::flow3_redaction_fullLoop_andPartialFailure() UXAUDIT: (transit: progress dialog '')
QINFO  : TestSweepW3UxFlows::flow3_redaction_fullLoop_andPartialFailure() UXAUDIT: (transit: progress dialog '')
QINFO  : TestSweepW3UxFlows::flow3_redaction_fullLoop_andPartialFailure() UXAUDIT: (transit: progress dialog '')
QINFO  : TestSweepW3UxFlows::flow3_redaction_fullLoop_andPartialFailure() UXAUDIT: (transit: progress dialog '')
QINFO  : TestSweepW3UxFlows::flow3_redaction_fullLoop_andPartialFailure() UXAUDIT: (transit: progress dialog '')
QINFO  : TestSweepW3UxFlows::flow3_redaction_fullLoop_andPartialFailure() UXAUDIT: (transit: progress dialog '')
QINFO  : TestSweepW3UxFlows::flow3_redaction_fullLoop_andPartialFailure() UXAUDIT: (transit: progress dialog '')
QINFO  : TestSweepW3UxFlows::flow3_redaction_fullLoop_andPartialFailure() UXAUDIT: (transit: progress dialog '')
QINFO  : TestSweepW3UxFlows::flow3_redaction_fullLoop_andPartialFailure() UXAUDIT: (transit: progress dialog '')
QINFO  : TestSweepW3UxFlows::flow3_redaction_fullLoop_andPartialFailure() UXAUDIT: (transit: progress dialog '')
QINFO  : TestSweepW3UxFlows::flow3_redaction_fullLoop_andPartialFailure() UXAUDIT: (transit: progress dialog '')
QINFO  : TestSweepW3UxFlows::flow3_redaction_fullLoop_andPartialFailure() UXAUDIT: (transit: progress dialog '')
QINFO  : TestSweepW3UxFlows::flow3_redaction_fullLoop_andPartialFailure() UXAUDIT: (transit: progress dialog '')
QINFO  : TestSweepW3UxFlows::flow3_redaction_fullLoop_andPartialFailure() UXAUDIT: (transit: progress dialog '')
QINFO  : TestSweepW3UxFlows::flow3_redaction_fullLoop_andPartialFailure() UXAUDIT: (transit: progress dialog '')
QINFO  : TestSweepW3UxFlows::flow3_redaction_fullLoop_andPartialFailure() UXAUDIT: (transit: progress dialog '')
QINFO  : TestSweepW3UxFlows::flow3_redaction_fullLoop_andPartialFailure() UXAUDIT: (transit: progress dialog '')
QINFO  : TestSweepW3UxFlows::flow3_redaction_fullLoop_andPartialFailure() UXAUDIT: (transit: progress dialog '')
QINFO  : TestSweepW3UxFlows::flow3_redaction_fullLoop_andPartialFailure() UXAUDIT: (transit: progress dialog '')
QINFO  : TestSweepW3UxFlows::flow3_redaction_fullLoop_andPartialFailure() UXAUDIT: (transit: progress dialog '')
QINFO  : TestSweepW3UxFlows::flow3_redaction_fullLoop_andPartialFailure() UXAUDIT: (transit: progress dialog '')
QINFO  : TestSweepW3UxFlows::flow3_redaction_fullLoop_andPartialFailure() UXAUDIT: (transit: progress dialog '')
QINFO  : TestSweepW3UxFlows::flow3_redaction_fullLoop_andPartialFailure() UXAUDIT: (transit: progress dialog '')
QINFO  : TestSweepW3UxFlows::flow3_redaction_fullLoop_andPartialFailure() UXAUDIT: (transit: progress dialog '')
QINFO  : TestSweepW3UxFlows::flow3_redaction_fullLoop_andPartialFailure() UXAUDIT: (transit: progress dialog '')
QINFO  : TestSweepW3UxFlows::flow3_redaction_fullLoop_andPartialFailure() UXAUDIT: (transit: progress dialog '')
QINFO  : TestSweepW3UxFlows::flow3_redaction_fullLoop_andPartialFailure() UXAUDIT: (transit: progress dialog '')
QINFO  : TestSweepW3UxFlows::flow3_redaction_fullLoop_andPartialFailure() UXAUDIT: (transit: progress dialog '')
QINFO  : TestSweepW3UxFlows::flow3_redaction_fullLoop_andPartialFailure() UXAUDIT: (transit: progress dialog '')
QINFO  : TestSweepW3UxFlows::flow3_redaction_fullLoop_andPartialFailure() UXAUDIT: (transit: progress dialog '')
QINFO  : TestSweepW3UxFlows::flow3_redaction_fullLoop_andPartialFailure() UXAUDIT: (transit: progress dialog '')
QINFO  : TestSweepW3UxFlows::flow3_redaction_fullLoop_andPartialFailure() UXAUDIT: (transit: progress dialog '')
QINFO  : TestSweepW3UxFlows::flow3_redaction_fullLoop_andPartialFailure() UXAUDIT: (transit: progress dialog '')
QINFO  : TestSweepW3UxFlows::flow3_redaction_fullLoop_andPartialFailure() UXAUDIT: (transit: progress dialog '')
QINFO  : TestSweepW3UxFlows::flow3_redaction_fullLoop_andPartialFailure() UXAUDIT: (transit: progress dialog '')
QINFO  : TestSweepW3UxFlows::flow3_redaction_fullLoop_andPartialFailure() UXAUDIT: (transit: progress dialog '')
QINFO  : TestSweepW3UxFlows::flow3_redaction_fullLoop_andPartialFailure() UXAUDIT: (transit: progress dialog '')
QINFO  : TestSweepW3UxFlows::flow3_redaction_fullLoop_andPartialFailure() UXAUDIT: (transit: progress dialog '')
QINFO  : TestSweepW3UxFlows::flow3_redaction_fullLoop_andPartialFailure() UXAUDIT: (transit: progress dialog '')
QINFO  : TestSweepW3UxFlows::flow3_redaction_fullLoop_andPartialFailure() UXAUDIT: (transit: progress dialog '')
QINFO  : TestSweepW3UxFlows::flow3_redaction_fullLoop_andPartialFailure() UXAUDIT: (transit: progress dialog '')
QINFO  : TestSweepW3UxFlows::flow3_redaction_fullLoop_andPartialFailure() UXAUDIT: (transit: progress dialog '')
QINFO  : TestSweepW3UxFlows::flow3_redaction_fullLoop_andPartialFailure() UXAUDIT: (transit: progress dialog '')
QINFO  : TestSweepW3UxFlows::flow3_redaction_fullLoop_andPartialFailure() UXAUDIT: (transit: progress dialog '')
QINFO  : TestSweepW3UxFlows::flow3_redaction_fullLoop_andPartialFailure() UXAUDIT: (transit: progress dialog '')
QINFO  : TestSweepW3UxFlows::flow3_redaction_fullLoop_andPartialFailure() UXAUDIT: (transit: progress dialog '')
QINFO  : TestSweepW3UxFlows::flow3_redaction_fullLoop_andPartialFailure() UXAUDIT: (transit: progress dialog '')
QINFO  : TestSweepW3UxFlows::flow3_redaction_fullLoop_andPartialFailure() UXAUDIT: (transit: progress dialog '')
QINFO  : TestSweepW3UxFlows::flow3_redaction_fullLoop_andPartialFailure() UXAUDIT: (transit: progress dialog '')
QINFO  : TestSweepW3UxFlows::flow3_redaction_fullLoop_andPartialFailure() UXAUDIT: (transit: progress dialog '')
QINFO  : TestSweepW3UxFlows::flow3_redaction_fullLoop_andPartialFailure() UXAUDIT: (transit: progress dialog '')
QINFO  : TestSweepW3UxFlows::flow3_redaction_fullLoop_andPartialFailure() UXAUDIT: (transit: progress dialog '')
QINFO  : TestSweepW3UxFlows::flow3_redaction_fullLoop_andPartialFailure() UXAUDIT: (transit: progress dialog '')
QINFO  : TestSweepW3UxFlows::flow3_redaction_fullLoop_andPartialFailure() UXAUDIT: (transit: progress dialog '')
QINFO  : TestSweepW3UxFlows::flow3_redaction_fullLoop_andPartialFailure() UXAUDIT: (transit: progress dialog '')
QINFO  : TestSweepW3UxFlows::flow3_redaction_fullLoop_andPartialFailure() UXAUDIT: (transit: progress dialog '')
QINFO  : TestSweepW3UxFlows::flow3_redaction_fullLoop_andPartialFailure() UXAUDIT: (transit: progress dialog '')
QINFO  : TestSweepW3UxFlows::flow3_redaction_fullLoop_andPartialFailure() UXAUDIT: (transit: progress dialog '')
QINFO  : TestSweepW3UxFlows::flow3_redaction_fullLoop_andPartialFailure() UXAUDIT: (transit: progress dialog '')
QINFO  : TestSweepW3UxFlows::flow3_redaction_fullLoop_andPartialFailure() UXAUDIT: (transit: progress dialog '')
QINFO  : TestSweepW3UxFlows::flow3_redaction_fullLoop_andPartialFailure() UXAUDIT: (transit: progress dialog '')
QINFO  : TestSweepW3UxFlows::flow3_redaction_fullLoop_andPartialFailure() UXAUDIT: (transit: progress dialog '')
QINFO  : TestSweepW3UxFlows::flow3_redaction_fullLoop_andPartialFailure() UXAUDIT: (transit: progress dialog '')
QINFO  : TestSweepW3UxFlows::flow3_redaction_fullLoop_andPartialFailure() UXAUDIT: (transit: progress dialog '')
QINFO  : TestSweepW3UxFlows::flow3_redaction_fullLoop_andPartialFailure() UXAUDIT: (transit: progress dialog '')
QINFO  : TestSweepW3UxFlows::flow3_redaction_fullLoop_andPartialFailure() UXAUDIT: (transit: progress dialog '')
QINFO  : TestSweepW3UxFlows::flow3_redaction_fullLoop_andPartialFailure() UXAUDIT: (transit: progress dialog '')
QINFO  : TestSweepW3UxFlows::flow3_redaction_fullLoop_andPartialFailure() UXAUDIT: (transit: progress dialog '')
QINFO  : TestSweepW3UxFlows::flow3_redaction_fullLoop_andPartialFailure() UXAUDIT: (transit: progress dialog '')
QINFO  : TestSweepW3UxFlows::flow3_redaction_fullLoop_andPartialFailure() UXAUDIT: (transit: progress dialog '')
QINFO  : TestSweepW3UxFlows::flow3_redaction_fullLoop_andPartialFailure() UXAUDIT: (transit: progress dialog '')
QINFO  : TestSweepW3UxFlows::flow3_redaction_fullLoop_andPartialFailure() UXAUDIT: (transit: progress dialog '')
QINFO  : TestSweepW3UxFlows::flow3_redaction_fullLoop_andPartialFailure() UXAUDIT: (transit: progress dialog '')
QINFO  : TestSweepW3UxFlows::flow3_redaction_fullLoop_andPartialFailure() UXAUDIT: (transit: progress dialog '')
QINFO  : TestSweepW3UxFlows::flow3_redaction_fullLoop_andPartialFailure() UXAUDIT: (transit: progress dialog '')
QINFO  : TestSweepW3UxFlows::flow3_redaction_fullLoop_andPartialFailure() UXAUDIT: (transit: progress dialog '')
QINFO  : TestSweepW3UxFlows::flow3_redaction_fullLoop_andPartialFailure() UXAUDIT: (transit: progress dialog '')
QINFO  : TestSweepW3UxFlows::flow3_redaction_fullLoop_andPartialFailure() UXAUDIT: (transit: progress dialog '')
QINFO  : TestSweepW3UxFlows::flow3_redaction_fullLoop_andPartialFailure() UXAUDIT: (transit: progress dialog '')
QINFO  : TestSweepW3UxFlows::flow3_redaction_fullLoop_andPartialFailure() UXAUDIT: (transit: progress dialog '')
QINFO  : TestSweepW3UxFlows::flow3_redaction_fullLoop_andPartialFailure() UXAUDIT: (transit: progress dialog '')
QINFO  : TestSweepW3UxFlows::flow3_redaction_fullLoop_andPartialFailure() UXAUDIT: (transit: progress dialog '')
QINFO  : TestSweepW3UxFlows::flow3_redaction_fullLoop_andPartialFailure() UXAUDIT: (transit: progress dialog '')
QINFO  : TestSweepW3UxFlows::flow3_redaction_fullLoop_andPartialFailure() UXAUDIT: (transit: progress dialog '')
QINFO  : TestSweepW3UxFlows::flow3_redaction_fullLoop_andPartialFailure() UXAUDIT: (transit: progress dialog '')
QINFO  : TestSweepW3UxFlows::flow3_redaction_fullLoop_andPartialFailure() UXAUDIT: (transit: progress dialog '')
QINFO  : TestSweepW3UxFlows::flow3_redaction_fullLoop_andPartialFailure() UXAUDIT: (transit: progress dialog '')
QINFO  : TestSweepW3UxFlows::flow3_redaction_fullLoop_andPartialFailure() UXAUDIT: (transit: progress dialog '')
QINFO  : TestSweepW3UxFlows::flow3_redaction_fullLoop_andPartialFailure() UXAUDIT: (transit: progress dialog '')
QINFO  : TestSweepW3UxFlows::flow3_redaction_fullLoop_andPartialFailure() UXAUDIT: (transit: progress dialog '')
QINFO  : TestSweepW3UxFlows::flow3_redaction_fullLoop_andPartialFailure() UXAUDIT: (transit: progress dialog '')
QINFO  : TestSweepW3UxFlows::flow3_redaction_fullLoop_andPartialFailure() UXAUDIT: (transit: progress dialog '')
QINFO  : TestSweepW3UxFlows::flow3_redaction_fullLoop_andPartialFailure() UXAUDIT: (transit: progress dialog '')
QINFO  : TestSweepW3UxFlows::flow3_redaction_fullLoop_andPartialFailure() UXAUDIT: (transit: progress dialog '')
QINFO  : TestSweepW3UxFlows::flow3_redaction_fullLoop_andPartialFailure() UXAUDIT: (transit: progress dialog '')
QINFO  : TestSweepW3UxFlows::flow3_redaction_fullLoop_andPartialFailure() UXAUDIT: (transit: progress dialog '')
QINFO  : TestSweepW3UxFlows::flow3_redaction_fullLoop_andPartialFailure() UXAUDIT: (transit: progress dialog '')
QINFO  : TestSweepW3UxFlows::flow3_redaction_fullLoop_andPartialFailure() UXAUDIT: (transit: progress dialog '')
QINFO  : TestSweepW3UxFlows::flow3_redaction_fullLoop_andPartialFailure() UXAUDIT: (transit: progress dialog '')
QINFO  : TestSweepW3UxFlows::flow3_redaction_fullLoop_andPartialFailure() UXAUDIT: (transit: progress dialog '')
QINFO  : TestSweepW3UxFlows::flow3_redaction_fullLoop_andPartialFailure() UXAUDIT: (transit: progress dialog '')
QINFO  : TestSweepW3UxFlows::flow3_redaction_fullLoop_andPartialFailure() UXAUDIT: (transit: progress dialog '')
QINFO  : TestSweepW3UxFlows::flow3_redaction_fullLoop_andPartialFailure() UXAUDIT: (transit: progress dialog '')
QINFO  : TestSweepW3UxFlows::flow3_redaction_fullLoop_andPartialFailure() UXAUDIT: (transit: progress dialog '')
QINFO  : TestSweepW3UxFlows::flow3_redaction_fullLoop_andPartialFailure() UXAUDIT: (transit: progress dialog '')
QINFO  : TestSweepW3UxFlows::flow3_redaction_fullLoop_andPartialFailure() UXAUDIT: (transit: progress dialog '')
QINFO  : TestSweepW3UxFlows::flow3_redaction_fullLoop_andPartialFailure() UXAUDIT: (transit: progress dialog '')
QINFO  : TestSweepW3UxFlows::flow3_redaction_fullLoop_andPartialFailure() UXAUDIT: (transit: progress dialog '')
QINFO  : TestSweepW3UxFlows::flow3_redaction_fullLoop_andPartialFailure() UXAUDIT: (transit: progress dialog '')
QINFO  : TestSweepW3UxFlows::flow3_redaction_fullLoop_andPartialFailure() UXAUDIT: (transit: progress dialog '')
QINFO  : TestSweepW3UxFlows::flow3_redaction_fullLoop_andPartialFailure() UXAUDIT: (transit: progress dialog '')
QINFO  : TestSweepW3UxFlows::flow3_redaction_fullLoop_andPartialFailure() UXAUDIT: (transit: progress dialog '')
QINFO  : TestSweepW3UxFlows::flow3_redaction_fullLoop_andPartialFailure() UXAUDIT: (transit: progress dialog '')
QINFO  : TestSweepW3UxFlows::flow3_redaction_fullLoop_andPartialFailure() UXAUDIT: (transit: progress dialog '')
QINFO  : TestSweepW3UxFlows::flow3_redaction_fullLoop_andPartialFailure() UXAUDIT: (transit: progress dialog '')
QINFO  : TestSweepW3UxFlows::flow3_redaction_fullLoop_andPartialFailure() UXAUDIT: (transit: progress dialog '')
QINFO  : TestSweepW3UxFlows::flow3_redaction_fullLoop_andPartialFailure() UXAUDIT: (transit: progress dialog '')
QINFO  : TestSweepW3UxFlows::flow3_redaction_fullLoop_andPartialFailure() UXAUDIT: (transit: progress dialog '')
QINFO  : TestSweepW3UxFlows::flow3_redaction_fullLoop_andPartialFailure() UXAUDIT: (transit: progress dialog '')
QINFO  : TestSweepW3UxFlows::flow3_redaction_fullLoop_andPartialFailure() UXAUDIT: (transit: progress dialog '')
QINFO  : TestSweepW3UxFlows::flow3_redaction_fullLoop_andPartialFailure() UXAUDIT: (transit: progress dialog '')
QINFO  : TestSweepW3UxFlows::flow3_redaction_fullLoop_andPartialFailure() UXAUDIT: (transit: progress dialog '')
QINFO  : TestSweepW3UxFlows::flow3_redaction_fullLoop_andPartialFailure() UXAUDIT: (transit: progress dialog '')
QINFO  : TestSweepW3UxFlows::flow3_redaction_fullLoop_andPartialFailure() UXAUDIT: (transit: progress dialog '')
QINFO  : TestSweepW3UxFlows::flow3_redaction_fullLoop_andPartialFailure() UXAUDIT: (transit: progress dialog '')
QINFO  : TestSweepW3UxFlows::flow3_redaction_fullLoop_andPartialFailure() UXAUDIT: (transit: progress dialog '')
QINFO  : TestSweepW3UxFlows::flow3_redaction_fullLoop_andPartialFailure() UXAUDIT: (transit: progress dialog '')
QINFO  : TestSweepW3UxFlows::flow3_redaction_fullLoop_andPartialFailure() UXAUDIT: (transit: progress dialog '')
QINFO  : TestSweepW3UxFlows::flow3_redaction_fullLoop_andPartialFailure() UXAUDIT: (transit: progress dialog '')
QINFO  : TestSweepW3UxFlows::flow3_redaction_fullLoop_andPartialFailure() UXAUDIT: (transit: progress dialog '')
QINFO  : TestSweepW3UxFlows::flow3_redaction_fullLoop_andPartialFailure() UXAUDIT: (transit: progress dialog '')
QINFO  : TestSweepW3UxFlows::flow3_redaction_fullLoop_andPartialFailure() UXAUDIT: (transit: progress dialog '')
QINFO  : TestSweepW3UxFlows::flow3_redaction_fullLoop_andPartialFailure() UXAUDIT: (transit: progress dialog '')
QINFO  : TestSweepW3UxFlows::flow3_redaction_fullLoop_andPartialFailure() UXAUDIT: (transit: progress dialog '')
QINFO  : TestSweepW3UxFlows::flow3_redaction_fullLoop_andPartialFailure() UXAUDIT: (transit: progress dialog '')
QINFO  : TestSweepW3UxFlows::flow3_redaction_fullLoop_andPartialFailure() UXAUDIT: (transit: progress dialog '')
QINFO  : TestSweepW3UxFlows::flow3_redaction_fullLoop_andPartialFailure() UXAUDIT: (transit: progress dialog '')
QINFO  : TestSweepW3UxFlows::flow3_redaction_fullLoop_andPartialFailure() UXAUDIT: (transit: progress dialog '')
QINFO  : TestSweepW3UxFlows::flow3_redaction_fullLoop_andPartialFailure() UXAUDIT: (transit: progress dialog '')
QINFO  : TestSweepW3UxFlows::flow3_redaction_fullLoop_andPartialFailure() UXAUDIT: (transit: progress dialog '')
QINFO  : TestSweepW3UxFlows::flow3_redaction_fullLoop_andPartialFailure() UXAUDIT: (transit: progress dialog '')
QINFO  : TestSweepW3UxFlows::flow3_redaction_fullLoop_andPartialFailure() UXAUDIT: (transit: progress dialog '')
QINFO  : TestSweepW3UxFlows::flow3_redaction_fullLoop_andPartialFailure() UXAUDIT: (transit: progress dialog '')
QINFO  : TestSweepW3UxFlows::flow3_redaction_fullLoop_andPartialFailure() UXAUDIT: (transit: progress dialog '')
QINFO  : TestSweepW3UxFlows::flow3_redaction_fullLoop_andPartialFailure() UXAUDIT: (transit: progress dialog '')
QINFO  : TestSweepW3UxFlows::flow3_redaction_fullLoop_andPartialFailure() UXAUDIT: (transit: progress dialog '')
QINFO  : TestSweepW3UxFlows::flow3_redaction_fullLoop_andPartialFailure() UXAUDIT: (transit: progress dialog '')
QINFO  : TestSweepW3UxFlows::flow3_redaction_fullLoop_andPartialFailure() UXAUDIT: (transit: progress dialog '')
QINFO  : TestSweepW3UxFlows::flow3_redaction_fullLoop_andPartialFailure() UXAUDIT: (transit: progress dialog '')
QINFO  : TestSweepW3UxFlows::flow3_redaction_fullLoop_andPartialFailure() UXAUDIT: (transit: progress dialog '')
QINFO  : TestSweepW3UxFlows::flow3_redaction_fullLoop_andPartialFailure() UXAUDIT: (transit: progress dialog '')
QINFO  : TestSweepW3UxFlows::flow3_redaction_fullLoop_andPartialFailure() UXAUDIT: (transit: progress dialog '')
QINFO  : TestSweepW3UxFlows::flow3_redaction_fullLoop_andPartialFailure() UXAUDIT: (transit: progress dialog '')
QINFO  : TestSweepW3UxFlows::flow3_redaction_fullLoop_andPartialFailure() UXAUDIT: (transit: progress dialog '')
QINFO  : TestSweepW3UxFlows::flow3_redaction_fullLoop_andPartialFailure() UXAUDIT: (transit: progress dialog '')
QINFO  : TestSweepW3UxFlows::flow3_redaction_fullLoop_andPartialFailure() UXAUDIT: (transit: progress dialog '')
QINFO  : TestSweepW3UxFlows::flow3_redaction_fullLoop_andPartialFailure() UXAUDIT: (transit: progress dialog '')
QINFO  : TestSweepW3UxFlows::flow3_redaction_fullLoop_andPartialFailure() UXAUDIT: (transit: progress dialog '')
QINFO  : TestSweepW3UxFlows::flow3_redaction_fullLoop_andPartialFailure() UXAUDIT: (transit: progress dialog '')
QINFO  : TestSweepW3UxFlows::flow3_redaction_fullLoop_andPartialFailure() UXAUDIT: (transit: progress dialog '')
QINFO  : TestSweepW3UxFlows::flow3_redaction_fullLoop_andPartialFailure() UXAUDIT: (transit: progress dialog '')
QINFO  : TestSweepW3UxFlows::flow3_redaction_fullLoop_andPartialFailure() UXAUDIT: (transit: progress dialog '')
QINFO  : TestSweepW3UxFlows::flow3_redaction_fullLoop_andPartialFailure() UXAUDIT: (transit: progress dialog '')
QINFO  : TestSweepW3UxFlows::flow3_redaction_fullLoop_andPartialFailure() UXAUDIT: (transit: progress dialog '')
QINFO  : TestSweepW3UxFlows::flow3_redaction_fullLoop_andPartialFailure() UXAUDIT: (transit: progress dialog '')
QINFO  : TestSweepW3UxFlows::flow3_redaction_fullLoop_andPartialFailure() UXAUDIT: (transit: progress dialog '')
QINFO  : TestSweepW3UxFlows::flow3_redaction_fullLoop_andPartialFailure() UXAUDIT: (transit: progress dialog '')
QINFO  : TestSweepW3UxFlows::flow3_redaction_fullLoop_andPartialFailure() UXAUDIT: (transit: progress dialog '')
QINFO  : TestSweepW3UxFlows::flow3_redaction_fullLoop_andPartialFailure() UXAUDIT: (transit: progress dialog '')
QINFO  : TestSweepW3UxFlows::flow3_redaction_fullLoop_andPartialFailure() UXAUDIT: (transit: progress dialog '')
QINFO  : TestSweepW3UxFlows::flow3_redaction_fullLoop_andPartialFailure() UXAUDIT: (transit: progress dialog '')
QINFO  : TestSweepW3UxFlows::flow3_redaction_fullLoop_andPartialFailure() UXAUDIT: (transit: progress dialog '')
QINFO  : TestSweepW3UxFlows::flow3_redaction_fullLoop_andPartialFailure() UXAUDIT: (transit: progress dialog '')
QINFO  : TestSweepW3UxFlows::flow3_redaction_fullLoop_andPartialFailure() UXAUDIT: (transit: progress dialog '')
QINFO  : TestSweepW3UxFlows::flow3_redaction_fullLoop_andPartialFailure() UXAUDIT: (transit: progress dialog '')
QINFO  : TestSweepW3UxFlows::flow3_redaction_fullLoop_andPartialFailure() UXAUDIT: (transit: progress dialog '')
QINFO  : TestSweepW3UxFlows::flow3_redaction_fullLoop_andPartialFailure() UXAUDIT: (transit: progress dialog '')
QINFO  : TestSweepW3UxFlows::flow3_redaction_fullLoop_andPartialFailure() UXAUDIT: (transit: progress dialog '')
QINFO  : TestSweepW3UxFlows::flow3_redaction_fullLoop_andPartialFailure() UXAUDIT: (transit: progress dialog '')
QINFO  : TestSweepW3UxFlows::flow3_redaction_fullLoop_andPartialFailure() UXAUDIT: (transit: progress dialog '')
QINFO  : TestSweepW3UxFlows::flow3_redaction_fullLoop_andPartialFailure() UXAUDIT: (transit: progress dialog '')
QINFO  : TestSweepW3UxFlows::flow3_redaction_fullLoop_andPartialFailure() UXAUDIT: (transit: progress dialog '')
QINFO  : TestSweepW3UxFlows::flow3_redaction_fullLoop_andPartialFailure() UXAUDIT: (transit: progress dialog '')
QINFO  : TestSweepW3UxFlows::flow3_redaction_fullLoop_andPartialFailure() UXAUDIT: (transit: progress dialog '')
QINFO  : TestSweepW3UxFlows::flow3_redaction_fullLoop_andPartialFailure() UXAUDIT: (transit: progress dialog '')
QINFO  : TestSweepW3UxFlows::flow3_redaction_fullLoop_andPartialFailure() UXAUDIT: (transit: progress dialog '')
QINFO  : TestSweepW3UxFlows::flow3_redaction_fullLoop_andPartialFailure() UXAUDIT: (transit: progress dialog '')
QINFO  : TestSweepW3UxFlows::flow3_redaction_fullLoop_andPartialFailure() UXAUDIT: (transit: progress dialog '')
QINFO  : TestSweepW3UxFlows::flow3_redaction_fullLoop_andPartialFailure() UXAUDIT: (transit: progress dialog '')
QINFO  : TestSweepW3UxFlows::flow3_redaction_fullLoop_andPartialFailure() UXAUDIT: (transit: progress dialog '')
QINFO  : TestSweepW3UxFlows::flow3_redaction_fullLoop_andPartialFailure() UXAUDIT: (transit: progress dialog '')
QINFO  : TestSweepW3UxFlows::flow3_redaction_fullLoop_andPartialFailure() UXAUDIT: (transit: progress dialog '')
QINFO  : TestSweepW3UxFlows::flow3_redaction_fullLoop_andPartialFailure() UXAUDIT: (transit: progress dialog '')
QINFO  : TestSweepW3UxFlows::flow3_redaction_fullLoop_andPartialFailure() UXAUDIT: (transit: progress dialog '')
QINFO  : TestSweepW3UxFlows::flow3_redaction_fullLoop_andPartialFailure() UXAUDIT: (transit: progress dialog '')
QINFO  : TestSweepW3UxFlows::flow3_redaction_fullLoop_andPartialFailure() UXAUDIT: (transit: progress dialog '')
QINFO  : TestSweepW3UxFlows::flow3_redaction_fullLoop_andPartialFailure() UXAUDIT: (transit: progress dialog '')
QINFO  : TestSweepW3UxFlows::flow3_redaction_fullLoop_andPartialFailure() UXAUDIT: (transit: progress dialog '')
QINFO  : TestSweepW3UxFlows::flow3_redaction_fullLoop_andPartialFailure() UXAUDIT: (transit: progress dialog '')
QINFO  : TestSweepW3UxFlows::flow3_redaction_fullLoop_andPartialFailure() UXAUDIT: (transit: progress dialog '')
QINFO  : TestSweepW3UxFlows::flow3_redaction_fullLoop_andPartialFailure() UXAUDIT: (transit: progress dialog '')
QINFO  : TestSweepW3UxFlows::flow3_redaction_fullLoop_andPartialFailure() UXAUDIT: (transit: progress dialog '')
QINFO  : TestSweepW3UxFlows::flow3_redaction_fullLoop_andPartialFailure() UXAUDIT: (transit: progress dialog '')
QINFO  : TestSweepW3UxFlows::flow3_redaction_fullLoop_andPartialFailure() UXAUDIT: (transit: progress dialog '')
QINFO  : TestSweepW3UxFlows::flow3_redaction_fullLoop_andPartialFailure() UXAUDIT: (transit: progress dialog '')
QINFO  : TestSweepW3UxFlows::flow3_redaction_fullLoop_andPartialFailure() UXAUDIT: (transit: progress dialog '')
QINFO  : TestSweepW3UxFlows::flow3_redaction_fullLoop_andPartialFailure() UXAUDIT: (transit: progress dialog '')
QINFO  : TestSweepW3UxFlows::flow3_redaction_fullLoop_andPartialFailure() UXAUDIT: (transit: progress dialog '')
QINFO  : TestSweepW3UxFlows::flow3_redaction_fullLoop_andPartialFailure() UXAUDIT: (transit: progress dialog '')
QINFO  : TestSweepW3UxFlows::flow3_redaction_fullLoop_andPartialFailure() UXAUDIT: (transit: progress dialog '')
QINFO  : TestSweepW3UxFlows::flow3_redaction_fullLoop_andPartialFailure() UXAUDIT: (transit: progress dialog '')
QINFO  : TestSweepW3UxFlows::flow3_redaction_fullLoop_andPartialFailure() UXAUDIT: (transit: progress dialog '')
QINFO  : TestSweepW3UxFlows::flow3_redaction_fullLoop_andPartialFailure() UXAUDIT: (transit: progress dialog '')
QINFO  : TestSweepW3UxFlows::flow3_redaction_fullLoop_andPartialFailure() UXAUDIT: (transit: progress dialog '')
QINFO  : TestSweepW3UxFlows::flow3_redaction_fullLoop_andPartialFailure() UXAUDIT: (transit: progress dialog '')
QINFO  : TestSweepW3UxFlows::flow3_redaction_fullLoop_andPartialFailure() UXAUDIT: (transit: progress dialog '')
QINFO  : TestSweepW3UxFlows::flow3_redaction_fullLoop_andPartialFailure() UXAUDIT: (transit: progress dialog '')
QINFO  : TestSweepW3UxFlows::flow3_redaction_fullLoop_andPartialFailure() UXAUDIT: (transit: progress dialog '')
QINFO  : TestSweepW3UxFlows::flow3_redaction_fullLoop_andPartialFailure() UXAUDIT: (transit: progress dialog '')
QINFO  : TestSweepW3UxFlows::flow3_redaction_fullLoop_andPartialFailure() UXAUDIT: (transit: progress dialog '')
QINFO  : TestSweepW3UxFlows::flow3_redaction_fullLoop_andPartialFailure() UXAUDIT: (transit: progress dialog '')
QINFO  : TestSweepW3UxFlows::flow3_redaction_fullLoop_andPartialFailure() UXAUDIT: (transit: progress dialog '')
QINFO  : TestSweepW3UxFlows::flow3_redaction_fullLoop_andPartialFailure() UXAUDIT: (transit: progress dialog '')
QINFO  : TestSweepW3UxFlows::flow3_redaction_fullLoop_andPartialFailure() UXAUDIT: (transit: progress dialog '')
QINFO  : TestSweepW3UxFlows::flow3_redaction_fullLoop_andPartialFailure() UXAUDIT: (transit: progress dialog '')
QINFO  : TestSweepW3UxFlows::flow3_redaction_fullLoop_andPartialFailure() UXAUDIT: (transit: progress dialog '')
QINFO  : TestSweepW3UxFlows::flow3_redaction_fullLoop_andPartialFailure() UXAUDIT: (transit: progress dialog '')
QINFO  : TestSweepW3UxFlows::flow3_redaction_fullLoop_andPartialFailure() UXAUDIT: (transit: progress dialog '')
QINFO  : TestSweepW3UxFlows::flow3_redaction_fullLoop_andPartialFailure() UXAUDIT: (transit: progress dialog '')
QINFO  : TestSweepW3UxFlows::flow3_redaction_fullLoop_andPartialFailure() UXAUDIT: (transit: progress dialog '')
QINFO  : TestSweepW3UxFlows::flow3_redaction_fullLoop_andPartialFailure() UXAUDIT: (transit: progress dialog '')
QINFO  : TestSweepW3UxFlows::flow3_redaction_fullLoop_andPartialFailure() UXAUDIT: (transit: progress dialog '')
QINFO  : TestSweepW3UxFlows::flow3_redaction_fullLoop_andPartialFailure() UXAUDIT: (transit: progress dialog '')
QINFO  : TestSweepW3UxFlows::flow3_redaction_fullLoop_andPartialFailure() UXAUDIT: (transit: progress dialog '')
QINFO  : TestSweepW3UxFlows::flow3_redaction_fullLoop_andPartialFailure() UXAUDIT: (transit: progress dialog '')
QINFO  : TestSweepW3UxFlows::flow3_redaction_fullLoop_andPartialFailure() UXAUDIT: (transit: progress dialog '')
QINFO  : TestSweepW3UxFlows::flow3_redaction_fullLoop_andPartialFailure() UXAUDIT: (transit: progress dialog '')
QINFO  : TestSweepW3UxFlows::flow3_redaction_fullLoop_andPartialFailure() UXAUDIT: (transit: progress dialog '')
QINFO  : TestSweepW3UxFlows::flow3_redaction_fullLoop_andPartialFailure() UXAUDIT: (transit: progress dialog '')
QINFO  : TestSweepW3UxFlows::flow3_redaction_fullLoop_andPartialFailure() UXAUDIT: (transit: progress dialog '')
QINFO  : TestSweepW3UxFlows::flow3_redaction_fullLoop_andPartialFailure() UXAUDIT: (transit: progress dialog '')
QINFO  : TestSweepW3UxFlows::flow3_redaction_fullLoop_andPartialFailure() UXAUDIT: (transit: progress dialog '')
QINFO  : TestSweepW3UxFlows::flow3_redaction_fullLoop_andPartialFailure() UXAUDIT: (transit: progress dialog '')
QINFO  : TestSweepW3UxFlows::flow3_redaction_fullLoop_andPartialFailure() UXAUDIT: (transit: progress dialog '')
QINFO  : TestSweepW3UxFlows::flow3_redaction_fullLoop_andPartialFailure() UXAUDIT: (transit: progress dialog '')
QINFO  : TestSweepW3UxFlows::flow3_redaction_fullLoop_andPartialFailure() UXAUDIT: (transit: progress dialog '')
QINFO  : TestSweepW3UxFlows::flow3_redaction_fullLoop_andPartialFailure() UXAUDIT: (transit: progress dialog '')
QINFO  : TestSweepW3UxFlows::flow3_redaction_fullLoop_andPartialFailure() UXAUDIT: (transit: progress dialog '')
QINFO  : TestSweepW3UxFlows::flow3_redaction_fullLoop_andPartialFailure() UXAUDIT: (transit: progress dialog '')
QINFO  : TestSweepW3UxFlows::flow3_redaction_fullLoop_andPartialFailure() UXAUDIT: (transit: progress dialog '')
QINFO  : TestSweepW3UxFlows::flow3_redaction_fullLoop_andPartialFailure() UXAUDIT: (transit: progress dialog '')
QINFO  : TestSweepW3UxFlows::flow3_redaction_fullLoop_andPartialFailure() UXAUDIT: (transit: progress dialog '')
QINFO  : TestSweepW3UxFlows::flow3_redaction_fullLoop_andPartialFailure() UXAUDIT: (transit: progress dialog '')
QINFO  : TestSweepW3UxFlows::flow3_redaction_fullLoop_andPartialFailure() UXAUDIT: (transit: progress dialog '')
QINFO  : TestSweepW3UxFlows::flow3_redaction_fullLoop_andPartialFailure() UXAUDIT: (transit: progress dialog '')
QINFO  : TestSweepW3UxFlows::flow3_redaction_fullLoop_andPartialFailure() UXAUDIT: (transit: progress dialog '')
QINFO  : TestSweepW3UxFlows::flow3_redaction_fullLoop_andPartialFailure() UXAUDIT: (transit: progress dialog '')
QINFO  : TestSweepW3UxFlows::flow3_redaction_fullLoop_andPartialFailure() UXAUDIT: (transit: progress dialog '')
QINFO  : TestSweepW3UxFlows::flow3_redaction_fullLoop_andPartialFailure() UXAUDIT: (transit: progress dialog '')
QINFO  : TestSweepW3UxFlows::flow3_redaction_fullLoop_andPartialFailure() UXAUDIT: (transit: progress dialog '')
QINFO  : TestSweepW3UxFlows::flow3_redaction_fullLoop_andPartialFailure() UXAUDIT: (transit: progress dialog '')
QINFO  : TestSweepW3UxFlows::flow3_redaction_fullLoop_andPartialFailure() UXAUDIT: (transit: progress dialog '')
QINFO  : TestSweepW3UxFlows::flow3_redaction_fullLoop_andPartialFailure() UXAUDIT: (transit: progress dialog '')
QINFO  : TestSweepW3UxFlows::flow3_redaction_fullLoop_andPartialFailure() UXAUDIT: (transit: progress dialog '')
QINFO  : TestSweepW3UxFlows::flow3_redaction_fullLoop_andPartialFailure() UXAUDIT: (transit: progress dialog '')
QINFO  : TestSweepW3UxFlows::flow3_redaction_fullLoop_andPartialFailure() UXAUDIT: (transit: progress dialog '')
QINFO  : TestSweepW3UxFlows::flow3_redaction_fullLoop_andPartialFailure() UXAUDIT: (transit: progress dialog '')
QINFO  : TestSweepW3UxFlows::flow3_redaction_fullLoop_andPartialFailure() UXAUDIT: (transit: progress dialog '')
QINFO  : TestSweepW3UxFlows::flow3_redaction_fullLoop_andPartialFailure() UXAUDIT: (transit: progress dialog '')
QINFO  : TestSweepW3UxFlows::flow3_redaction_fullLoop_andPartialFailure() UXAUDIT: (transit: progress dialog '')
QINFO  : TestSweepW3UxFlows::flow3_redaction_fullLoop_andPartialFailure() UXAUDIT: (transit: progress dialog '')
QINFO  : TestSweepW3UxFlows::flow3_redaction_fullLoop_andPartialFailure() UXAUDIT: (transit: progress dialog '')
QINFO  : TestSweepW3UxFlows::flow3_redaction_fullLoop_andPartialFailure() UXAUDIT: (transit: progress dialog '')
QINFO  : TestSweepW3UxFlows::flow3_redaction_fullLoop_andPartialFailure() UXAUDIT: (transit: progress dialog '')
QINFO  : TestSweepW3UxFlows::flow3_redaction_fullLoop_andPartialFailure() UXAUDIT: (transit: progress dialog '')
QINFO  : TestSweepW3UxFlows::flow3_redaction_fullLoop_andPartialFailure() UXAUDIT: (transit: progress dialog '')
QINFO  : TestSweepW3UxFlows::flow3_redaction_fullLoop_andPartialFailure() UXAUDIT: (transit: progress dialog '')
QINFO  : TestSweepW3UxFlows::flow3_redaction_fullLoop_andPartialFailure() UXAUDIT: (transit: progress dialog '')
QINFO  : TestSweepW3UxFlows::flow3_redaction_fullLoop_andPartialFailure() UXAUDIT: (transit: progress dialog '')
QINFO  : TestSweepW3UxFlows::flow3_redaction_fullLoop_andPartialFailure() UXAUDIT: (transit: progress dialog '')
QINFO  : TestSweepW3UxFlows::flow3_redaction_fullLoop_andPartialFailure() UXAUDIT: (transit: progress dialog '')
QINFO  : TestSweepW3UxFlows::flow3_redaction_fullLoop_andPartialFailure() UXAUDIT: (transit: progress dialog '')
QINFO  : TestSweepW3UxFlows::flow3_redaction_fullLoop_andPartialFailure() UXAUDIT: (transit: progress dialog '')
QINFO  : TestSweepW3UxFlows::flow3_redaction_fullLoop_andPartialFailure() UXAUDIT: (transit: progress dialog '')
QINFO  : TestSweepW3UxFlows::flow3_redaction_fullLoop_andPartialFailure() UXAUDIT: (transit: progress dialog '')
QINFO  : TestSweepW3UxFlows::flow3_redaction_fullLoop_andPartialFailure() UXAUDIT: (transit: progress dialog '')
QINFO  : TestSweepW3UxFlows::flow3_redaction_fullLoop_andPartialFailure() UXAUDIT: (transit: progress dialog '')
QINFO  : TestSweepW3UxFlows::flow3_redaction_fullLoop_andPartialFailure() UXAUDIT: (transit: progress dialog '')
QINFO  : TestSweepW3UxFlows::flow3_redaction_fullLoop_andPartialFailure() UXAUDIT: (transit: progress dialog '')
QINFO  : TestSweepW3UxFlows::flow3_redaction_fullLoop_andPartialFailure() UXAUDIT: (transit: progress dialog '')
QINFO  : TestSweepW3UxFlows::flow3_redaction_fullLoop_andPartialFailure() UXAUDIT: (transit: progress dialog '')
QINFO  : TestSweepW3UxFlows::flow3_redaction_fullLoop_andPartialFailure() UXAUDIT: (transit: progress dialog '')
QINFO  : TestSweepW3UxFlows::flow3_redaction_fullLoop_andPartialFailure() UXAUDIT: (transit: progress dialog '')
QINFO  : TestSweepW3UxFlows::flow3_redaction_fullLoop_andPartialFailure() UXAUDIT: (transit: progress dialog '')
QINFO  : TestSweepW3UxFlows::flow3_redaction_fullLoop_andPartialFailure() UXAUDIT: (transit: progress dialog '')
QINFO  : TestSweepW3UxFlows::flow3_redaction_fullLoop_andPartialFailure() UXAUDIT: (transit: progress dialog '')
QINFO  : TestSweepW3UxFlows::flow3_redaction_fullLoop_andPartialFailure() UXAUDIT: (transit: progress dialog '')
QINFO  : TestSweepW3UxFlows::flow3_redaction_fullLoop_andPartialFailure() UXAUDIT: (transit: progress dialog '')
QINFO  : TestSweepW3UxFlows::flow3_redaction_fullLoop_andPartialFailure() UXAUDIT: (transit: progress dialog '')
QINFO  : TestSweepW3UxFlows::flow3_redaction_fullLoop_andPartialFailure() UXAUDIT: (transit: progress dialog '')
QINFO  : TestSweepW3UxFlows::flow3_redaction_fullLoop_andPartialFailure() UXAUDIT: (transit: progress dialog '')
QINFO  : TestSweepW3UxFlows::flow3_redaction_fullLoop_andPartialFailure() UXAUDIT: (transit: progress dialog '')
QINFO  : TestSweepW3UxFlows::flow3_redaction_fullLoop_andPartialFailure() UXAUDIT: (transit: progress dialog '')
QINFO  : TestSweepW3UxFlows::flow3_redaction_fullLoop_andPartialFailure() UXAUDIT: (transit: progress dialog '')
QINFO  : TestSweepW3UxFlows::flow3_redaction_fullLoop_andPartialFailure() UXAUDIT: (transit: progress dialog '')
QINFO  : TestSweepW3UxFlows::flow3_redaction_fullLoop_andPartialFailure() UXAUDIT: (transit: progress dialog '')
QINFO  : TestSweepW3UxFlows::flow3_redaction_fullLoop_andPartialFailure() UXAUDIT: (transit: progress dialog '')
QINFO  : TestSweepW3UxFlows::flow3_redaction_fullLoop_andPartialFailure() UXAUDIT: (transit: progress dialog '')
QINFO  : TestSweepW3UxFlows::flow3_redaction_fullLoop_andPartialFailure() UXAUDIT: (transit: progress dialog '')
QINFO  : TestSweepW3UxFlows::flow3_redaction_fullLoop_andPartialFailure() UXAUDIT: (transit: progress dialog '')
QINFO  : TestSweepW3UxFlows::flow3_redaction_fullLoop_andPartialFailure() UXAUDIT: (transit: progress dialog '')
QINFO  : TestSweepW3UxFlows::flow3_redaction_fullLoop_andPartialFailure() UXAUDIT: (transit: progress dialog '')
QWARN  : TestSweepW3UxFlows::flow3_redaction_fullLoop_andPartialFailure() This plugin does not support propagateSizeHints()
QINFO  : TestSweepW3UxFlows::flow3_redaction_fullLoop_andPartialFailure() UXAUDIT: modal seen: title='Redaction Complete' text='The redacted copy has been saved to:
D:/pdf/pdf-7z26/build-rel/test-tmp/TestSweepW3UxFlows/TestSweepW3UxFlows-OUhxlL/secret-doc_redacted.pdf

A fully sanitized copy (metadata, attachments, JavaScript removed) has been saved to:
D:/pdf/pdf-7z26/build-rel/test-tmp/TestSweepW3UxFlows/TestSweepW3UxFlows'
QINFO  : TestSweepW3UxFlows::flow3_redaction_fullLoop_andPartialFailure() UXAUDIT: F3 step4 verified: redacted output exists; the secret is GONE from all streams
QINFO  : TestSweepW3UxFlows::flow3_redaction_fullLoop_andPartialFailure() UXAUDIT: F3 completion surface: modal title='Redaction Complete' text='The redacted copy has been saved to:
D:/pdf/pdf-7z26/build-rel/test-tmp/TestSweepW3UxFlows/TestSweepW3UxFlows-OUhxlL/secret-doc_redacted.pdf

A fully sanitized copy (metadata, attachments, JavaScript removed) has been saved to:
D:/pdf/pdf-7z26/build-rel/test-tmp/TestSweepW3UxFlows/TestSweepW3UxFlows-OUhxlL/secret-doc_sanitized.pdf

Redaction proof: PASSED — no removed string survives on any swept '; statusbar='Redactions applied to saved output: secret-doc_redacted.pdf; sanitized copy: secret-doc_sanitized.pdf; redaction proof: PASSED'
QINFO  : TestSweepW3UxFlows::flow3_redaction_fullLoop_andPartialFailure() UXAUDIT: F3 step5: sanitized copy landed as requested
QWARN  : TestSweepW3UxFlows::flow3_redaction_fullLoop_andPartialFailure() This plugin does not support propagateSizeHints()
QINFO  : TestSweepW3UxFlows::flow3_redaction_fullLoop_andPartialFailure() UXAUDIT: driving dialog matched by 'redactApplyDialog' (title='Apply Redactions')
QINFO  : TestSweepW3UxFlows::flow3_redaction_fullLoop_andPartialFailure() UXAUDIT: F3 step6: apply configured with an IMPOSSIBLE sanitize target
QWARN  : TestSweepW3UxFlows::flow3_redaction_fullLoop_andPartialFailure() This plugin does not support propagateSizeHints()
QINFO  : TestSweepW3UxFlows::flow3_redaction_fullLoop_andPartialFailure() UXAUDIT: modal seen: title='Redaction Partially Complete — Sanitization Failed' text='Redacted copy saved to:
D:/pdf/pdf-7z26/build-rel/test-tmp/TestSweepW3UxFlows/TestSweepW3UxFlows-OUhxlL/secret2_redacted.pdf

Sanitization FAILED: The redacted copy was saved, but sanitization failed: cannot open destination for safe write: The system cannot find the path specified.

The saved file '
QINFO  : TestSweepW3UxFlows::flow3_redaction_fullLoop_andPartialFailure() UXAUDIT: F3 partial-failure modal: title='Redaction Partially Complete — Sanitization Failed' text='Redacted copy saved to:
D:/pdf/pdf-7z26/build-rel/test-tmp/TestSweepW3UxFlows/TestSweepW3UxFlows-OUhxlL/secret2_redacted.pdf

Sanitization FAILED: The redacted copy was saved, but sanitization failed: cannot open destination for safe write: The system cannot find the path specified.

The saved file still contains document metadata, attachments and embedded JavaScript. Keep the redacted file, retry'
QINFO  : TestSweepW3UxFlows::flow3_redaction_fullLoop_andPartialFailure() UXAUDIT: F3 step6 verified: the failure is not reported as success (verdict in the transcript above)
QWARN  : TestSweepW3UxFlows::flow3_redaction_fullLoop_andPartialFailure() QTemporaryDir: Unable to remove "D:\\pdf\\pdf-7z26\\build-rel\\test-tmp\\TestSweepW3UxFlows\\TestSweepW3UxFlows-OUhxlL" most likely due to the presence of read-only files.
PASS   : TestSweepW3UxFlows::flow3_redaction_fullLoop_andPartialFailure()
QWARN  : TestSweepW3UxFlows::flow3b_redaction_patternText_refusalDisclosure() This plugin does not support propagateSizeHints()
QINFO  : TestSweepW3UxFlows::flow3b_redaction_patternText_refusalDisclosure() UXAUDIT: F3b start: pattern-text fixture (public text + pattern-stream secret)
QINFO  : TestSweepW3UxFlows::flow3b_redaction_patternText_refusalDisclosure() UXAUDIT: F-route: clicking welcome card 'open'
QWARN  : TestSweepW3UxFlows::flow3b_redaction_patternText_refusalDisclosure() This plugin does not support propagateSizeHints()
QDEBUG : TestSweepW3UxFlows::flow3b_redaction_patternText_refusalDisclosure() [HomeController] Pruned 1 missing recent file(s).
QINFO  : TestSweepW3UxFlows::flow3b_redaction_patternText_refusalDisclosure() UXAUDIT: F3b step1: redact screen activated
QINFO  : TestSweepW3UxFlows::flow3b_redaction_patternText_refusalDisclosure() UXAUDIT: F3b step2: 1 redaction mark(s) placed over the public text
QWARN  : TestSweepW3UxFlows::flow3b_redaction_patternText_refusalDisclosure() This plugin does not support propagateSizeHints()
QINFO  : TestSweepW3UxFlows::flow3b_redaction_patternText_refusalDisclosure() UXAUDIT: driving dialog matched by 'redactApplyDialog' (title='Apply Redactions')
QINFO  : TestSweepW3UxFlows::flow3b_redaction_patternText_refusalDisclosure() UXAUDIT: F3b step3: apply dialog configured and accepted
QWARN  : TestSweepW3UxFlows::flow3b_redaction_patternText_refusalDisclosure() exciseContentRegions: "The page draws content through tiling patterns whose streams carry text. Pattern streams cannot be excised, so the page is refused rather than painted over with a black box." page 0 — aborting (no visual-only half edit).
QCRITICAL: TestSweepW3UxFlows::flow3b_redaction_patternText_refusalDisclosure() SECURITY: Redaction on page 0 failed to apply content stream surgery: "The page draws content through tiling patterns whose streams carry text. Pattern streams cannot be excised, so the page is refused rather than painted over with a black box." Aborting operation to prevent insecure visual-only overlay.
QWARN  : TestSweepW3UxFlows::flow3b_redaction_patternText_refusalDisclosure() This plugin does not support propagateSizeHints()
QINFO  : TestSweepW3UxFlows::flow3b_redaction_patternText_refusalDisclosure() UXAUDIT: modal seen: title='Redaction Failed' text='Redaction failed. The original file was not modified and no output was written.

Redaction failed on page 1: Failed to apply redactions on page 1. The page draws content through tiling patterns whose streams carry text. Pattern streams cannot be excised, so the page is refused rather than painted ov'
QINFO  : TestSweepW3UxFlows::flow3b_redaction_patternText_refusalDisclosure() UXAUDIT: F3b refusal disclosure: title='Redaction Failed' text='Redaction failed. The original file was not modified and no output was written.

Redaction failed on page 1: Failed to apply redactions on page 1. The page draws content through tiling patterns whose streams carry text. Pattern streams cannot be excised, so the page is refused rather than painted over with a black box.. The original document was not modified.

Stage: Redacting'
QINFO  : TestSweepW3UxFlows::flow3b_redaction_patternText_refusalDisclosure() UXAUDIT: F3b verified: labeled refusal naming the pattern reason, no output written, source untouched
QWARN  : TestSweepW3UxFlows::flow3b_redaction_patternText_refusalDisclosure() QTemporaryDir: Unable to remove "D:\\pdf\\pdf-7z26\\build-rel\\test-tmp\\TestSweepW3UxFlows\\TestSweepW3UxFlows-tGVQHW" most likely due to the presence of read-only files.
PASS   : TestSweepW3UxFlows::flow3b_redaction_patternText_refusalDisclosure()
QWARN  : TestSweepW3UxFlows::flow8_findReplace_regex_countHonesty() This plugin does not support propagateSizeHints()
QINFO  : TestSweepW3UxFlows::flow8_findReplace_regex_countHonesty() UXAUDIT: F8 start: 3-page fixture; regex [Aa]lpha[a-z]* ? Alpha + alphabet + alpha = 3
QINFO  : TestSweepW3UxFlows::flow8_findReplace_regex_countHonesty() UXAUDIT: F-route: clicking welcome card 'open'
QWARN  : TestSweepW3UxFlows::flow8_findReplace_regex_countHonesty() This plugin does not support propagateSizeHints()
QWARN  : TestSweepW3UxFlows::flow8_findReplace_regex_countHonesty() This plugin does not support propagateSizeHints()
QWARN  : TestSweepW3UxFlows::flow8_findReplace_regex_countHonesty() This plugin does not support raise()
QINFO  : TestSweepW3UxFlows::flow8_findReplace_regex_countHonesty() UXAUDIT: F8 step1: dialog open via production entry
QWARN  : TestSweepW3UxFlows::flow8_findReplace_regex_countHonesty() This plugin does not support propagateSizeHints()
QINFO  : TestSweepW3UxFlows::flow8_findReplace_regex_countHonesty() UXAUDIT: F8 step2: COUNT reported: '4 match(es) on 3 page(s) — count shown before replace.'
QINFO  : TestSweepW3UxFlows::flow8_findReplace_regex_countHonesty() UXAUDIT: F8 step3: REPLACE ALL reported: 'Replaced 4 of 4 occurrence(s). 4 replacement(s) changed the text width (first on page 1) — check those pages for overlapping text.
Geometry: 4 of 4 replacement(s) changed the text width.
Length differs in 4 case(s) (first: 1, 'Alpha' ? 'Zeta').'
QINFO  : TestSweepW3UxFlows::flow8_findReplace_regex_countHonesty() UXAUDIT: F8 step4: surviving 'lpha' glyph runs after save: 0 (outcome disclosed: 'Replaced 4 of 4 occurrence(s). 4 replacement(s) changed the text width (first on page 1) — check those pages for overlap')
QINFO  : TestSweepW3UxFlows::flow8_findReplace_regex_countHonesty() UXAUDIT: F8 verified: count-before-replace + replace accounting are honest (WP-R07)
QWARN  : TestSweepW3UxFlows::flow8_findReplace_regex_countHonesty() QTemporaryDir: Unable to remove "D:\\pdf\\pdf-7z26\\build-rel\\test-tmp\\TestSweepW3UxFlows\\TestSweepW3UxFlows-CTRgoF" most likely due to the presence of read-only files.
PASS   : TestSweepW3UxFlows::flow8_findReplace_regex_countHonesty()
QWARN  : TestSweepW3UxFlows::flow4_signCertifyVerify_andPrepRequest() This plugin does not support propagateSizeHints()
QINFO  : TestSweepW3UxFlows::flow4_signCertifyVerify_andPrepRequest() UXAUDIT: F-route: clicking welcome card 'open'
QWARN  : TestSweepW3UxFlows::flow4_signCertifyVerify_andPrepRequest() This plugin does not support propagateSizeHints()
QINFO  : TestSweepW3UxFlows::flow4_signCertifyVerify_andPrepRequest() UXAUDIT: F4a: dispatching production Sign
QWARN  : TestSweepW3UxFlows::flow4_signCertifyVerify_andPrepRequest() This plugin does not support propagateSizeHints()
QINFO  : TestSweepW3UxFlows::flow4_signCertifyVerify_andPrepRequest() UXAUDIT: driving dialog matched by 'signatureCertPathEdit' (title='Digital Signature')
QINFO  : TestSweepW3UxFlows::flow4_signCertifyVerify_andPrepRequest() UXAUDIT: F4a sign dialog: title='Digital Signature'; credentials filled
QWARN  : TestSweepW3UxFlows::flow4_signCertifyVerify_andPrepRequest() This plugin does not support propagateSizeHints()
QDEBUG : TestSweepW3UxFlows::flow4_signCertifyVerify_andPrepRequest() validateSignatures: field "Signature1" ByteRange: 0 12909 78447 929
QDEBUG : TestSweepW3UxFlows::flow4_signCertifyVerify_andPrepRequest() CMS DER size: 32768 first 8 bytes: "3082052f06092a86"
QDEBUG : TestSweepW3UxFlows::flow4_signCertifyVerify_andPrepRequest() extractOcspFromDss: catalog keys: false
QDEBUG : TestSweepW3UxFlows::flow4_signCertifyVerify_andPrepRequest() extractOcspFromDss: DSS not found or not dictionary
QDEBUG : TestSweepW3UxFlows::flow4_signCertifyVerify_andPrepRequest() validateSignatures: field "Signature1" ByteRange: 0 12909 78447 929
QDEBUG : TestSweepW3UxFlows::flow4_signCertifyVerify_andPrepRequest() CMS DER size: 32768 first 8 bytes: "3082052f06092a86"
QDEBUG : TestSweepW3UxFlows::flow4_signCertifyVerify_andPrepRequest() extractOcspFromDss: catalog keys: false
QDEBUG : TestSweepW3UxFlows::flow4_signCertifyVerify_andPrepRequest() extractOcspFromDss: DSS not found or not dictionary
QDEBUG : TestSweepW3UxFlows::flow4_signCertifyVerify_andPrepRequest() validateSignatures: field "Signature1" ByteRange: 0 12909 78447 929
QDEBUG : TestSweepW3UxFlows::flow4_signCertifyVerify_andPrepRequest() CMS DER size: 32768 first 8 bytes: "3082052f06092a86"
QDEBUG : TestSweepW3UxFlows::flow4_signCertifyVerify_andPrepRequest() extractOcspFromDss: catalog keys: false
QDEBUG : TestSweepW3UxFlows::flow4_signCertifyVerify_andPrepRequest() extractOcspFromDss: DSS not found or not dictionary
QDEBUG : TestSweepW3UxFlows::flow4_signCertifyVerify_andPrepRequest() validateSignatures: field "Signature1" ByteRange: 0 12909 78447 929
QDEBUG : TestSweepW3UxFlows::flow4_signCertifyVerify_andPrepRequest() CMS DER size: 32768 first 8 bytes: "3082052f06092a86"
QDEBUG : TestSweepW3UxFlows::flow4_signCertifyVerify_andPrepRequest() extractOcspFromDss: catalog keys: false
QDEBUG : TestSweepW3UxFlows::flow4_signCertifyVerify_andPrepRequest() extractOcspFromDss: DSS not found or not dictionary
QDEBUG : TestSweepW3UxFlows::flow4_signCertifyVerify_andPrepRequest() validateSignatures: field "Signature1" ByteRange: 0 12909 78447 929
QDEBUG : TestSweepW3UxFlows::flow4_signCertifyVerify_andPrepRequest() CMS DER size: 32768 first 8 bytes: "3082052f06092a86"
QDEBUG : TestSweepW3UxFlows::flow4_signCertifyVerify_andPrepRequest() extractOcspFromDss: catalog keys: false
QDEBUG : TestSweepW3UxFlows::flow4_signCertifyVerify_andPrepRequest() extractOcspFromDss: DSS not found or not dictionary
QDEBUG : TestSweepW3UxFlows::flow4_signCertifyVerify_andPrepRequest() validateSignatures: field "Signature1" ByteRange: 0 12909 78447 929
QDEBUG : TestSweepW3UxFlows::flow4_signCertifyVerify_andPrepRequest() CMS DER size: 32768 first 8 bytes: "3082052f06092a86"
QDEBUG : TestSweepW3UxFlows::flow4_signCertifyVerify_andPrepRequest() extractOcspFromDss: catalog keys: false
QDEBUG : TestSweepW3UxFlows::flow4_signCertifyVerify_andPrepRequest() extractOcspFromDss: DSS not found or not dictionary
QINFO  : TestSweepW3UxFlows::flow4_signCertifyVerify_andPrepRequest() UXAUDIT: F4a verified: 1 signature(s) on the saved artifact; completion prompt seen=0 (dismissed with No)
QDEBUG : TestSweepW3UxFlows::flow4_signCertifyVerify_andPrepRequest() validateSignatures: field "Signature1" ByteRange: 0 12909 78447 929
QDEBUG : TestSweepW3UxFlows::flow4_signCertifyVerify_andPrepRequest() CMS DER size: 32768 first 8 bytes: "3082052f06092a86"
QDEBUG : TestSweepW3UxFlows::flow4_signCertifyVerify_andPrepRequest() validateSignatures: field "Signature1" ByteRange: 0 12909 78447 929
QDEBUG : TestSweepW3UxFlows::flow4_signCertifyVerify_andPrepRequest() CMS DER size: 32768 first 8 bytes: "3082052f06092a86"
QDEBUG : TestSweepW3UxFlows::flow4_signCertifyVerify_andPrepRequest() extractOcspFromDss: catalog keys: false
QDEBUG : TestSweepW3UxFlows::flow4_signCertifyVerify_andPrepRequest() extractOcspFromDss: DSS not found or not dictionary
QDEBUG : TestSweepW3UxFlows::flow4_signCertifyVerify_andPrepRequest() extractOcspFromDss: catalog keys: false
QDEBUG : TestSweepW3UxFlows::flow4_signCertifyVerify_andPrepRequest() extractOcspFromDss: DSS not found or not dictionary
QWARN  : TestSweepW3UxFlows::flow4_signCertifyVerify_andPrepRequest() This plugin does not support propagateSizeHints()
QWARN  : TestSweepW3UxFlows::flow4_signCertifyVerify_andPrepRequest() This plugin does not support propagateSizeHints()
QINFO  : TestSweepW3UxFlows::flow4_signCertifyVerify_andPrepRequest() UXAUDIT: modal seen: title='Open Signed PDF' text='Signing complete. Would you like to open the signed file? '

         flow4_signCertifyVerify_andPrepRequest function time: 300006ms, total time: 323337ms
QFATAL : TestSweepW3UxFlows::flow4_signCertifyVerify_andPrepRequest() Test function timed out
FAIL!  : TestSweepW3UxFlows::flow4_signCertifyVerify_andPrepRequest() Received a fatal error.
Totals: 7 passed, 1 failed, 0 skipped, 0 blacklisted, 323338ms
********* Finished testing of TestSweepW3UxFlows *********

        Start  48: TestUiAccessibility
 48/203 Test  #48: TestUiAccessibility .................   Passed    2.81 sec
        Start  49: TestUiAccessibility200
 49/203 Test  #49: TestUiAccessibility200 ..............   Passed    2.35 sec
        Start  50: TestIntegration
 50/203 Test  #50: TestIntegration .....................   Passed    0.33 sec
        Start  51: TestPerformance
 51/203 Test  #51: TestPerformance .....................   Passed    0.30 sec
        Start  52: TestVeraPdf
 52/203 Test  #52: TestVeraPdf .........................   Passed    0.14 sec
        Start  53: TestReadingOrderAsync
 53/203 Test  #53: TestReadingOrderAsync ...............   Passed    0.53 sec
        Start  54: TestAccessibilityChecker
 54/203 Test  #54: TestAccessibilityChecker ............   Passed    0.18 sec
        Start  55: TestAccessibilityPanel
 55/203 Test  #55: TestAccessibilityPanel ..............   Passed    2.38 sec
        Start  56: TestA11yReportWriter
 56/203 Test  #56: TestA11yReportWriter ................   Passed    0.35 sec
        Start  57: TestAccessibilityFixes
 57/203 Test  #57: TestAccessibilityFixes ..............   Passed    0.29 sec
        Start  58: TestAccessibilityTagger
 58/203 Test  #58: TestAccessibilityTagger .............   Passed    0.68 sec
        Start  59: TestLaneScheduler
 59/203 Test  #59: TestLaneScheduler ...................   Passed    2.45 sec
        Start  60: TestFormBuilder
 60/203 Test  #60: TestFormBuilder .....................   Passed    0.80 sec
        Start  61: TestFormPersistence
 61/203 Test  #61: TestFormPersistence .................   Passed    0.33 sec
        Start  62: TestCompareEntry
 62/203 Test  #62: TestCompareEntry ....................   Passed    1.34 sec
        Start  63: TestCompareIntegration
 63/203 Test  #63: TestCompareIntegration ..............   Passed    1.67 sec
        Start  64: TestPagesMode
 64/203 Test  #64: TestPagesMode .......................   Passed    2.37 sec
        Start  65: TestPageLabels
 65/203 Test  #65: TestPageLabels ......................   Passed    0.42 sec
        Start  66: TestBatchMode
 66/203 Test  #66: TestBatchMode .......................   Passed    1.58 sec
        Start  67: TestBatchPresets
 67/203 Test  #67: TestBatchPresets ....................   Passed    1.27 sec
        Start  68: TestBatchPresetsP2
 68/203 Test  #68: TestBatchPresetsP2 ..................   Passed    3.35 sec
        Start  69: TestHotFolder
 69/203 Test  #69: TestHotFolder .......................   Passed   16.07 sec
        Start  70: TestBatchOcrLanguage
 70/203 Test  #70: TestBatchOcrLanguage ................   Passed    0.40 sec
        Start  71: TestBatchOcrSkipText
 71/203 Test  #71: TestBatchOcrSkipText ................   Passed    2.26 sec
        Start  72: TestOcrPreprocessPrefs
 72/203 Test  #72: TestOcrPreprocessPrefs ..............   Passed    0.34 sec
        Start  73: TestBatesCrossDoc
 73/203 Test  #73: TestBatesCrossDoc ...................   Passed    0.40 sec
        Start  74: TestOpenRouting
 74/203 Test  #74: TestOpenRouting .....................   Passed    0.21 sec
        Start  75: TestExcisionCorruption
 75/203 Test  #75: TestExcisionCorruption ..............   Passed    0.33 sec
        Start  76: TestBatchOpsCoverage
 76/203 Test  #76: TestBatchOpsCoverage ................   Passed    1.31 sec
        Start  77: TestPdfACidSetSafety
 77/203 Test  #77: TestPdfACidSetSafety ................   Passed    0.31 sec
        Start  78: TestReadingOrderThreshold
 78/203 Test  #78: TestReadingOrderThreshold ...........   Passed    0.24 sec
        Start  79: TestReadingOrderMcid
 79/203 Test  #79: TestReadingOrderMcid ................   Passed    0.25 sec
        Start  80: TestReadingOrderDepthCap
 80/203 Test  #80: TestReadingOrderDepthCap ............   Passed    0.57 sec
        Start  81: TestLinkBookmarkRoundTrip
 81/203 Test  #81: TestLinkBookmarkRoundTrip ...........   Passed    0.16 sec
        Start  82: TestSignatureSessionCache
 82/203 Test  #82: TestSignatureSessionCache ...........   Passed    0.23 sec
        Start  83: TestCapabilityRegistry
 83/203 Test  #83: TestCapabilityRegistry ..............   Passed    0.17 sec
        Start  84: TestXfaHonestyBanner
 84/203 Test  #84: TestXfaHonestyBanner ................   Passed    0.18 sec
        Start  85: TestTaskNavRegistry
 85/203 Test  #85: TestTaskNavRegistry .................   Passed    0.10 sec
        Start  86: TestScreenStateSync
 86/203 Test  #86: TestScreenStateSync .................   Passed    0.25 sec
        Start  87: TestRibbonCollapse
 87/203 Test  #87: TestRibbonCollapse ..................   Passed    0.29 sec
        Start  88: TestModeStripPins
 88/203 Test  #88: TestModeStripPins ...................   Passed    0.21 sec
        Start  89: TestStatusBarSlim
 89/203 Test  #89: TestStatusBarSlim ...................   Passed    0.56 sec
        Start  90: TestCommentsReview
 90/203 Test  #90: TestCommentsReview ..................   Passed    0.35 sec
        Start  91: TestWelcomeLayout
 91/203 Test  #91: TestWelcomeLayout ...................   Passed    0.37 sec
        Start  92: TestSignatureBadges
 92/203 Test  #92: TestSignatureBadges .................   Passed    0.65 sec
        Start  93: TestBatchOcrConfidence
 93/203 Test  #93: TestBatchOcrConfidence ..............   Passed    0.26 sec
        Start  94: TestInspector
 94/203 Test  #94: TestInspector .......................   Passed    0.82 sec
        Start  95: TestPatternRedact
 95/203 Test  #95: TestPatternRedact ...................   Passed    0.55 sec
        Start  96: TestFindReplace
 96/203 Test  #96: TestFindReplace .....................   Passed    1.11 sec
        Start  97: TestReviewSummary
 97/203 Test  #97: TestReviewSummary ...................   Passed    0.44 sec
        Start  98: TestPrintableSummary
 98/203 Test  #98: TestPrintableSummary ................   Passed    0.63 sec
        Start  99: TestDynamicStamps
 99/203 Test  #99: TestDynamicStamps ...................   Passed    0.36 sec
        Start 100: TestStampImageImport
100/203 Test #100: TestStampImageImport ................   Passed    0.37 sec
        Start 101: TestAutoBookmarks
101/203 Test #101: TestAutoBookmarks ...................   Passed    1.08 sec
        Start 102: TestDjotRoundtrip
102/203 Test #102: TestDjotRoundtrip ...................   Passed    0.21 sec
        Start 103: TestDjotFuzz
103/203 Test #103: TestDjotFuzz ........................   Passed    0.29 sec
        Start 104: TestUpdateChecker
104/203 Test #104: TestUpdateChecker ...................   Passed    0.08 sec
        Start 105: TestWatermarkFont
105/203 Test #105: TestWatermarkFont ...................   Passed    0.30 sec
        Start 106: TestOcrLanguage
106/203 Test #106: TestOcrLanguage .....................   Passed    0.07 sec
        Start 107: TestRedactClearMarks
107/203 Test #107: TestRedactClearMarks ................   Passed    0.31 sec
        Start 108: TestLinkSchemeSafety
108/203 Test #108: TestLinkSchemeSafety ................   Passed    0.18 sec
        Start 109: TestThumbnailZoom
109/203 Test #109: TestThumbnailZoom ...................   Passed    0.18 sec
        Start 110: TestThumbnailOffGui
110/203 Test #110: TestThumbnailOffGui .................   Passed    1.49 sec
        Start 111: TestMergeSuccess
111/203 Test #111: TestMergeSuccess ....................   Passed    0.20 sec
        Start 112: TestFillFormLock
112/203 Test #112: TestFillFormLock ....................   Passed    0.19 sec
        Start 113: TestFillFormNoOp
113/203 Test #113: TestFillFormNoOp ....................   Passed    0.60 sec
        Start 114: TestReadingOrderInheritance
114/203 Test #114: TestReadingOrderInheritance .........   Passed    0.21 sec
        Start 115: TestShapeInkPersistence
115/203 Test #115: TestShapeInkPersistence .............   Passed    0.14 sec
        Start 116: TestQuadPointsMarkup
116/203 Test #116: TestQuadPointsMarkup ................   Passed    0.25 sec
        Start 117: TestMeasurePanelHonesty
117/203 Test #117: TestMeasurePanelHonesty .............   Passed    0.20 sec
        Start 118: TestMeasureCore
118/203 Test #118: TestMeasureCore .....................   Passed    0.06 sec
        Start 119: TestMeasureRoundTrip
119/203 Test #119: TestMeasureRoundTrip ................   Passed    0.16 sec
        Start 120: TestLegacyOriginSpace
120/203 Test #120: TestLegacyOriginSpace ...............   Passed    0.41 sec
        Start 121: TestMeasureCsvExport
121/203 Test #121: TestMeasureCsvExport ................   Passed    0.21 sec
        Start 122: TestCompressStripSanitize
122/203 Test #122: TestCompressStripSanitize ...........   Passed    0.15 sec
        Start 123: TestCompressDialogHonesty
123/203 Test #123: TestCompressDialogHonesty ...........   Passed    0.21 sec
        Start 124: TestFieldMetadata
124/203 Test #124: TestFieldMetadata ...................   Passed    0.19 sec
        Start 125: TestFormSafety
125/203 Test #125: TestFormSafety ......................   Passed    1.37 sec
        Start 126: TestFormJsCalc
126/203 Test #126: TestFormJsCalc ......................   Passed    5.38 sec
        Start 127: TestFormJsAdversarial
127/203 Test #127: TestFormJsAdversarial ...............   Passed    1.48 sec
        Start 128: TestFormStaleDisclosure
128/203 Test #128: TestFormStaleDisclosure .............   Passed    0.88 sec
        Start 129: TestFormKeystroke
129/203 Test #129: TestFormKeystroke ...................   Passed    0.74 sec
        Start 130: TestEngineSave
130/203 Test #130: TestEngineSave ......................   Passed    1.63 sec
        Start 131: TestEncryptedPackageSafeWrite
131/203 Test #131: TestEncryptedPackageSafeWrite .......   Passed    2.52 sec
        Start 132: TestPrintJob
132/203 Test #132: TestPrintJob ........................   Passed    2.41 sec
        Start 133: TestTempOwnership
133/203 Test #133: TestTempOwnership ...................   Passed    0.11 sec
        Start 134: TestCleanupCli
134/203 Test #134: TestCleanupCli ......................   Passed    9.21 sec
        Start 135: TestFormUndo
135/203 Test #135: TestFormUndo ........................   Passed    0.77 sec
        Start 136: TestValidateAllSignatures
136/203 Test #136: TestValidateAllSignatures ...........   Passed    0.20 sec
        Start 137: TestExportPathBadge
137/203 Test #137: TestExportPathBadge .................   Passed    0.37 sec
        Start 138: TestImageEditWiring
138/203 Test #138: TestImageEditWiring .................   Passed    0.13 sec
        Start 139: TestRedactSanitizeBundle
139/203 Test #139: TestRedactSanitizeBundle ............   Passed    0.19 sec
        Start 140: TestRedactTransaction
140/203 Test #140: TestRedactTransaction ...............   Passed    1.68 sec
        Start 141: TestRedactionProof
141/203 Test #141: TestRedactionProof ..................   Passed    1.54 sec
        Start 142: TestPptxOverlayAlpha
142/203 Test #142: TestPptxOverlayAlpha ................   Passed    0.28 sec
        Start 143: TestAutoDetectHeuristic
143/203 Test #143: TestAutoDetectHeuristic .............   Passed    0.17 sec
        Start 144: TestConversionExtraction
144/203 Test #144: TestConversionExtraction ............   Passed    0.54 sec
        Start 145: TestTextExtractionCoords
145/203 Test #145: TestTextExtractionCoords ............   Passed    0.15 sec
        Start 146: TestEraseWiring
146/203 Test #146: TestEraseWiring .....................   Passed    0.16 sec
        Start 147: TestRibbonMarkupTools
147/203 Test #147: TestRibbonMarkupTools ...............   Passed    0.07 sec
        Start 148: TestViewerRotation
148/203 Test #148: TestViewerRotation ..................   Passed    0.25 sec
        Start 149: TestRotateView
149/203 Test #149: TestRotateView ......................   Passed    0.26 sec
        Start 150: TestTwoPageOverlay
150/203 Test #150: TestTwoPageOverlay ..................   Passed    0.33 sec
        Start 151: TestViewingModes
151/203 Test #151: TestViewingModes ....................   Passed    0.56 sec
        Start 152: TestViewParity
152/203 Test #152: TestViewParity ......................   Passed    9.13 sec
        Start 153: TestSignaturePicker
153/203 Test #153: TestSignaturePicker .................   Passed    0.53 sec
        Start 154: TestCertEncryptPicker
154/203 Test #154: TestCertEncryptPicker ...............   Passed    0.50 sec
        Start 155: TestCertifySelector
155/203 Test #155: TestCertifySelector .................   Passed    0.93 sec
        Start 156: TestPolicyController
156/203 Test #156: TestPolicyController ................   Passed    0.96 sec
        Start 157: TestPolicyWiring
157/203 Test #157: TestPolicyWiring ....................   Passed    0.44 sec
        Start 158: TestOcspConsent
158/203 Test #158: TestOcspConsent .....................   Passed    0.50 sec
        Start 159: TestSupportBundle
159/203 Test #159: TestSupportBundle ...................   Passed    0.74 sec
        Start 160: TestNetworkDisclosure
160/203 Test #160: TestNetworkDisclosure ...............   Passed    0.82 sec
        Start 161: TestOcrAcceptSeam
161/203 Test #161: TestOcrAcceptSeam ...................   Passed    0.23 sec
        Start 162: TestSearchFlags
162/203 Test #162: TestSearchFlags .....................   Passed    0.23 sec
        Start 163: TestExportPresets
163/203 Test #163: TestExportPresets ...................   Passed    0.22 sec
        Start 164: TestOcrAcceptScope
164/203 Test #164: TestOcrAcceptScope ..................   Passed    0.29 sec
        Start 165: TestViewerLinkSeam
165/203 Test #165: TestViewerLinkSeam ..................   Passed    0.47 sec
        Start 166: TestHyperlinkNavigation
166/203 Test #166: TestHyperlinkNavigation .............   Passed    0.17 sec
        Start 167: TestRedactMarkAll
167/203 Test #167: TestRedactMarkAll ...................   Passed    1.61 sec
        Start 168: TestRedactApplyMarks
168/203 Test #168: TestRedactApplyMarks ................   Passed    0.33 sec
        Start 169: TestAnnotationDjot
169/203 Test #169: TestAnnotationDjot ..................   Passed    0.42 sec
        Start 170: TestAiProvider
170/203 Test #170: TestAiProvider ......................   Passed    0.17 sec
        Start 171: TestOllamaProvider
171/203 Test #171: TestOllamaProvider ..................   Passed   40.64 sec
        Start 172: TestDiffEngine
172/203 Test #172: TestDiffEngine ......................   Passed    2.94 sec
        Start 173: TestOfficeImport
173/203 Test #173: TestOfficeImport ....................   Passed    3.02 sec
        Start 174: TestMrcPipeline
174/203 Test #174: TestMrcPipeline .....................   Passed    2.29 sec
        Start 175: TestCheckedMutationCoverage
175/203 Test #175: TestCheckedMutationCoverage .........   Passed    2.54 sec
        Start 176: TestHistoryIntegrity
176/203 Test #176: TestHistoryIntegrity ................   Passed    3.67 sec
        Start 177: TestImageAppearance
177/203 Test #177: TestImageAppearance .................   Passed    3.29 sec
        Start 178: TestOfficeExport
178/203 Test #178: TestOfficeExport ....................   Passed    1.44 sec
        Start 179: TestTextEditStyle
179/203 Test #179: TestTextEditStyle ...................   Passed    1.30 sec
        Start 180: TestEraserEngine
180/203 Test #180: TestEraserEngine ....................   Passed    1.20 sec
        Start 181: TestPersistenceOutcomes
181/203 Test #181: TestPersistenceOutcomes .............   Passed    6.07 sec
        Start 182: TestRenderGuards
182/203 Test #182: TestRenderGuards ....................   Passed   11.06 sec
        Start 183: TestSep13LeadCapability
183/203 Test #183: TestSep13LeadCapability .............   Passed    0.72 sec
        Start 184: TestSep13LeadBatchMerge
184/203 Test #184: TestSep13LeadBatchMerge .............   Passed    1.90 sec
        Start 185: TestSep13LeadOcrGuards
185/203 Test #185: TestSep13LeadOcrGuards ..............   Passed    1.05 sec
        Start 186: TestSep13LeadConversionExport
186/203 Test #186: TestSep13LeadConversionExport .......   Passed    0.64 sec
        Start 187: TestSep13LeadRedactionProof
187/203 Test #187: TestSep13LeadRedactionProof .........   Passed    1.19 sec
        Start 188: R14ProbeRedactSpace
188/203 Test #188: R14ProbeRedactSpace .................***Not Run (Disabled)   0.00 sec
        Start 189: R14ProbeSep13Fixes
189/203 Test #189: R14ProbeSep13Fixes ..................   Passed   22.33 sec
        Start 190: TestSep13LeadBtDowngrade
190/203 Test #190: TestSep13LeadBtDowngrade ............   Passed   21.10 sec
        Start 191: TestSep13LeadComparePerf
191/203 Test #191: TestSep13LeadComparePerf ............   Passed   17.58 sec
        Start 192: TestSweepW1PresetAdversary
192/203 Test #192: TestSweepW1PresetAdversary ..........   Passed    0.58 sec
        Start 193: TestSweepW1SigningAdversary
193/203 Test #193: TestSweepW1SigningAdversary .........   Passed    0.91 sec
        Start 194: TestSweepW1SummaryPolicyAdversary
194/203 Test #194: TestSweepW1SummaryPolicyAdversary ...   Passed    1.73 sec
        Start 195: TestSweepW1SecProbe
195/203 Test #195: TestSweepW1SecProbe .................   Passed    0.42 sec
        Start 196: TestRotate270PageSpace
196/203 Test #196: TestRotate270PageSpace ..............   Passed    0.69 sec
        Start 197: R14ProbeBatchSkip
197/203 Test #197: R14ProbeBatchSkip ...................***Not Run (Disabled)   0.00 sec
        Start 198: TestGsdW2Probe
198/203 Test #198: TestGsdW2Probe ......................   Passed    2.15 sec
        Start 199: TestPgr37PageSpaceLaw
199/203 Test #199: TestPgr37PageSpaceLaw ...............   Passed    0.74 sec
        Start 200: TestPgr35BatchCollision
200/203 Test #200: TestPgr35BatchCollision .............   Passed    1.75 sec
        Start 201: TestPgr36StaleSigningPanel
201/203 Test #201: TestPgr36StaleSigningPanel ..........   Passed    1.36 sec
        Start 202: TestFileHandleCoordination
202/203 Test #202: TestFileHandleCoordination ..........   Passed   34.61 sec
        Start 203: TestCommandRegistry
203/203 Test #203: TestCommandRegistry .................   Passed    0.52 sec

99% tests passed, 1 tests failed out of 201

Label Time Summary:
R14-probe             =   0.00 sec*proc (2 tests)
a11y-checker          =   0.18 sec*proc (1 test)
a11y-fixes            =   0.29 sec*proc (1 test)
a11y-panel            =   2.38 sec*proc (1 test)
a11y-report-writer    =   0.35 sec*proc (1 test)
a11y-tagger           =   0.68 sec*proc (1 test)
accept                =   0.52 sec*proc (2 tests)
accessibility         =  10.85 sec*proc (12 tests)
adversarial           =   1.48 sec*proc (1 test)
adversary             =   3.22 sec*proc (3 tests)
ai                    =  40.81 sec*proc (2 tests)
annot                 =   0.42 sec*proc (1 test)
annotations           =   2.77 sec*proc (7 tests)
appearance            =   0.36 sec*proc (1 test)
async                 =   0.53 sec*proc (1 test)
auto-bookmarks        =   1.08 sec*proc (1 test)
autodetect            =   0.17 sec*proc (1 test)
autosave              =   0.75 sec*proc (1 test)
badge                 =   0.65 sec*proc (1 test)
batch                 =  31.13 sec*proc (12 tests)
bates                 =   2.55 sec*proc (2 tests)
benchmark             =   0.30 sec*proc (1 test)
binding               =   1.94 sec*proc (1 test)
builder               =   0.80 sec*proc (1 test)
cache                 =   0.23 sec*proc (1 test)
capability            =   1.08 sec*proc (3 tests)
certify               =   0.93 sec*proc (1 test)
chain1                =   0.05 sec*proc (1 test)
cleanup-cli           =   9.21 sec*proc (1 test)
codec                 =   0.50 sec*proc (2 tests)
collapse              =   0.29 sec*proc (1 test)
commands              =   7.54 sec*proc (4 tests)
comments              =   2.15 sec*proc (5 tests)
compare               =  20.59 sec*proc (3 tests)
compression           =   4.56 sec*proc (8 tests)
concurrency           =   2.45 sec*proc (1 test)
confidence            =   0.26 sec*proc (1 test)
controllers           =  16.16 sec*proc (2 tests)
conversion            =   2.14 sec*proc (6 tests)
convert               =   4.46 sec*proc (2 tests)
coordinator           =  34.61 sec*proc (1 test)
core                  =  24.66 sec*proc (4 tests)
corruption            =   0.33 sec*proc (1 test)
cross-page            =   0.27 sec*proc (1 test)
crypto                =   3.44 sec*proc (1 test)
csv                   =   0.21 sec*proc (1 test)
dedup                 =   0.17 sec*proc (1 test)
diff                  =   2.94 sec*proc (1 test)
djot                  =   1.00 sec*proc (4 tests)
dpi                   =   2.35 sec*proc (1 test)
e2e                   =   0.33 sec*proc (1 test)
edit                  =   2.19 sec*proc (2 tests)
editing               =   6.08 sec*proc (5 tests)
encryption            =   0.80 sec*proc (2 tests)
endpoint              =  40.64 sec*proc (1 test)
engine                =   1.63 sec*proc (1 test)
engines               =  22.83 sec*proc (2 tests)
ensemble              =   0.07 sec*proc (1 test)
erase                 =   0.36 sec*proc (2 tests)
eraser                =   1.20 sec*proc (1 test)
estimate              =   0.16 sec*proc (1 test)
excision              =   0.33 sec*proc (1 test)
expiry                =   0.19 sec*proc (1 test)
export                =   5.13 sec*proc (5 tests)
extraction            =   0.54 sec*proc (1 test)
eyecare               =   0.56 sec*proc (1 test)
find-replace          =   1.11 sec*proc (1 test)
flags                 =   0.23 sec*proc (1 test)
font                  =   0.30 sec*proc (1 test)
form-fields           =   4.25 sec*proc (7 tests)
form-js               =   8.48 sec*proc (4 tests)
forms                 =  14.18 sec*proc (15 tests)
fuzz                  =   0.29 sec*proc (1 test)
gsd                   =   2.15 sec*proc (1 test)
guards                =  11.06 sec*proc (1 test)
headless              = 687.08 sec*proc (199 tests)
history               =   6.21 sec*proc (2 tests)
honesty               =   0.69 sec*proc (3 tests)
hotfolder             =  16.07 sec*proc (1 test)
identity              =   7.98 sec*proc (2 tests)
image                 =   3.29 sec*proc (1 test)
images                =   3.15 sec*proc (2 tests)
import                =   3.23 sec*proc (2 tests)
infrastructure        =   9.32 sec*proc (2 tests)
inspector             =   0.82 sec*proc (1 test)
integration           =  23.21 sec*proc (19 tests)
integrity             =   0.81 sec*proc (2 tests)
interface             =   0.06 sec*proc (1 test)
interfaces            =   0.24 sec*proc (2 tests)
iou                   =   0.07 sec*proc (1 test)
javascript            =   6.86 sec*proc (2 tests)
jpeg                  =   1.22 sec*proc (1 test)
k5                    =  34.61 sec*proc (1 test)
keyboard              =   2.81 sec*proc (1 test)
lane-scheduler        =   2.45 sec*proc (1 test)
language              =   0.47 sec*proc (2 tests)
layout                =   0.43 sec*proc (2 tests)
lcs                   =   2.94 sec*proc (1 test)
lifecycle             =   0.54 sec*proc (1 test)
lifetime              =  40.64 sec*proc (1 test)
links                 =   0.80 sec*proc (3 tests)
mapper                =   0.08 sec*proc (1 test)
matrix-pins           =   0.21 sec*proc (1 test)
measure               =   0.63 sec*proc (4 tests)
menubar               =   2.33 sec*proc (2 tests)
merge                 =   1.50 sec*proc (2 tests)
mock                  =   0.22 sec*proc (2 tests)
mode-strip            =   0.21 sec*proc (1 test)
modes                 =  48.17 sec*proc (10 tests)
mrc                   =   2.29 sec*proc (1 test)
myers                 =   2.94 sec*proc (1 test)
n17                   =   0.50 sec*proc (1 test)
n18                   =   0.93 sec*proc (1 test)
navigation            =   1.05 sec*proc (5 tests)
network               =   0.50 sec*proc (1 test)
network-disclosure    =   0.82 sec*proc (1 test)
nightmode             =   0.56 sec*proc (1 test)
ocr                   =   9.05 sec*proc (17 tests)
office                =   4.46 sec*proc (2 tests)
ollama                =  40.64 sec*proc (1 test)
ooxml                 =   1.44 sec*proc (1 test)
opacity               =   4.59 sec*proc (2 tests)
open                  =   0.21 sec*proc (1 test)
optimize              =   0.12 sec*proc (1 test)
orientation           =   1.00 sec*proc (1 test)
outputmode            =   0.57 sec*proc (1 test)
pagelabels            =   0.42 sec*proc (1 test)
pages                 =   5.54 sec*proc (5 tests)
pagespace             =   0.74 sec*proc (1 test)
parity                =   9.13 sec*proc (1 test)
patterns              =   0.55 sec*proc (1 test)
pdfa                  =   5.64 sec*proc (8 tests)
perf                  =  17.58 sec*proc (1 test)
perf04                =  11.06 sec*proc (1 test)
performance           =   0.30 sec*proc (1 test)
persistence           =  25.84 sec*proc (19 tests)
pgr35                 =   1.75 sec*proc (1 test)
pgr36                 =   1.36 sec*proc (1 test)
pgr37                 =   0.74 sec*proc (1 test)
picker                =   0.53 sec*proc (1 test)
pipeline              =   0.27 sec*proc (1 test)
policy                =   3.63 sec*proc (4 tests)
pptx                  =   0.43 sec*proc (2 tests)
preprocess            =   1.35 sec*proc (2 tests)
presets               =   5.41 sec*proc (4 tests)
print                 =   2.41 sec*proc (1 test)
printable-summary     =   0.63 sec*proc (1 test)
privacy               =  11.84 sec*proc (7 tests)
probe                 =   2.15 sec*proc (3 tests)
proof                 =   1.54 sec*proc (1 test)
properties            =   0.82 sec*proc (1 test)
provenance            =   0.26 sec*proc (2 tests)
provider              =  40.81 sec*proc (2 tests)
qt                    = 674.68 sec*proc (194 tests)
r14review             =  22.33 sec*proc (1 test)
r15                   =   1.94 sec*proc (1 test)
r16                   =   5.78 sec*proc (1 test)
r17                   =   5.15 sec*proc (2 tests)
r24                   =   3.46 sec*proc (5 tests)
reading-order         =   1.59 sec*proc (4 tests)
readonly              =   1.37 sec*proc (1 test)
real-crypto           =   0.27 sec*proc (1 test)
recipients            =   0.50 sec*proc (1 test)
recovery              =   1.06 sec*proc (1 test)
redact                =   1.31 sec*proc (1 test)
redaction             =   9.08 sec*proc (12 tests)
redactionproof        =   1.19 sec*proc (1 test)
redesign              =   9.13 sec*proc (1 test)
regression            =  14.19 sec*proc (9 tests)
render                =  11.06 sec*proc (1 test)
reocr-region          =   1.03 sec*proc (1 test)
resources             =   0.20 sec*proc (1 test)
review                =   2.51 sec*proc (5 tests)
review-summary        =   0.44 sec*proc (1 test)
ribbon                =   2.72 sec*proc (4 tests)
richtext              =   0.42 sec*proc (1 test)
robustness            =   0.18 sec*proc (1 test)
rotation              =   0.51 sec*proc (2 tests)
roundtrip             =   0.95 sec*proc (4 tests)
routes                =   5.78 sec*proc (1 test)
routing               =   0.21 sec*proc (1 test)
rover                 =   0.27 sec*proc (1 test)
rtl                   =   2.81 sec*proc (1 test)
safesave              =  37.13 sec*proc (2 tests)
sandwich              =   2.29 sec*proc (1 test)
sanitization          =   1.18 sec*proc (5 tests)
sanitize              =   0.16 sec*proc (1 test)
save                  =   1.63 sec*proc (1 test)
scheduling            =   2.45 sec*proc (1 test)
seam                  =   0.47 sec*proc (1 test)
search                =   0.41 sec*proc (2 tests)
secrets               =   6.72 sec*proc (1 test)
security              =  24.54 sec*proc (34 tests)
security-sweep-w1     =   0.42 sec*proc (1 test)
selective             =   0.31 sec*proc (1 test)
sep13leads            =  44.18 sec*proc (7 tests)
session               =   9.05 sec*proc (3 tests)
shell                 =   6.35 sec*proc (8 tests)
sidecar               =   1.05 sec*proc (1 test)
signature             =  21.10 sec*proc (1 test)
signatures            =   9.62 sec*proc (14 tests)
signing               =   1.36 sec*proc (1 test)
skip-text             =   2.26 sec*proc (1 test)
smoke                 =   0.30 sec*proc (1 test)
spacing               =   1.30 sec*proc (1 test)
stamp-image-import    =   0.37 sec*proc (1 test)
stamps                =   0.72 sec*proc (2 tests)
statusbar             =   0.56 sec*proc (1 test)
structural            =   0.08 sec*proc (1 test)
subprocess            =   0.14 sec*proc (1 test)
summary               =   1.73 sec*proc (1 test)
support-bundle        =   0.74 sec*proc (1 test)
sweep-w1              =   3.22 sec*proc (3 tests)
sweep-w2              =   0.21 sec*proc (1 test)
sweep-w3              = 326.02 sec*proc (1 test)
sync                  =   0.25 sec*proc (1 test)
t2-2                  =   1.11 sec*proc (1 test)
t2-3                  =   0.44 sec*proc (1 test)
t2-6                  =   0.36 sec*proc (1 test)
t2-9                  =   1.08 sec*proc (1 test)
tasknav               =   0.10 sec*proc (1 test)
temp                  =   0.11 sec*proc (1 test)
text                  =   1.30 sec*proc (1 test)
threads               =   4.00 sec*proc (2 tests)
thumbnails            =   1.49 sec*proc (1 test)
timing                =   0.27 sec*proc (1 test)
tools                 =   9.21 sec*proc (1 test)
transaction           =   1.68 sec*proc (1 test)
twopage               =   0.33 sec*proc (1 test)
u02                   =   1.20 sec*proc (4 tests)
u03                   =   0.33 sec*proc (1 test)
u08                   =   0.17 sec*proc (1 test)
ui                    = 396.11 sec*proc (21 tests)
ui-redesign           =   0.52 sec*proc (1 test)
undo                  =   7.74 sec*proc (3 tests)
unit                  = 680.31 sec*proc (184 tests)
update                =   0.08 sec*proc (1 test)
ux-audit              = 326.02 sec*proc (1 test)
verapdf               =   0.14 sec*proc (1 test)
verify-port           =   0.27 sec*proc (1 test)
viewing               =  12.66 sec*proc (8 tests)
watermark             =   1.60 sec*proc (2 tests)
welcome               =   6.15 sec*proc (2 tests)
workflow              =   2.52 sec*proc (3 tests)
xfa                   =   0.18 sec*proc (1 test)
zorder                =   3.29 sec*proc (1 test)

Total Test time (real) = 690.91 sec

The following tests did not run:
	188 - R14ProbeRedactSpace (Disabled)
	197 - R14ProbeBatchSkip (Disabled)

The following tests FAILED:
	 47 - TestSweepW3UxFlows (Exit code 0xc0000602)         headless qt sweep-w3 ui unit ux-audit
Errors while running CTest
