[1/1109] Automatic MOC and UIC for target docmodel
[2/1109] Automatic MOC and UIC for target liblua
[3/1109] Building CXX object src/docmodel/CMakeFiles/docmodel.dir/docmodel_autogen/mocs_compilation.cpp.obj
[4/1109] Building CXX object third_party/CMakeFiles/liblua.dir/liblua_autogen/mocs_compilation.cpp.obj
[5/1109] Building C object third_party/CMakeFiles/liblua.dir/lua-5.4/src/lauxlib.c.obj
[6/1109] Building C object third_party/CMakeFiles/liblua.dir/lua-5.4/src/lapi.c.obj
[7/1109] Building C object third_party/CMakeFiles/liblua.dir/lua-5.4/src/lbaselib.c.obj
[8/1109] Building C object third_party/CMakeFiles/liblua.dir/lua-5.4/src/lcode.c.obj
[9/1109] Building C object third_party/CMakeFiles/liblua.dir/lua-5.4/src/lcorolib.c.obj
[10/1109] Building C object third_party/CMakeFiles/liblua.dir/lua-5.4/src/lctype.c.obj
[11/1109] Building C object third_party/CMakeFiles/liblua.dir/lua-5.4/src/ldblib.c.obj
[12/1109] Building C object third_party/CMakeFiles/liblua.dir/lua-5.4/src/ldebug.c.obj
[13/1109] Building C object third_party/CMakeFiles/liblua.dir/lua-5.4/src/ldo.c.obj
[14/1109] Building C object third_party/CMakeFiles/liblua.dir/lua-5.4/src/ldump.c.obj
[15/1109] Building C object third_party/CMakeFiles/liblua.dir/lua-5.4/src/lfunc.c.obj
[16/1109] Building C object third_party/CMakeFiles/liblua.dir/lua-5.4/src/linit.c.obj
[17/1109] Building C object third_party/CMakeFiles/liblua.dir/lua-5.4/src/liolib.c.obj
[18/1109] Building C object third_party/CMakeFiles/liblua.dir/lua-5.4/src/lgc.c.obj
[19/1109] Building C object third_party/CMakeFiles/liblua.dir/lua-5.4/src/lmathlib.c.obj
[20/1109] Building C object third_party/CMakeFiles/liblua.dir/lua-5.4/src/llex.c.obj
[21/1109] Building C object third_party/CMakeFiles/liblua.dir/lua-5.4/src/lmem.c.obj
[22/1109] Building C object third_party/CMakeFiles/liblua.dir/lua-5.4/src/lobject.c.obj
[23/1109] Building C object third_party/CMakeFiles/liblua.dir/lua-5.4/src/lopcodes.c.obj
[24/1109] Building C object third_party/CMakeFiles/liblua.dir/lua-5.4/src/loslib.c.obj
[25/1109] Building C object third_party/CMakeFiles/liblua.dir/lua-5.4/src/lparser.c.obj
[26/1109] Building C object third_party/CMakeFiles/liblua.dir/lua-5.4/src/lstate.c.obj
[27/1109] Building C object third_party/CMakeFiles/liblua.dir/lua-5.4/src/lstring.c.obj
[28/1109] Building C object third_party/CMakeFiles/liblua.dir/lua-5.4/src/loadlib.c.obj
[29/1109] Building C object third_party/CMakeFiles/liblua.dir/lua-5.4/src/ltable.c.obj
[30/1109] Building C object third_party/CMakeFiles/liblua.dir/lua-5.4/src/lstrlib.c.obj
[31/1109] Building C object third_party/CMakeFiles/liblua.dir/lua-5.4/src/ltablib.c.obj
[32/1109] Building C object third_party/CMakeFiles/liblua.dir/lua-5.4/src/ltm.c.obj
[33/1109] Building C object third_party/CMakeFiles/liblua.dir/lua-5.4/src/lundump.c.obj
[34/1109] Building C object third_party/CMakeFiles/liblua.dir/lua-5.4/src/lutf8lib.c.obj
[35/1109] Building C object third_party/CMakeFiles/liblua.dir/lua-5.4/src/lzio.c.obj
[36/1109] Building C object third_party/CMakeFiles/liblua.dir/lua-5.4/src/lvm.c.obj
[37/1109] Building CXX object src/docmodel/CMakeFiles/docmodel.dir/Inline.cpp.obj
[38/1109] Building CXX object src/docmodel/CMakeFiles/docmodel.dir/Block.cpp.obj
[39/1109] Building CXX object src/docmodel/CMakeFiles/docmodel.dir/SemanticDocument.cpp.obj
[40/1109] Linking CXX static library third_party\libliblua.a
[41/1109] Automatic MOC and UIC for target libjbig2enc
[42/1109] Building CXX object third_party/jbig2enc/CMakeFiles/libjbig2enc.dir/libjbig2enc_autogen/mocs_compilation.cpp.obj
[43/1109] Building CXX object third_party/jbig2enc/CMakeFiles/libjbig2enc.dir/src/jbig2arith.cc.obj
D:/pdf/pdf-f-tests/third_party/jbig2enc/src/jbig2arith.cc: In function 'void jbig2enc_refine(jbig2enc_ctx*, const uint8_t*, int, int, const uint8_t*, int, int, int, int)':
D:/pdf/pdf-f-tests/third_party/jbig2enc/src/jbig2arith.cc:605:14: warning: variable 'image_counter' set but not used [-Wunused-but-set-variable=]
  605 |   static int image_counter = 0;
      |              ^~~~~~~~~~~~~
[44/1109] Building CXX object src/docmodel/CMakeFiles/docmodel.dir/DocumentFuzzer.cpp.obj
[45/1109] Linking CXX static library src\docmodel\libdocmodel.a
[46/1109] Automatic MOC and UIC for target pdfws_djot
[47/1109] Building CXX object third_party/jbig2enc/CMakeFiles/libjbig2enc.dir/src/jbig2comparator.cc.obj
[48/1109] Building CXX object src/pdfws_djot/CMakeFiles/pdfws_djot.dir/pdfws_djot_autogen/mocs_compilation.cpp.obj
[49/1109] Building CXX object src/pdfws_djot/CMakeFiles/pdfws_djot.dir/ProvenanceGuard.cpp.obj
[50/1109] Building CXX object src/pdfws_djot/CMakeFiles/pdfws_djot.dir/LuaDjotCodec.cpp.obj
[51/1109] Building CXX object src/pdfws_djot/CMakeFiles/pdfws_djot.dir/DjotToRichTextXhtml.cpp.obj
[52/1109] Building CXX object src/pdfws_djot/CMakeFiles/pdfws_djot.dir/PdfStructureMapper.cpp.obj
[53/1109] Building CXX object third_party/jbig2enc/CMakeFiles/libjbig2enc.dir/src/jbig2sym.cc.obj
[54/1109] Linking CXX static library src\pdfws_djot\libpdfws_djot.a
[55/1109] Automatic MOC and UIC for target pdfws_commands
[56/1109] Building CXX object CMakeFiles/pdfws_commands.dir/pdfws_commands_autogen/mocs_compilation.cpp.obj
[57/1109] Building CXX object third_party/jbig2enc/CMakeFiles/libjbig2enc.dir/src/jbig2enc.cc.obj
[58/1109] Linking CXX static library third_party\jbig2enc\liblibjbig2enc.a
[59/1109] Building CXX object CMakeFiles/pdfws_commands.dir/src/commands/ReorderPermutationCommand.cpp.obj
[60/1109] Automatic MOC and UIC for target pdfws_engines
[61/1109] Building CXX object CMakeFiles/pdfws_commands.dir/src/commands/CropPageCommand.cpp.obj
[62/1109] Building CXX object CMakeFiles/pdfws_commands.dir/src/commands/AutoDetectPlacement.cpp.obj
[63/1109] Linking CXX static library libpdfws_commands.a
[64/1109] Generating glyphpdf_ar.qm
Updating 'D:/pdf/pdf-f-tests/build-rel/glyphpdf_ar.qm'...
    Generated 0 translation(s) (0 finished and 0 unfinished)
    Ignored 1394 untranslated source text(s)
[65/1109] Generating glyphpdf_de.qm
Updating 'D:/pdf/pdf-f-tests/build-rel/glyphpdf_de.qm'...
    Generated 0 translation(s) (0 finished and 0 unfinished)
    Ignored 1394 untranslated source text(s)
[66/1109] Generating glyphpdf_fr.qm
Updating 'D:/pdf/pdf-f-tests/build-rel/glyphpdf_fr.qm'...
    Generated 0 translation(s) (0 finished and 0 unfinished)
    Ignored 1394 untranslated source text(s)
[67/1109] Building CXX object CMakeFiles/pdfws_engines.dir/cmake_pch.hxx.gch
[68/1109] Automatic MOC and UIC for target TestInterfaces
[69/1109] Building CXX object CMakeFiles/pdfws_engines.dir/src/core/AnnotationSerializer.cpp.obj
[70/1109] Building CXX object CMakeFiles/pdfws_engines.dir/src/core/ErrorInfo.cpp.obj
[71/1109] Building CXX object CMakeFiles/pdfws_engines.dir/pdfws_engines_autogen/mocs_compilation.cpp.obj
[72/1109] Building CXX object CMakeFiles/pdfws_engines.dir/src/core/PageLabels.cpp.obj
[73/1109] Building CXX object CMakeFiles/pdfws_engines.dir/src/core/Capability.cpp.obj
[74/1109] Building CXX object CMakeFiles/pdfws_engines.dir/src/core/FormStaleFieldTracker.cpp.obj
[75/1109] Building CXX object CMakeFiles/pdfws_engines.dir/src/core/PolicyController.cpp.obj
[76/1109] Building CXX object CMakeFiles/pdfws_engines.dir/src/core/TempFileManager.cpp.obj
[77/1109] Building CXX object CMakeFiles/pdfws_engines.dir/src/core/CredentialManager.cpp.obj
[78/1109] Building CXX object CMakeFiles/pdfws_engines.dir/src/core/VersionedJson.cpp.obj
[79/1109] Building CXX object CMakeFiles/pdfws_engines.dir/src/core/BatchPreset.cpp.obj
[80/1109] Building CXX object CMakeFiles/pdfws_engines.dir/src/core/EncryptedFileSecretStore.cpp.obj
D:/pdf/pdf-f-tests/src/core/EncryptedFileSecretStore.cpp:70:6: warning: 'bool {anonymous}::permsAreOwnerOnlyFile(const QString&)' defined but not used [-Wunused-function]
   70 | bool permsAreOwnerOnlyFile(const QString& path)
      |      ^~~~~~~~~~~~~~~~~~~~~
[81/1109] Building CXX object CMakeFiles/pdfws_engines.dir/src/engines/OcrEngine.cpp.obj
[82/1109] Building CXX object CMakeFiles/pdfws_engines.dir/src/engines/FormManager.cpp.obj
[83/1109] Building CXX object CMakeFiles/pdfws_engines.dir/src/engines/PdfEditorEngine.cpp.obj
[84/1109] Building CXX object CMakeFiles/pdfws_engines.dir/src/engines/SafeSave.cpp.obj
[85/1109] Building CXX object CMakeFiles/pdfws_engines.dir/src/engines/AccessibilityChecker.cpp.obj
[86/1109] Building CXX object CMakeFiles/pdfws_engines.dir/src/engines/AccessibilityFixes.cpp.obj
[87/1109] Building CXX object CMakeFiles/pdfws_engines.dir/src/engines/formjs/AFormShim.cpp.obj
[88/1109] Building CXX object CMakeFiles/pdfws_engines.dir/src/engines/formjs/FormJsSandbox.cpp.obj
D:/pdf/pdf-f-tests/src/engines/formjs/FormJsSandbox.cpp: In member function 'gp::formjs::JsEvalResult gp::formjs::FormJsSandbox::runScriptedEvent(const QString&, const QString&, const QString&, const QJsonObject&, int)':
D:/pdf/pdf-f-tests/src/engines/formjs/FormJsSandbox.cpp:458:40: warning: comparison of integer expressions of different signedness: 'int64_t' {aka 'long long int'} and 'size_t' {aka 'long long unsigned int'} [-Wsign-compare]
  458 |                     if (mu.malloc_size >= size_t(m_limits.memoryLimitBytes * 0.9)) {
      |                         ~~~~~~~~~~~~~~~^~~~~~~~~~~~~~~~~~~~~~~~~~~~~~~~~~~~~~~~~~
[89/1109] Building CXX object CMakeFiles/pdfws_engines.dir/src/engines/formjs/FormJsRunner.cpp.obj
D:/pdf/pdf-f-tests/src/engines/formjs/FormJsRunner.cpp:40:24: warning: 'PoDoFo::PdfDictionary& gp::formjs::{anonymous}::fieldDict(PoDoFo::PdfField&)' defined but not used [-Wunused-function]
   40 | PoDoFo::PdfDictionary& fieldDict(PoDoFo::PdfField& f) { return f.GetDictionary(); }
      |                        ^~~~~~~~~
[90/1109] Building CXX object CMakeFiles/pdfws_engines.dir/src/engines/AccessibilityTagger.cpp.obj
D:/pdf/pdf-f-tests/src/engines/AccessibilityTagger.cpp: In function 'std::map<int, std::map<int, gp::{anonymous}::GroupEdge> > gp::{anonymous}::assignGroups(WalkOutput&, QList<ElementRec>&)':
D:/pdf/pdf-f-tests/src/engines/AccessibilityTagger.cpp:1269:18: warning: comparison of integer expressions of different signedness: 'size_t' {aka 'long long unsigned int'} and 'qsizetype' {aka 'long long int'} [-Wsign-compare]
 1269 |         while (i < evs.size()) {
      |                ~~^~~~~~~~~~~~
D:/pdf/pdf-f-tests/src/engines/AccessibilityTagger.cpp:1272:26: warning: comparison of integer expressions of different signedness: 'size_t' {aka 'long long unsigned int'} and 'qsizetype' {aka 'long long int'} [-Wsign-compare]
 1272 |             while (j + 1 < evs.size()
      |                    ~~~~~~^~~~~~~~~~~~
D:/pdf/pdf-f-tests/src/engines/AccessibilityTagger.cpp: At global scope:
D:/pdf/pdf-f-tests/src/engines/AccessibilityTagger.cpp:127:5: warning: 'gp::{anonymous}::Mat gp::{anonymous}::dictMatrix(const PoDoFo::PdfDictionary&, const char*)' defined but not used [-Wunused-function]
  127 | Mat dictMatrix(const PdfDictionary& dict, const char* key) {
      |     ^~~~~~~~~~
[91/1109] Building CXX object CMakeFiles/pdfws_engines.dir/src/engines/RedactOperation.cpp.obj
[92/1109] Building CXX object CMakeFiles/pdfws_engines.dir/src/core/RedactionProof.cpp.obj
D:/pdf/pdf-f-tests/src/core/RedactionProof.cpp: In function 'QString gp::RedactionProof::{anonymous}::sha256Hex(const QString&, qint64*)':
D:/pdf/pdf-f-tests/src/core/RedactionProof.cpp:49:21: warning: 'void QCryptographicHash::addData(const char*, qsizetype)' is deprecated: Use the QByteArrayView overload instead [-Wdeprecated-declarations]
   49 |         hash.addData(buf, int(n));
      |         ~~~~~~~~~~~~^~~~~~~~~~~~~
In file included from C:/msys64/ucrt64/include/qt6/QtCore/QCryptographicHash:1,
                 from D:/pdf/pdf-f-tests/src/core/RedactionProof.cpp:4:
C:/msys64/ucrt64/include/qt6/QtCore/qcryptographichash.h:77:10: note: declared here
   77 |     void addData(const char *data, qsizetype length);
      |          ^~~~~~~
In file included from C:/msys64/ucrt64/include/qt6/QtCore/qstringview.h:11,
                 from C:/msys64/ucrt64/include/qt6/QtCore/qchar.h:730,
                 from C:/msys64/ucrt64/include/qt6/QtCore/qstring.h:15,
                 from C:/msys64/ucrt64/include/qt6/QtCore/QString:1,
                 from D:/pdf/pdf-f-tests/build-rel/CMakeFiles/pdfws_engines.dir/cmake_pch.hxx:5,
                 from <command-line>:
D:/pdf/pdf-f-tests/src/core/RedactionProof.cpp: In function 'bool gp::RedactionProof::{anonymous}::hasCompressedContainerSignature(const QByteArray&)':
D:/pdf/pdf-f-tests/src/core/RedactionProof.cpp:370:27: warning: hex escape sequence out of range
  370 |         QByteArrayLiteral("\xfd7zXZ\x00"),
      |                           ^~~~~~~~~~~~~~
D:/pdf/pdf-f-tests/src/core/RedactionProof.cpp:370:27: warning: hex escape sequence out of range
  370 |         QByteArrayLiteral("\xfd7zXZ\x00"),
      |                           ^~~~~~~~~~~~~~
[93/1109] Building CXX object CMakeFiles/pdfws_engines.dir/src/engines/SignatureManager.cpp.obj
[94/1109] Building CXX object CMakeFiles/pdfws_engines.dir/src/core/SigningRequestModel.cpp.obj
[95/1109] Building CXX object CMakeFiles/pdfws_engines.dir/src/core/SigningLabels.cpp.obj
[96/1109] Building CXX object CMakeFiles/pdfws_engines.dir/src/core/SigningRequestRunner.cpp.obj
[97/1109] Building CXX object CMakeFiles/pdfws_engines.dir/src/engines/SignatureFieldCreator.cpp.obj
[98/1109] Building CXX object CMakeFiles/pdfws_engines.dir/src/engines/DocumentSession.cpp.obj
[99/1109] Building CXX object CMakeFiles/pdfws_engines.dir/src/engines/ConversionManager.cpp.obj
[100/1109] Building CXX object CMakeFiles/pdfws_engines.dir/src/engines/AutosaveManager.cpp.obj
[101/1109] Building CXX object CMakeFiles/pdfws_engines.dir/src/engines/BackendRouter.cpp.obj
[102/1109] Building CXX object CMakeFiles/pdfws_engines.dir/src/engines/PatternRedactor.cpp.obj
[103/1109] Building CXX object CMakeFiles/pdfws_engines.dir/src/engines/TextMatchFinder.cpp.obj
D:/pdf/pdf-f-tests/src/engines/TextMatchFinder.cpp: In static member function 'static QList<QRectF> TextMatchFinder::lineRectsInRegion(const QString&, int, const QRectF&, MatchBudget*)':
D:/pdf/pdf-f-tests/src/engines/TextMatchFinder.cpp:294:18: warning: unused variable 'effectiveBudget' [-Wunused-variable]
  294 |     MatchBudget* effectiveBudget = budget ? budget : &defaultBudget;
      |                  ^~~~~~~~~~~~~~~
[104/1109] Building CXX object CMakeFiles/pdfws_engines.dir/src/engines/ReviewSummaryWriter.cpp.obj
[105/1109] Building CXX object CMakeFiles/pdfws_engines.dir/src/engines/A11yReportWriter.cpp.obj
[106/1109] Building CXX object CMakeFiles/pdfws_engines.dir/src/engines/HeadingOutlineDetector.cpp.obj
[107/1109] Building CXX object CMakeFiles/pdfws_engines.dir/src/core/StampLibrary.cpp.obj
D:/pdf/pdf-f-tests/src/core/StampLibrary.cpp: In static member function 'static QList<StampTemplate> StampLibrary::builtIns()':
D:/pdf/pdf-f-tests/src/core/StampLibrary.cpp:26:5: warning: missing initializer for member 'StampTemplate::imagePath' [-Wmissing-field-initializers]
   26 |     };
      |     ^
D:/pdf/pdf-f-tests/src/core/StampLibrary.cpp:26:5: warning: missing initializer for member 'StampTemplate::imagePath' [-Wmissing-field-initializers]
D:/pdf/pdf-f-tests/src/core/StampLibrary.cpp:26:5: warning: missing initializer for member 'StampTemplate::imagePath' [-Wmissing-field-initializers]
D:/pdf/pdf-f-tests/src/core/StampLibrary.cpp:26:5: warning: missing initializer for member 'StampTemplate::imagePath' [-Wmissing-field-initializers]
D:/pdf/pdf-f-tests/src/core/StampLibrary.cpp:26:5: warning: missing initializer for member 'StampTemplate::imagePath' [-Wmissing-field-initializers]
[108/1109] Building CXX object CMakeFiles/pdfws_engines.dir/src/engines/podofo/PdfStringEscape.cpp.obj
[109/1109] Building CXX object CMakeFiles/pdfws_engines.dir/src/engines/podofo/GlyphAdvanceCalculator.cpp.obj
[110/1109] Building CXX object CMakeFiles/pdfws_engines.dir/src/engines/podofo/ContentSpans.cpp.obj
D:/pdf/pdf-f-tests/src/engines/podofo/ContentSpans.cpp:344:5: warning: 'int gp::content::{anonymous}::innermostBlockOpen(const QList<gp::content::Token>&, int)' defined but not used [-Wunused-function]
  344 | int innermostBlockOpen(const QList<Token> &toks, int at)
      |     ^~~~~~~~~~~~~~~~~~
[111/1109] Building CXX object CMakeFiles/pdfws_engines.dir/src/engines/podofo/PdfEncryptPubSec.cpp.obj
[112/1109] Building CXX object CMakeFiles/pdfws_engines.dir/src/engines/podofo/PdfPageOps.cpp.obj
[113/1109] Building CXX object CMakeFiles/pdfws_engines.dir/src/engines/pdfium/PdfiumEnvironment.cpp.obj
[114/1109] Building CXX object CMakeFiles/pdfws_engines.dir/src/engines/podofo/PoDoFoBackend.cpp.obj
[115/1109] Building CXX object CMakeFiles/pdfws_engines.dir/src/engines/pdfium/PdfiumBackend.cpp.obj
[116/1109] Building CXX object CMakeFiles/pdfws_engines.dir/src/engines/qpdf/QpdfBackend.cpp.obj
[117/1109] Building CXX object CMakeFiles/pdfws_engines.dir/src/engines/DiffEngine.cpp.obj
[118/1109] Building CXX object CMakeFiles/pdfws_engines.dir/src/engines/RenderCache.cpp.obj
[119/1109] Building CXX object CMakeFiles/pdfws_engines.dir/src/engines/MyersDiff.cpp.obj
[120/1109] Building CXX object CMakeFiles/pdfws_engines.dir/src/engines/VeraPdfValidator.cpp.obj
[121/1109] Building CXX object CMakeFiles/pdfws_engines.dir/src/engines/ocr/PpDocLayoutDetector.cpp.obj
D:/pdf/pdf-f-tests/src/engines/ocr/PpDocLayoutDetector.cpp:45:12: warning: 'RegionType {anonymous}::classToRegionType(int)' defined but not used [-Wunused-function]
   45 | RegionType classToRegionType(int classIdx)
      |            ^~~~~~~~~~~~~~~~~
[122/1109] Building CXX object CMakeFiles/pdfws_engines.dir/src/engines/ocr/SuryaDetector.cpp.obj
[123/1109] Building CXX object CMakeFiles/pdfws_engines.dir/src/engines/scheduling/LaneScheduler.cpp.obj
[124/1109] Building CXX object CMakeFiles/pdfws_engines.dir/src/engines/ocr/OcrPreprocessor.cpp.obj
[125/1109] Building CXX object CMakeFiles/pdfws_engines.dir/src/engines/ocr/LayoutEnsemble.cpp.obj
[126/1109] Building CXX object CMakeFiles/pdfws_engines.dir/src/engines/ocr/OcrPipeline.cpp.obj
[127/1109] Building CXX object CMakeFiles/pdfws_engines.dir/src/engines/ocr/PpOcrDecoder.cpp.obj
[128/1109] Building CXX object CMakeFiles/pdfws_engines.dir/src/engines/ocr/OcrDjotMapper.cpp.obj
[129/1109] Building CXX object CMakeFiles/pdfws_engines.dir/src/engines/ocr/RapidOcrEngine.cpp.obj
[130/1109] Building CXX object CMakeFiles/pdfws_engines.dir/src/engines/conversion/DjvuImporter.cpp.obj
[131/1109] Automatic MOC and UIC for target TestSignatureValidationMock
[132/1109] Automatic MOC and UIC for target TestChain1
[133/1109] Building CXX object CMakeFiles/pdfws_engines.dir/src/engines/mrc/MrcPageProcessor.cpp.obj
[134/1109] Linking CXX static library libpdfws_engines.a
[135/1109] Automatic MOC and UIC for target TestPageLabels
[136/1109] Automatic MOC and UIC for target UnitTests
[137/1109] Automatic MOC and UIC for target TestExpiryInterface
[138/1109] Automatic MOC and UIC for target SmokeTest
[139/1109] Automatic MOC and UIC for target TestSanitization
[140/1109] Automatic MOC and UIC for target TestSanitizeTrailerUaf
[141/1109] Automatic MOC and UIC for target TestAutosave
[142/1109] Automatic MOC and UIC for target pdfws_ui
[143/1109] Automatic RCC for resources/commands.qrc
[144/1109] Automatic MOC and UIC for target TestRobustness
[145/1109] Building CXX object CMakeFiles/pdfws_ui.dir/src/shell/RibbonModel.cpp.obj
[146/1109] Building CXX object CMakeFiles/pdfws_ui.dir/cmake_pch.hxx.gch
[147/1109] Building CXX object CMakeFiles/pdfws_ui.dir/src/modes/OCRMode.cpp.obj
D:/pdf/pdf-f-tests/src/modes/OCRMode.cpp: In member function 'void gp::OCRMode::updateInfoStrip()':
D:/pdf/pdf-f-tests/src/modes/OCRMode.cpp:1697:9: warning: variable 'verifiedCount' set but not used [-Wunused-but-set-variable=]
 1697 |     int verifiedCount = 0;
      |         ^~~~~~~~~~~~~
[148/1109] Building CXX object CMakeFiles/pdfws_ui.dir/src/ui/PdfViewerWidget.cpp.obj
[149/1109] Building CXX object CMakeFiles/pdfws_ui.dir/src/ui/EditAnnotationCommand.cpp.obj
[150/1109] Building CXX object CMakeFiles/pdfws_ui.dir/pdfws_ui_autogen/mocs_compilation.cpp.obj
[151/1109] Building CXX object CMakeFiles/pdfws_ui.dir/src/ui/PrintJob.cpp.obj
[152/1109] Building CXX object CMakeFiles/pdfws_ui.dir/src/ui/FindBar.cpp.obj
[153/1109] Building CXX object CMakeFiles/pdfws_ui.dir/src/ui/WelcomeWidget.cpp.obj
[154/1109] Building CXX object CMakeFiles/pdfws_ui.dir/src/ui/StampLibraryDialog.cpp.obj
[155/1109] Building CXX object CMakeFiles/pdfws_ui.dir/src/ui/FindReplaceDialog.cpp.obj
[156/1109] Building CXX object CMakeFiles/pdfws_ui.dir/src/ui/ResizeDialog.cpp.obj
[157/1109] Building CXX object CMakeFiles/pdfws_ui.dir/src/ui/HeaderFooterDialog.cpp.obj
[158/1109] Building CXX object CMakeFiles/pdfws_ui.dir/src/ui/AutoBookmarkDialog.cpp.obj
[159/1109] Building CXX object CMakeFiles/pdfws_ui.dir/src/ui/BatesNumberingDialog.cpp.obj
[160/1109] Building CXX object CMakeFiles/pdfws_ui.dir/src/ui/EditToolBar.cpp.obj
[161/1109] Building CXX object CMakeFiles/pdfws_ui.dir/src/ui/CompareWidget.cpp.obj
[162/1109] Building CXX object CMakeFiles/pdfws_ui.dir/src/ui/InspectorWidget.cpp.obj
[163/1109] Building CXX object CMakeFiles/pdfws_ui.dir/src/ui/BookmarkPanel.cpp.obj
[164/1109] Building CXX object CMakeFiles/pdfws_ui.dir/src/ui/DocumentPropertiesWidget.cpp.obj
[165/1109] Building CXX object CMakeFiles/pdfws_ui.dir/src/ui/SignaturesWidget.cpp.obj
[166/1109] Building CXX object CMakeFiles/pdfws_ui.dir/src/ui/CommentsWidget.cpp.obj
[167/1109] Building CXX object CMakeFiles/pdfws_ui.dir/src/ui/PageManagementDialog.cpp.obj
[168/1109] Building CXX object CMakeFiles/pdfws_ui.dir/src/ui/EncryptionDialog.cpp.obj
[169/1109] Building CXX object CMakeFiles/pdfws_ui.dir/src/ui/PermissionsDialog.cpp.obj
[170/1109] Building CXX object CMakeFiles/pdfws_ui.dir/src/ui/SignatureDialog.cpp.obj
[171/1109] Building CXX object CMakeFiles/pdfws_ui.dir/src/ui/SigningRequestDialog.cpp.obj
[172/1109] Building CXX object CMakeFiles/pdfws_ui.dir/src/ui/SigningProgressPanel.cpp.obj
[173/1109] Building CXX object CMakeFiles/pdfws_ui.dir/src/ui/RecipientPickerDialog.cpp.obj
[174/1109] Building CXX object CMakeFiles/pdfws_ui.dir/src/ui/SignaturePicker.cpp.obj
[175/1109] Building CXX object CMakeFiles/pdfws_ui.dir/src/ui/OcspConsentDialog.cpp.obj
[176/1109] Building CXX object CMakeFiles/pdfws_ui.dir/src/ui/SanitizeSummaryDialog.cpp.obj
[177/1109] Building CXX object CMakeFiles/pdfws_ui.dir/src/ui/MetadataDialog.cpp.obj
[178/1109] Building CXX object CMakeFiles/pdfws_ui.dir/src/ui/AnnotationLayer.cpp.obj
[179/1109] Building CXX object CMakeFiles/pdfws_ui.dir/src/ui/ThumbnailSidebar.cpp.obj
[180/1109] Building CXX object CMakeFiles/pdfws_ui.dir/src/ui/ShortcutHelpDialog.cpp.obj
[181/1109] Building CXX object CMakeFiles/pdfws_ui.dir/src/ui/UpdateDialog.cpp.obj
[182/1109] Building CXX object CMakeFiles/pdfws_ui.dir/src/ui/RecoveryDialog.cpp.obj
[183/1109] Building CXX object CMakeFiles/pdfws_ui.dir/src/ui/PreferencesDialog.cpp.obj
[184/1109] Building CXX object CMakeFiles/pdfws_ui.dir/src/ui/ErrorDialog.cpp.obj
[185/1109] Building CXX object CMakeFiles/pdfws_ui.dir/src/ui/PageSetupDialog.cpp.obj
[186/1109] Building CXX object CMakeFiles/pdfws_ui.dir/src/ui/ExportPresetsPanel.cpp.obj
[187/1109] Building CXX object CMakeFiles/pdfws_ui.dir/src/core/SupportBundle.cpp.obj
[188/1109] Building CXX object CMakeFiles/pdfws_ui.dir/src/core/UpdateChecker.cpp.obj
[189/1109] Building CXX object CMakeFiles/pdfws_ui.dir/src/core/NetworkTouchpoints.cpp.obj
[190/1109] Building CXX object CMakeFiles/pdfws_ui.dir/src/core/ToolId.cpp.obj
[191/1109] Building CXX object CMakeFiles/pdfws_ui.dir/src/core/CommandRegistry.cpp.obj
[192/1109] Building CXX object CMakeFiles/pdfws_ui.dir/src/shell/ToolRegistry.cpp.obj
[193/1109] Building CXX object CMakeFiles/pdfws_ui.dir/src/shell/controllers/HomeController.cpp.obj
[194/1109] Building CXX object CMakeFiles/pdfws_ui.dir/src/GpMainWindow.cpp.obj
[195/1109] Building CXX object CMakeFiles/pdfws_ui.dir/src/shell/controllers/ViewController.cpp.obj
[196/1109] Building CXX object CMakeFiles/pdfws_ui.dir/src/shell/controllers/PagesController.cpp.obj
[197/1109] Building CXX object CMakeFiles/pdfws_ui.dir/src/shell/controllers/EditController.cpp.obj
[198/1109] Building CXX object CMakeFiles/pdfws_ui.dir/src/shell/controllers/FormsController.cpp.obj
[199/1109] Building CXX object CMakeFiles/pdfws_ui.dir/src/shell/controllers/ConvertController.cpp.obj
[200/1109] Building CXX object CMakeFiles/pdfws_ui.dir/src/shell/controllers/CertEncryptController.cpp.obj
[201/1109] Building CXX object CMakeFiles/pdfws_ui.dir/src/shell/controllers/SendForSigningController.cpp.obj
[202/1109] Building CXX object CMakeFiles/pdfws_ui.dir/src/shell/controllers/SecurityController.cpp.obj
[203/1109] Building CXX object CMakeFiles/pdfws_ui.dir/src/shell/controllers/TaskNavController.cpp.obj
[204/1109] Building CXX object CMakeFiles/pdfws_ui.dir/src/util/Icons.cpp.obj
[205/1109] Building CXX object CMakeFiles/pdfws_ui.dir/src/util/Badge.cpp.obj
[206/1109] Building CXX object CMakeFiles/pdfws_ui.dir/src/util/Slider.cpp.obj
[207/1109] Building CXX object CMakeFiles/pdfws_ui.dir/src/shell/Ribbon.cpp.obj
[208/1109] Building CXX object CMakeFiles/pdfws_ui.dir/src/shell/MenuBar.cpp.obj
[209/1109] Building CXX object CMakeFiles/pdfws_ui.dir/src/shell/ScreenNav.cpp.obj
[210/1109] Building CXX object CMakeFiles/pdfws_ui.dir/src/shell/FlowToolbarLayout.cpp.obj
[211/1109] Building CXX object CMakeFiles/pdfws_ui.dir/src/shell/StatusBar.cpp.obj
[212/1109] Building CXX object CMakeFiles/pdfws_ui.dir/src/shell/ModeStrip.cpp.obj
[213/1109] Building CXX object CMakeFiles/pdfws_ui.dir/src/shell/TaskNav.cpp.obj
[214/1109] Building CXX object CMakeFiles/pdfws_ui.dir/src/shell/TaskStateSync.cpp.obj
[215/1109] Building CXX object CMakeFiles/pdfws_ui.dir/src/shell/Sidebar.cpp.obj
[216/1109] Building CXX object CMakeFiles/pdfws_ui.dir/src/modes/OcrConfidence.cpp.obj
[217/1109] Building CXX object CMakeFiles/pdfws_ui.dir/src/ui/OcrScanCanvas.cpp.obj
D:/pdf/pdf-f-tests/src/ui/OcrScanCanvas.cpp:16:13: warning: 'gp::{anonymous}::kPaper' defined but not used [-Wunused-variable]
   16 | const char* kPaper = "#f4f1ea";
      |             ^~~~~~
[218/1109] Building CXX object CMakeFiles/pdfws_ui.dir/src/ui/OcrWordMagnifier.cpp.obj
[219/1109] Building CXX object CMakeFiles/pdfws_ui.dir/src/modes/ModeController.cpp.obj
[220/1109] Building CXX object CMakeFiles/pdfws_ui.dir/src/modes/RedactApplyDialog.cpp.obj
[221/1109] Building CXX object CMakeFiles/pdfws_ui.dir/src/modes/RedactMode.cpp.obj
[222/1109] Building CXX object CMakeFiles/pdfws_ui.dir/src/modes/CompareMode.cpp.obj
[223/1109] Building CXX object CMakeFiles/pdfws_ui.dir/src/modes/PagesMode.cpp.obj
[224/1109] Building CXX object CMakeFiles/pdfws_ui.dir/src/modes/HotFolderController.cpp.obj
[225/1109] Building CXX object CMakeFiles/pdfws_ui.dir/src/ui/PresetManagerDialog.cpp.obj
[226/1109] Building CXX object CMakeFiles/pdfws_ui.dir/src/ui/PresetEditorDialog.cpp.obj
[227/1109] Building CXX object CMakeFiles/pdfws_ui.dir/src/modes/FormBuilderMode.cpp.obj
[228/1109] Building CXX object CMakeFiles/pdfws_ui.dir/src/modes/FormFieldPropertiesPanel.cpp.obj
[229/1109] Building CXX object CMakeFiles/pdfws_ui.dir/src/modes/AIChatPanel.cpp.obj
[230/1109] Building CXX object CMakeFiles/pdfws_ui.dir/src/modes/BatchMode.cpp.obj
[231/1109] Building CXX object CMakeFiles/pdfws_ui.dir/src/modes/SignaturesPanel.cpp.obj
[232/1109] Building CXX object CMakeFiles/pdfws_ui.dir/src/engines/ai/OllamaProvider.cpp.obj
[233/1109] Building CXX object CMakeFiles/pdfws_ui.dir/src/modes/AccessibilityPanel.cpp.obj
[234/1109] Building CXX object CMakeFiles/pdfws_ui.dir/src/modes/PdfAValidationPanel.cpp.obj
[235/1109] Building CXX object CMakeFiles/pdfws_ui.dir/src/modes/MeasureMode.cpp.obj
[236/1109] Building CXX object CMakeFiles/pdfws_ui.dir/src/modes/WatermarkDialog.cpp.obj
[237/1109] Building CXX object CMakeFiles/pdfws_ui.dir/pdfws_ui_autogen/3YJK5W5UP7/qrc_commands.cpp.obj
[238/1109] Building CXX object CMakeFiles/pdfws_ui.dir/src/modes/CompressDialog.cpp.obj
[239/1109] Linking CXX static library libpdfws_ui.a
[240/1109] Automatic MOC and UIC for target PdfWorkstation
[241/1109] Automatic MOC and UIC for target TestSecretStore
[242/1109] Automatic MOC and UIC for target TestViewParity
[243/1109] Automatic MOC and UIC for target TestSanitizeSelective
[244/1109] Automatic MOC and UIC for target TestDocumentIdentity
[245/1109] Automatic MOC and UIC for target TestBatesBatchSafety
[246/1109] Automatic MOC and UIC for target TestRecoverySave
[247/1109] Automatic MOC and UIC for target TestSidecarReopenState
[248/1109] Automatic MOC and UIC for target TestReadOnlyGate
[249/1109] Automatic MOC and UIC for target TestSignatureValidation
[250/1109] Automatic MOC and UIC for target TestSignatureRealCrypto
[251/1109] Automatic MOC and UIC for target TestSendForSigning
[252/1109] Automatic MOC and UIC for target TestEraseSignedGuard
[253/1109] Automatic MOC and UIC for target TestSignatureAppearance
[254/1109] Automatic MOC and UIC for target TestOptimizeSignedGuard
[255/1109] Automatic MOC and UIC for target TestImageDedup
[256/1109] Automatic MOC and UIC for target TestRedaction
[257/1109] Automatic MOC and UIC for target TestDedupSMask
[258/1109] Automatic MOC and UIC for target TestCompressJpegReencode
[259/1109] Automatic MOC and UIC for target TestLayoutEnsemble
[260/1109] Automatic MOC and UIC for target TestOptimizeEstimate
[261/1109] Automatic MOC and UIC for target TestOcrPipeline
[262/1109] Automatic MOC and UIC for target TestOcrReviewLifecycle
[263/1109] Automatic MOC and UIC for target TestOcrRegionReocr
[264/1109] Automatic MOC and UIC for target TestOcrVerifyNavigation
[265/1109] Automatic MOC and UIC for target TestOcrOutputMode
[266/1109] Automatic MOC and UIC for target TestOcrPreprocessor
[267/1109] Automatic MOC and UIC for target TestOcrVerifyPort
[268/1109] Automatic MOC and UIC for target TestOcrDjotMapper
[269/1109] Automatic MOC and UIC for target TestThreadSafety
[270/1109] Automatic MOC and UIC for target TestResourceLimits
[271/1109] Automatic MOC and UIC for target TestEncryption
[272/1109] Automatic MOC and UIC for target TestControllers
[273/1109] Automatic MOC and UIC for target TestSevenZipBundle
[274/1109] Automatic MOC and UIC for target TestRibbonIntegrity
[275/1109] Automatic MOC and UIC for target TestMenuBarIntegrity
[276/1109] Automatic MOC and UIC for target TestCommandBinding
[277/1109] Automatic MOC and UIC for target TestWelcomeRoutes
[278/1109] Automatic MOC and UIC for target TestSweepW3UxFlows
[279/1109] Automatic MOC and UIC for target TestUiAccessibility
[280/1109] Automatic MOC and UIC for target TestIntegration
[281/1109] Automatic MOC and UIC for target TestPerformance
[282/1109] Automatic MOC and UIC for target TestVeraPdf
[283/1109] Automatic MOC and UIC for target TestReadingOrderAsync
[284/1109] Automatic MOC and UIC for target TestAccessibilityChecker
[285/1109] Automatic MOC and UIC for target TestAccessibilityPanel
[286/1109] Automatic MOC and UIC for target TestAccessibilityFixes
[287/1109] Automatic MOC and UIC for target TestA11yReportWriter
[288/1109] Automatic MOC and UIC for target TestLaneScheduler
[289/1109] Automatic MOC and UIC for target TestAccessibilityTagger
[290/1109] Automatic MOC and UIC for target TestFormBuilder
[291/1109] Automatic MOC and UIC for target TestFormPersistence
[292/1109] Automatic MOC and UIC for target TestCompareEntry
[293/1109] Automatic MOC and UIC for target TestCompareIntegration
[294/1109] Automatic MOC and UIC for target TestPagesMode
[295/1109] Automatic MOC and UIC for target TestBatchMode
[296/1109] Automatic MOC and UIC for target TestBatchPresets
[297/1109] Automatic MOC and UIC for target TestBatchPresetsP2
[298/1109] Automatic MOC and UIC for target TestHotFolder
[299/1109] Automatic MOC and UIC for target TestBatchOcrLanguage
[300/1109] Automatic MOC and UIC for target TestOcrPreprocessPrefs
[301/1109] Automatic MOC and UIC for target TestBatchOcrSkipText
[302/1109] Automatic MOC and UIC for target TestOpenRouting
[303/1109] Automatic MOC and UIC for target TestBatesCrossDoc
[304/1109] Automatic MOC and UIC for target TestBatchOpsCoverage
[305/1109] Automatic MOC and UIC for target TestExcisionCorruption
[306/1109] Automatic MOC and UIC for target TestPdfACidSetSafety
[307/1109] Automatic MOC and UIC for target TestReadingOrderThreshold
[308/1109] Automatic MOC and UIC for target TestReadingOrderMcid
[309/1109] Automatic MOC and UIC for target TestReadingOrderDepthCap
[310/1109] Automatic MOC and UIC for target TestLinkBookmarkRoundTrip
[311/1109] Automatic MOC and UIC for target TestSignatureSessionCache
[312/1109] Automatic MOC and UIC for target TestCapabilityRegistry
[313/1109] Automatic MOC and UIC for target TestXfaHonestyBanner
[314/1109] Automatic MOC and UIC for target TestTaskNavRegistry
[315/1109] Automatic MOC and UIC for target TestScreenStateSync
[316/1109] Automatic MOC and UIC for target TestRibbonCollapse
[317/1109] Automatic MOC and UIC for target TestModeStripPins
[318/1109] Automatic MOC and UIC for target TestStatusBarSlim
[319/1109] Automatic MOC and UIC for target TestCommentsReview
[320/1109] Automatic MOC and UIC for target TestWelcomeLayout
[321/1109] Automatic MOC and UIC for target TestSignatureBadges
[322/1109] Automatic MOC and UIC for target TestBatchOcrConfidence
[323/1109] Automatic MOC and UIC for target TestInspector
[324/1109] Automatic MOC and UIC for target TestPatternRedact
[325/1109] Automatic MOC and UIC for target TestFindReplace
[326/1109] Automatic MOC and UIC for target TestReviewSummary
[327/1109] Automatic MOC and UIC for target TestPrintableSummary
[328/1109] Automatic MOC and UIC for target TestDynamicStamps
[329/1109] Automatic MOC and UIC for target TestStampImageImport
[330/1109] Automatic MOC and UIC for target TestDjotRoundtrip
[331/1109] Automatic MOC and UIC for target TestAutoBookmarks
[332/1109] Automatic MOC and UIC for target TestDjotFuzz
[333/1109] Automatic MOC and UIC for target TestUpdateChecker
[334/1109] Automatic MOC and UIC for target TestOcrLanguage
[335/1109] Automatic MOC and UIC for target TestWatermarkFont
[336/1109] Automatic MOC and UIC for target TestRedactClearMarks
[337/1109] Automatic MOC and UIC for target TestLinkSchemeSafety
[338/1109] Automatic MOC and UIC for target TestThumbnailZoom
[339/1109] Automatic MOC and UIC for target TestThumbnailOffGui
[340/1109] Automatic MOC and UIC for target TestMergeSuccess
[341/1109] Automatic MOC and UIC for target TestFillFormLock
[342/1109] Automatic MOC and UIC for target TestFillFormNoOp
[343/1109] Automatic MOC and UIC for target TestReadingOrderInheritance
[344/1109] Automatic MOC and UIC for target TestShapeInkPersistence
[345/1109] Automatic MOC and UIC for target TestQuadPointsMarkup
[346/1109] Automatic MOC and UIC for target TestMeasurePanelHonesty
[347/1109] Automatic MOC and UIC for target TestMeasureCore
[348/1109] Automatic MOC and UIC for target TestMeasureRoundTrip
[349/1109] Automatic MOC and UIC for target TestLegacyOriginSpace
[350/1109] Automatic MOC and UIC for target TestMeasureCsvExport
[351/1109] Automatic MOC and UIC for target TestCompressStripSanitize
[352/1109] Automatic MOC and UIC for target TestCompressDialogHonesty
[353/1109] Automatic MOC and UIC for target TestFieldMetadata
[354/1109] Automatic MOC and UIC for target TestFormJsCalc
[355/1109] Automatic MOC and UIC for target TestFormSafety
[356/1109] Automatic MOC and UIC for target TestFormJsAdversarial
[357/1109] Automatic MOC and UIC for target TestFormStaleDisclosure
[358/1109] Automatic MOC and UIC for target TestFormKeystroke
[359/1109] Automatic MOC and UIC for target TestEngineSave
[360/1109] Automatic MOC and UIC for target TestEncryptedPackageSafeWrite
[361/1109] Automatic MOC and UIC for target TestPrintJob
[362/1109] Automatic MOC and UIC for target TestTempOwnership
[363/1109] Automatic MOC and UIC for target TestCleanupCli
[364/1109] Automatic MOC and UIC for target TestFormUndo
[365/1109] Automatic MOC and UIC for target TestValidateAllSignatures
[366/1109] Automatic MOC and UIC for target TestExportPathBadge
[367/1109] Automatic MOC and UIC for target TestImageEditWiring
[368/1109] Automatic MOC and UIC for target TestRedactSanitizeBundle
[369/1109] Automatic MOC and UIC for target TestRedactTransaction
[370/1109] Automatic MOC and UIC for target TestPptxOverlayAlpha
[371/1109] Automatic MOC and UIC for target TestRedactionProof
[372/1109] Automatic MOC and UIC for target TestAutoDetectHeuristic
[373/1109] Automatic MOC and UIC for target fake_soffice
[374/1109] Automatic MOC and UIC for target TestConversionExtraction
[375/1109] Automatic MOC and UIC for target TestTextExtractionCoords
[376/1109] Automatic MOC and UIC for target TestEraseWiring
[377/1109] Automatic MOC and UIC for target TestRibbonMarkupTools
[378/1109] Automatic MOC and UIC for target TestViewerRotation
[379/1109] Automatic MOC and UIC for target TestRotateView
[380/1109] Automatic MOC and UIC for target TestTwoPageOverlay
[381/1109] Automatic MOC and UIC for target TestViewingModes
[382/1109] Automatic MOC and UIC for target TestSignaturePicker
[383/1109] Automatic MOC and UIC for target TestCertEncryptPicker
[384/1109] Automatic MOC and UIC for target TestCertifySelector
[385/1109] Automatic MOC and UIC for target TestPolicyController
[386/1109] Automatic MOC and UIC for target TestPolicyWiring
[387/1109] Automatic MOC and UIC for target TestOcspConsent
[388/1109] Automatic MOC and UIC for target TestSupportBundle
[389/1109] Automatic MOC and UIC for target TestNetworkDisclosure
[390/1109] Automatic MOC and UIC for target TestOcrAcceptSeam
[391/1109] Automatic MOC and UIC for target TestSearchFlags
[392/1109] Automatic MOC and UIC for target TestExportPresets
[393/1109] Automatic MOC and UIC for target TestOcrAcceptScope
[394/1109] Automatic MOC and UIC for target TestViewerLinkSeam
[395/1109] Automatic MOC and UIC for target TestHyperlinkNavigation
[396/1109] Automatic MOC and UIC for target TestRedactApplyMarks
[397/1109] Automatic MOC and UIC for target TestRedactMarkAll
[398/1109] Automatic MOC and UIC for target TestAnnotationDjot
[399/1109] Automatic MOC and UIC for target TestAiProvider
[400/1109] Automatic MOC and UIC for target TestOllamaProvider
[401/1109] Automatic MOC and UIC for target TestDiffEngine
[402/1109] Automatic MOC and UIC for target TestOfficeImport
[403/1109] Automatic MOC and UIC for target TestMrcPipeline
[404/1109] Automatic MOC and UIC for target TestCheckedMutationCoverage
[405/1109] Automatic MOC and UIC for target TestHistoryIntegrity
[406/1109] Automatic MOC and UIC for target TestImageAppearance
[407/1109] Automatic MOC and UIC for target TestOfficeExport
[408/1109] Automatic MOC and UIC for target TestTextEditStyle
[409/1109] Automatic MOC and UIC for target TestEraserEngine
[410/1109] Automatic MOC and UIC for target render_path_profile
[411/1109] Automatic MOC and UIC for target TestPersistenceOutcomes
[412/1109] Automatic MOC and UIC for target TestRenderGuards
[413/1109] Automatic MOC and UIC for target TestSep13LeadCapability
[414/1109] Automatic MOC and UIC for target TestSep13LeadBatchMerge
[415/1109] Automatic MOC and UIC for target TestSep13LeadOcrGuards
[416/1109] Automatic MOC and UIC for target TestSep13LeadConversionExport
[417/1109] Automatic MOC and UIC for target TestSep13LeadRedactionProof
[418/1109] Automatic MOC and UIC for target R14ProbeRedactSpace
[419/1109] Automatic MOC and UIC for target R14ProbeSep13Fixes
[420/1109] Automatic MOC and UIC for target TestSep13LeadBtDowngrade
[421/1109] Automatic MOC and UIC for target TestSep13LeadComparePerf
[422/1109] Automatic MOC and UIC for target TestSweepW1PresetAdversary
[423/1109] Automatic MOC and UIC for target TestSweepW1SigningAdversary
[424/1109] Automatic MOC and UIC for target TestSweepW1SummaryPolicyAdversary
[425/1109] Automatic MOC and UIC for target TestSweepW1SecProbe
[426/1109] Automatic MOC and UIC for target W2BProbeNaming
[427/1109] Automatic MOC and UIC for target W2BProbeSigning
[428/1109] Automatic MOC and UIC for target W2BProbeSummaryPolicy
[429/1109] Automatic MOC and UIC for target W2BProbeA11y
[430/1109] Automatic MOC and UIC for target W2BProbeLegacySpace
[431/1109] Automatic MOC and UIC for target W2BProbeOfficeSave
[432/1109] Automatic MOC and UIC for target TestRotate270PageSpace
[433/1109] Automatic MOC and UIC for target R14ProbeBatchSkip
[434/1109] Automatic MOC and UIC for target TestGsdW2Probe
[435/1109] Automatic MOC and UIC for target W2CProbeRotate270
[436/1109] Automatic MOC and UIC for target TestPgr37PageSpaceLaw
[437/1109] Automatic MOC and UIC for target TestPgr35BatchCollision
[438/1109] Automatic MOC and UIC for target TestPgr36StaleSigningPanel
[439/1109] Automatic MOC and UIC for target TestFileHandleCoordination
[440/1109] Running rcc for resource PdfWorkstation_translations
[441/1109] Automatic MOC and UIC for target TestCommandRegistry
[442/1109] Automatic RCC for tests/TestViewParity.qrc
[443/1109] Building CXX object CMakeFiles/TestViewParity.dir/TestViewParity_autogen/mocs_compilation.cpp.obj
[444/1109] Automatic RCC for resources.qrc
[445/1109] Building CXX object CMakeFiles/PdfWorkstation.dir/PdfWorkstation_autogen/mocs_compilation.cpp.obj
[446/1109] Building CXX object CMakeFiles/PdfWorkstation.dir/src/app/main.cpp.obj
D:/pdf/pdf-f-tests/src/app/main.cpp: In function 'int main(int, char**)':
D:/pdf/pdf-f-tests/src/app/main.cpp:98:25: warning: loop variable 'f' of type 'const QString&' binds to a temporary constructed from type 'const char* const' [-Wrange-loop-construct]
   98 |     for (const QString& f : {":/fonts/Manrope-Regular.ttf",
      |                         ^
D:/pdf/pdf-f-tests/src/app/main.cpp:98:25: note: use non-reference type 'const QString' to make the copy explicit or 'const char* const&' to prevent copying
[447/1109] Building CXX object CMakeFiles/TestViewParity.dir/tests/TestViewParity.cpp.obj
[448/1109] Building RC object CMakeFiles/PdfWorkstation.dir/src/app/app_icon.rc.obj
[449/1109] Building RC object CMakeFiles/PdfWorkstation.dir/version.rc.obj
[450/1109] Building CXX object CMakeFiles/PdfWorkstation.dir/build-rel/.qt/rcc/qrc_PdfWorkstation_translations.cpp.obj
[451/1109] Building CXX object CMakeFiles/PdfWorkstation.dir/src/app/Bootstrapper.cpp.obj
[452/1109] Building CXX object CMakeFiles/PdfWorkstation.dir/PdfWorkstation_autogen/EWIEGA46WW/qrc_resources.cpp.obj
[453/1109] Building CXX object CMakeFiles/TestViewParity.dir/TestViewParity_autogen/KRHXW7JQHD/qrc_TestViewParity.cpp.obj
[454/1109] Building CXX object CMakeFiles/UnitTests.dir/UnitTests_autogen/mocs_compilation.cpp.obj
[455/1109] Building CXX object CMakeFiles/TestViewParity.dir/src/app/Bootstrapper.cpp.obj
[456/1109] Building CXX object CMakeFiles/UnitTests.dir/tests/UnitTests.cpp.obj
[457/1109] Building CXX object CMakeFiles/TestInterfaces.dir/TestInterfaces_autogen/mocs_compilation.cpp.obj
[458/1109] Building CXX object CMakeFiles/TestInterfaces.dir/src/engines/DocumentSession.cpp.obj
[459/1109] Building CXX object CMakeFiles/TestExpiryInterface.dir/TestExpiryInterface_autogen/mocs_compilation.cpp.obj
[460/1109] Building CXX object CMakeFiles/TestInterfaces.dir/tests/TestPdfEditorInterface.cpp.obj
[461/1109] Building CXX object CMakeFiles/SmokeTest.dir/SmokeTest_autogen/mocs_compilation.cpp.obj
[462/1109] Building CXX object CMakeFiles/TestExpiryInterface.dir/tests/TestExpiryInterface.cpp.obj
[463/1109] Building CXX object CMakeFiles/TestSanitization.dir/TestSanitization_autogen/mocs_compilation.cpp.obj
[464/1109] Building CXX object CMakeFiles/SmokeTest.dir/tests/smoke_test.cpp.obj
[465/1109] Building CXX object CMakeFiles/TestSanitizeSelective.dir/TestSanitizeSelective_autogen/mocs_compilation.cpp.obj
[466/1109] Building CXX object CMakeFiles/TestSanitization.dir/tests/TestSanitization.cpp.obj
[467/1109] Building CXX object CMakeFiles/TestSanitizeTrailerUaf.dir/TestSanitizeTrailerUaf_autogen/mocs_compilation.cpp.obj
[468/1109] Building CXX object CMakeFiles/TestSanitizeSelective.dir/tests/TestSanitizeSelective.cpp.obj
[469/1109] Building CXX object CMakeFiles/TestAutosave.dir/TestAutosave_autogen/mocs_compilation.cpp.obj
[470/1109] Building CXX object CMakeFiles/TestSanitizeTrailerUaf.dir/tests/TestSanitizeTrailerUaf.cpp.obj
[471/1109] Building CXX object CMakeFiles/TestDocumentIdentity.dir/TestDocumentIdentity_autogen/mocs_compilation.cpp.obj
[472/1109] Building CXX object CMakeFiles/TestAutosave.dir/tests/TestAutosave.cpp.obj
[473/1109] Building CXX object CMakeFiles/TestDocumentIdentity.dir/tests/TestDocumentIdentity.cpp.obj
[474/1109] Building CXX object CMakeFiles/TestBatesBatchSafety.dir/TestBatesBatchSafety_autogen/mocs_compilation.cpp.obj
[475/1109] Building CXX object CMakeFiles/TestDocumentIdentity.dir/src/app/Bootstrapper.cpp.obj
[476/1109] Building CXX object CMakeFiles/TestBatesBatchSafety.dir/src/app/Bootstrapper.cpp.obj
[477/1109] Building CXX object CMakeFiles/TestRecoverySave.dir/TestRecoverySave_autogen/mocs_compilation.cpp.obj
[478/1109] Building CXX object CMakeFiles/TestBatesBatchSafety.dir/tests/TestBatesBatchSafety.cpp.obj
[479/1109] Building CXX object CMakeFiles/TestRecoverySave.dir/src/app/Bootstrapper.cpp.obj
[480/1109] Building CXX object CMakeFiles/TestReadOnlyGate.dir/TestReadOnlyGate_autogen/mocs_compilation.cpp.obj
[481/1109] Building CXX object CMakeFiles/TestRecoverySave.dir/tests/TestRecoverySave.cpp.obj
[482/1109] Building CXX object CMakeFiles/TestReadOnlyGate.dir/src/app/Bootstrapper.cpp.obj
[483/1109] Building CXX object CMakeFiles/TestSidecarReopenState.dir/TestSidecarReopenState_autogen/mocs_compilation.cpp.obj
[484/1109] Building CXX object CMakeFiles/TestReadOnlyGate.dir/tests/TestReadOnlyGate.cpp.obj
[485/1109] Building CXX object CMakeFiles/TestSidecarReopenState.dir/src/app/Bootstrapper.cpp.obj
[486/1109] Building CXX object CMakeFiles/TestSignatureValidationMock.dir/TestSignatureValidationMock_autogen/mocs_compilation.cpp.obj
[487/1109] Building CXX object CMakeFiles/TestSidecarReopenState.dir/tests/TestSidecarReopenState.cpp.obj
[488/1109] Building CXX object CMakeFiles/TestRobustness.dir/TestRobustness_autogen/mocs_compilation.cpp.obj
[489/1109] Building CXX object CMakeFiles/TestSignatureValidationMock.dir/tests/TestSignatureValidationMock.cpp.obj
[490/1109] Building CXX object CMakeFiles/TestSecretStore.dir/TestSecretStore_autogen/mocs_compilation.cpp.obj
[491/1109] Building CXX object CMakeFiles/TestRobustness.dir/tests/TestRobustness.cpp.obj
[492/1109] Building CXX object CMakeFiles/TestSignatureValidation.dir/TestSignatureValidation_autogen/mocs_compilation.cpp.obj
[493/1109] Building CXX object CMakeFiles/TestSecretStore.dir/tests/TestSecretStore.cpp.obj
D:/pdf/pdf-f-tests/tests/TestSecretStore.cpp: In function 'QByteArray {anonymous}::craftLegacyV1Blob(const QByteArray&, const QByteArray&)':
D:/pdf/pdf-f-tests/tests/TestSecretStore.cpp:96:9: warning: unused variable 'len' [-Wunused-variable]
   96 |     int len = 0, cipherLen = 0;
      |         ^~~
[494/1109] Building CXX object CMakeFiles/TestSignatureRealCrypto.dir/TestSignatureRealCrypto_autogen/mocs_compilation.cpp.obj
[495/1109] Building CXX object CMakeFiles/TestSignatureValidation.dir/tests/TestSignatureValidation.cpp.obj
[496/1109] Building CXX object CMakeFiles/TestSendForSigning.dir/TestSendForSigning_autogen/mocs_compilation.cpp.obj
[497/1109] Building CXX object CMakeFiles/TestSignatureRealCrypto.dir/tests/TestSignatureRealCrypto.cpp.obj
D:/pdf/pdf-f-tests/tests/TestSignatureRealCrypto.cpp: In member function 'void TestSignatureRealCrypto::testTamperedPdfInvalid()':
D:/pdf/pdf-f-tests/tests/TestSignatureRealCrypto.cpp:1028:28: warning: unused variable 'off1' [-Wunused-variable]
 1028 |                     qint64 off1 = parts[0].toLongLong();
      |                            ^~~~
D:/pdf/pdf-f-tests/tests/TestSignatureRealCrypto.cpp: In member function 'void TestSignatureRealCrypto::testOwnModDateRefreshNotDowngraded()':
D:/pdf/pdf-f-tests/tests/TestSignatureRealCrypto.cpp:1263:90: warning: 'QDateTime::QDateTime(QDate, QTime, Qt::TimeSpec, int)' is deprecated: Pass QTimeZone instead [-Wdeprecated-declarations]
 1263 |                 std::chrono::seconds(QDateTime(QDate(2031, 2, 3), QTime(4, 5, 6), Qt::UTC)
      |                                                                                          ^
In file included from C:/msys64/ucrt64/include/qt6/QtCore/qcborvalue.h:11,
                 from C:/msys64/ucrt64/include/qt6/QtCore/qcborarray.h:8,
                 from C:/msys64/ucrt64/include/qt6/QtCore/QtCore:55,
                 from C:/msys64/ucrt64/include/qt6/QtTest/QtTestDepends:3,
                 from C:/msys64/ucrt64/include/qt6/QtTest/QtTest:3,
                 from D:/pdf/pdf-f-tests/tests/TestSignatureRealCrypto.cpp:19:
C:/msys64/ucrt64/include/qt6/QtCore/qdatetime.h:390:5: note: declared here
  390 |     QDateTime(QDate date, QTime time, Qt::TimeSpec spec, int offsetSeconds = 0);
      |     ^~~~~~~~~
[498/1109] Building CXX object CMakeFiles/TestEraseSignedGuard.dir/TestEraseSignedGuard_autogen/mocs_compilation.cpp.obj
[499/1109] Building CXX object CMakeFiles/TestSendForSigning.dir/tests/TestSendForSigning.cpp.obj
[500/1109] Building CXX object CMakeFiles/TestSignatureAppearance.dir/TestSignatureAppearance_autogen/mocs_compilation.cpp.obj
[501/1109] Building CXX object CMakeFiles/TestEraseSignedGuard.dir/tests/TestEraseSignedGuard.cpp.obj
[502/1109] Building CXX object CMakeFiles/TestOptimizeSignedGuard.dir/TestOptimizeSignedGuard_autogen/mocs_compilation.cpp.obj
[503/1109] Building CXX object CMakeFiles/TestSignatureAppearance.dir/tests/TestSignatureAppearance.cpp.obj
D:/pdf/pdf-f-tests/tests/TestSignatureAppearance.cpp: In function 'QDateTime {anonymous}::fixedClaimedTime()':
D:/pdf/pdf-f-tests/tests/TestSignatureAppearance.cpp:50:86: warning: 'QDateTime::QDateTime(QDate, QTime, Qt::TimeSpec, int)' is deprecated: Pass QTimeZone instead [-Wdeprecated-declarations]
   50 |     return QDateTime(QDate(2026, 9, 5), QTime(14, 30, 0), Qt::OffsetFromUTC, 2 * 3600);
      |                                                                                      ^
In file included from C:/msys64/ucrt64/include/qt6/QtCore/qcborvalue.h:11,
                 from C:/msys64/ucrt64/include/qt6/QtCore/qcborarray.h:8,
                 from C:/msys64/ucrt64/include/qt6/QtCore/QtCore:55,
                 from C:/msys64/ucrt64/include/qt6/QtTest/QtTestDepends:3,
                 from C:/msys64/ucrt64/include/qt6/QtTest/QtTest:3,
                 from D:/pdf/pdf-f-tests/tests/TestSignatureAppearance.cpp:15:
C:/msys64/ucrt64/include/qt6/QtCore/qdatetime.h:390:5: note: declared here
  390 |     QDateTime(QDate date, QTime time, Qt::TimeSpec spec, int offsetSeconds = 0);
      |     ^~~~~~~~~
[504/1109] Building CXX object CMakeFiles/TestImageDedup.dir/TestImageDedup_autogen/mocs_compilation.cpp.obj
[505/1109] Building CXX object CMakeFiles/TestOptimizeSignedGuard.dir/tests/TestOptimizeSignedGuard.cpp.obj
[506/1109] Building CXX object CMakeFiles/TestChain1.dir/TestChain1_autogen/mocs_compilation.cpp.obj
[507/1109] Building CXX object CMakeFiles/TestImageDedup.dir/tests/TestImageDedup.cpp.obj
[508/1109] Building CXX object CMakeFiles/TestRedaction.dir/TestRedaction_autogen/mocs_compilation.cpp.obj
[509/1109] Building CXX object CMakeFiles/TestChain1.dir/tests/TestChain1.cpp.obj
[510/1109] Building CXX object CMakeFiles/TestDedupSMask.dir/TestDedupSMask_autogen/mocs_compilation.cpp.obj
[511/1109] Building CXX object CMakeFiles/TestRedaction.dir/tests/TestRedaction.cpp.obj
[512/1109] Building CXX object CMakeFiles/TestCompressJpegReencode.dir/TestCompressJpegReencode_autogen/mocs_compilation.cpp.obj
[513/1109] Building CXX object CMakeFiles/TestDedupSMask.dir/tests/TestDedupSMask.cpp.obj
[514/1109] Building CXX object CMakeFiles/TestOptimizeEstimate.dir/TestOptimizeEstimate_autogen/mocs_compilation.cpp.obj
[515/1109] Building CXX object CMakeFiles/TestCompressJpegReencode.dir/tests/TestCompressJpegReencode.cpp.obj
[516/1109] Building CXX object CMakeFiles/TestLayoutEnsemble.dir/TestLayoutEnsemble_autogen/mocs_compilation.cpp.obj
[517/1109] Building CXX object CMakeFiles/TestOptimizeEstimate.dir/tests/TestOptimizeEstimate.cpp.obj
[518/1109] Building CXX object CMakeFiles/TestOcrPipeline.dir/TestOcrPipeline_autogen/mocs_compilation.cpp.obj
[519/1109] Building CXX object CMakeFiles/TestLayoutEnsemble.dir/tests/TestLayoutEnsemble.cpp.obj
[520/1109] Building CXX object CMakeFiles/TestOcrReviewLifecycle.dir/TestOcrReviewLifecycle_autogen/mocs_compilation.cpp.obj
[521/1109] Building CXX object CMakeFiles/TestOcrPipeline.dir/tests/TestOcrPipeline.cpp.obj
[522/1109] Building CXX object CMakeFiles/TestOcrRegionReocr.dir/TestOcrRegionReocr_autogen/mocs_compilation.cpp.obj
[523/1109] Building CXX object CMakeFiles/TestOcrReviewLifecycle.dir/tests/TestOcrReviewLifecycle.cpp.obj
[524/1109] Building CXX object CMakeFiles/TestOcrRegionReocr.dir/tests/TestOcrRegionReocr.cpp.obj
D:/pdf/pdf-f-tests/tests/TestOcrRegionReocr.cpp: In function 'void {anonymous}::dragWidget(QWidget*, const QPointF&, const QPointF&)':
D:/pdf/pdf-f-tests/tests/TestOcrRegionReocr.cpp:121:69: warning: 'QMouseEvent::QMouseEvent(QEvent::Type, const QPointF&, Qt::MouseButton, Qt::MouseButtons, Qt::KeyboardModifiers, const QPointingDevice*)' is deprecated: Use another constructor [-Wdeprecated-declarations]
  121 |                       Qt::LeftButton, Qt::LeftButton, Qt::NoModifier);
      |                                                                     ^
In file included from C:/msys64/ucrt64/include/qt6/QtGui/qtestsupport_gui.h:8,
                 from C:/msys64/ucrt64/include/qt6/QtTest/qtestsystem.h:11,
                 from C:/msys64/ucrt64/include/qt6/QtTest/qtest.h:270,
                 from C:/msys64/ucrt64/include/qt6/QtTest/QtTest:11,
                 from D:/pdf/pdf-f-tests/tests/TestOcrRegionReocr.cpp:31:
C:/msys64/ucrt64/include/qt6/QtGui/qevent.h:202:5: note: declared here
  202 |     QMouseEvent(Type type, const QPointF &localPos, Qt::MouseButton button,
      |     ^~~~~~~~~~~
D:/pdf/pdf-f-tests/tests/TestOcrRegionReocr.cpp:124:68: warning: 'QMouseEvent::QMouseEvent(QEvent::Type, const QPointF&, Qt::MouseButton, Qt::MouseButtons, Qt::KeyboardModifiers, const QPointingDevice*)' is deprecated: Use another constructor [-Wdeprecated-declarations]
  124 |                      Qt::LeftButton, Qt::LeftButton, Qt::NoModifier);
      |                                                                    ^
C:/msys64/ucrt64/include/qt6/QtGui/qevent.h:202:5: note: declared here
  202 |     QMouseEvent(Type type, const QPointF &localPos, Qt::MouseButton button,
      |     ^~~~~~~~~~~
D:/pdf/pdf-f-tests/tests/TestOcrRegionReocr.cpp:127:69: warning: 'QMouseEvent::QMouseEvent(QEvent::Type, const QPointF&, Qt::MouseButton, Qt::MouseButtons, Qt::KeyboardModifiers, const QPointingDevice*)' is deprecated: Use another constructor [-Wdeprecated-declarations]
  127 |                         Qt::LeftButton, Qt::NoButton, Qt::NoModifier);
      |                                                                     ^
C:/msys64/ucrt64/include/qt6/QtGui/qevent.h:202:5: note: declared here
  202 |     QMouseEvent(Type type, const QPointF &localPos, Qt::MouseButton button,
      |     ^~~~~~~~~~~
[525/1109] Building CXX object CMakeFiles/TestOcrOutputMode.dir/TestOcrOutputMode_autogen/mocs_compilation.cpp.obj
[526/1109] Building CXX object CMakeFiles/TestOcrRegionReocr.dir/src/app/Bootstrapper.cpp.obj
FAILED: [code=1] CMakeFiles/TestOcrRegionReocr.dir/src/app/Bootstrapper.cpp.obj 
C:\msys64\ucrt64\bin\c++.exe -DGLYPHPDF_QUICKJS_VERSION=\"0.15.1\" -DHAS_OPENJPEG2 -DHAS_PDFIUM -DHAS_QPDF -DHAS_QUICKJS -DHAS_TESSERACT -DMINGW_HAS_SECURE_API=1 -DQT_CONCURRENT_LIB -DQT_CORE_LIB -DQT_GUI_LIB -DQT_NO_DEBUG -DQT_PDFWIDGETS_LIB -DQT_PDF_LIB -DQT_TESTCASE_BUILDDIR=\"D:/pdf/pdf-f-tests/build-rel\" -DQT_TESTCASE_SOURCEDIR=\"D:/pdf/pdf-f-tests\" -DQT_TESTLIB_LIB -DQT_WIDGETS_LIB -DUNICODE -DUSING_QJS_SHARED -DWIN32 -DWIN64 -D_ENABLE_EXTENDED_ALIGNED_STORAGE -D_UNICODE -D_WIN64 -ID:/pdf/pdf-f-tests/build-rel/TestOcrRegionReocr_autogen/include -ID:/pdf/pdf-f-tests/src -ID:/pdf/pdf-f-tests/tests -IC:/msys64/ucrt64/include/leptonica -IC:/msys64/ucrt64/include/libpng16 -IC:/msys64/ucrt64/include/webp -isystem C:/msys64/ucrt64/include/qt6/QtCore -isystem C:/msys64/ucrt64/include/qt6 -isystem C:/msys64/ucrt64/share/qt6/mkspecs/win32-g++ -isystem C:/msys64/ucrt64/include/qt6/QtGui -isystem C:/msys64/ucrt64/include/qt6/QtWidgets -isystem C:/msys64/ucrt64/include/openjpeg-2.5 -isystem D:/pdf/pdf-f-tests/third_party/pdfium/include -isystem D:/pdf/pdf-f-tests/third_party/podofo/install/include -isystem C:/msys64/ucrt64/include/qt6/QtTest -isystem C:/msys64/ucrt64/include/qt6/QtConcurrent -isystem C:/msys64/ucrt64/include/qt6/QtPdf -isystem C:/msys64/ucrt64/include/qt6/QtPdfWidgets -O3 -DNDEBUG -std=gnu++17 -Wall -Wextra -Wno-unused-parameter -Werror=return-type -Werror=unused-result -Werror=shadow -fstack-protector-strong -D_FORTIFY_SOURCE=2 -flto=auto -MD -MT CMakeFiles/TestOcrRegionReocr.dir/src/app/Bootstrapper.cpp.obj -MF CMakeFiles\TestOcrRegionReocr.dir\src\app\Bootstrapper.cpp.obj.d -o CMakeFiles/TestOcrRegionReocr.dir/src/app/Bootstrapper.cpp.obj -c D:/pdf/pdf-f-tests/src/app/Bootstrapper.cpp
D:/pdf/pdf-f-tests/src/app/Bootstrapper.cpp:46:4: error: #error "DJOT_LIB_DIR must be defined by CMake — check target_compile_definitions in CMakeLists.txt"
   46 | #  error "DJOT_LIB_DIR must be defined by CMake — check target_compile_definitions in CMakeLists.txt"
      |    ^~~~~
D:/pdf/pdf-f-tests/src/app/Bootstrapper.cpp: In static member function 'static AppContext Bootstrapper::createContext()':
D:/pdf/pdf-f-tests/src/app/Bootstrapper.cpp:48:46: error: 'DJOT_LIB_DIR' was not declared in this scope
   48 |     std::string djotPath = QString::fromUtf8(DJOT_LIB_DIR).toStdString();
      |                                              ^~~~~~~~~~~~
[527/1109] Building CXX object CMakeFiles/TestOcrVerifyNavigation.dir/TestOcrVerifyNavigation_autogen/mocs_compilation.cpp.obj
[528/1109] Building CXX object CMakeFiles/TestOcrOutputMode.dir/tests/TestOcrOutputMode.cpp.obj
[529/1109] Building CXX object CMakeFiles/TestOcrVerifyPort.dir/TestOcrVerifyPort_autogen/mocs_compilation.cpp.obj
[530/1109] Building CXX object CMakeFiles/TestOcrVerifyNavigation.dir/tests/TestOcrVerifyNavigation.cpp.obj
[531/1109] Building CXX object CMakeFiles/TestOcrPreprocessor.dir/TestOcrPreprocessor_autogen/mocs_compilation.cpp.obj
[532/1109] Building CXX object CMakeFiles/TestOcrVerifyPort.dir/tests/TestOcrVerifyPort.cpp.obj
[533/1109] Building CXX object CMakeFiles/TestOcrDjotMapper.dir/TestOcrDjotMapper_autogen/mocs_compilation.cpp.obj
[534/1109] Building CXX object CMakeFiles/TestOcrPreprocessor.dir/tests/TestOcrPreprocessor.cpp.obj
[535/1109] Building CXX object CMakeFiles/TestThreadSafety.dir/TestThreadSafety_autogen/mocs_compilation.cpp.obj
[536/1109] Building CXX object CMakeFiles/TestOcrDjotMapper.dir/tests/TestOcrDjotMapper.cpp.obj
[537/1109] Building CXX object CMakeFiles/TestEncryption.dir/TestEncryption_autogen/mocs_compilation.cpp.obj
[538/1109] Building CXX object CMakeFiles/TestThreadSafety.dir/tests/TestThreadSafety.cpp.obj
[539/1109] Building CXX object CMakeFiles/TestResourceLimits.dir/TestResourceLimits_autogen/mocs_compilation.cpp.obj
[540/1109] Building CXX object CMakeFiles/TestEncryption.dir/tests/TestEncryption.cpp.obj
D:/pdf/pdf-f-tests/tests/TestEncryption.cpp: In static member function 'static QByteArray TestEncryption::aesGcmDecrypt(const QByteArray&, const QByteArray&)':
D:/pdf/pdf-f-tests/tests/TestEncryption.cpp:184:23: warning: comparison of integer expressions of different signedness: 'qsizetype' {aka 'long long int'} and 'long long unsigned int' [-Wsign-compare]
  184 |         if (in.size() < 1 + kNonceLen + kTagLen || in[0] != kVersionGCM) return {};
      |             ~~~~~~~~~~^~~~~~~~~~~~~~~~~~~~~~~~~
D:/pdf/pdf-f-tests/tests/TestEncryption.cpp: In member function 'void TestEncryption::testCertificateEncryption()':
D:/pdf/pdf-f-tests/tests/TestEncryption.cpp:218:27: warning: 'RSA* RSA_new()' is deprecated: Since OpenSSL 3.0 [-Wdeprecated-declarations]
  218 |         RSA* rsa = RSA_new();
      |                    ~~~~~~~^~
In file included from D:/pdf/msys64/ucrt64/include/openssl/x509.h:38,
                 from D:/pdf/pdf-f-tests/tests/TestEncryption.cpp:6:
D:/pdf/msys64/ucrt64/include/openssl/rsa.h:212:28: note: declared here
  212 | OSSL_DEPRECATEDIN_3_0 RSA *RSA_new(void);
      |                            ^~~~~~~
D:/pdf/pdf-f-tests/tests/TestEncryption.cpp:219:28: warning: 'int RSA_generate_key_ex(RSA*, int, BIGNUM*, BN_GENCB*)' is deprecated: Since OpenSSL 3.0 [-Wdeprecated-declarations]
  219 |         RSA_generate_key_ex(rsa, 2048, bn, nullptr);
      |         ~~~~~~~~~~~~~~~~~~~^~~~~~~~~~~~~~~~~~~~~~~~
D:/pdf/msys64/ucrt64/include/openssl/rsa.h:270:27: note: declared here
  270 | OSSL_DEPRECATEDIN_3_0 int RSA_generate_key_ex(RSA *rsa, int bits, BIGNUM *e,
      |                           ^~~~~~~~~~~~~~~~~~~
[541/1109] Building CXX object CMakeFiles/TestControllers.dir/TestControllers_autogen/mocs_compilation.cpp.obj
[542/1109] Building CXX object CMakeFiles/TestResourceLimits.dir/tests/TestResourceLimits.cpp.obj
[543/1109] Building CXX object CMakeFiles/TestSevenZipBundle.dir/TestSevenZipBundle_autogen/mocs_compilation.cpp.obj
[544/1109] Building CXX object CMakeFiles/TestControllers.dir/tests/TestControllers.cpp.obj
[545/1109] Building CXX object CMakeFiles/TestRibbonIntegrity.dir/TestRibbonIntegrity_autogen/mocs_compilation.cpp.obj
[546/1109] Building CXX object CMakeFiles/TestSevenZipBundle.dir/tests/TestSevenZipBundle.cpp.obj
[547/1109] Building CXX object CMakeFiles/TestMenuBarIntegrity.dir/TestMenuBarIntegrity_autogen/mocs_compilation.cpp.obj
[548/1109] Building CXX object CMakeFiles/TestRibbonIntegrity.dir/tests/TestRibbonIntegrity.cpp.obj
[549/1109] Building CXX object CMakeFiles/TestCommandBinding.dir/TestCommandBinding_autogen/mocs_compilation.cpp.obj
[550/1109] Building CXX object CMakeFiles/TestMenuBarIntegrity.dir/tests/TestMenuBarIntegrity.cpp.obj
[551/1109] Building CXX object CMakeFiles/TestCommandBinding.dir/tests/TestCommandBinding.cpp.obj
[552/1109] Building CXX object CMakeFiles/TestWelcomeRoutes.dir/TestWelcomeRoutes_autogen/mocs_compilation.cpp.obj
[553/1109] Building CXX object CMakeFiles/TestCommandBinding.dir/src/app/Bootstrapper.cpp.obj
[554/1109] Building CXX object CMakeFiles/TestWelcomeRoutes.dir/src/app/Bootstrapper.cpp.obj
[555/1109] Building CXX object CMakeFiles/TestSweepW3UxFlows.dir/TestSweepW3UxFlows_autogen/mocs_compilation.cpp.obj
[556/1109] Building CXX object CMakeFiles/TestWelcomeRoutes.dir/tests/TestWelcomeRoutes.cpp.obj
[557/1109] Building CXX object CMakeFiles/TestSweepW3UxFlows.dir/src/app/Bootstrapper.cpp.obj
[558/1109] Building CXX object CMakeFiles/TestUiAccessibility.dir/TestUiAccessibility_autogen/mocs_compilation.cpp.obj
[559/1109] Building CXX object CMakeFiles/TestSweepW3UxFlows.dir/tests/TestSweepW3UxFlows.cpp.obj
D:/pdf/pdf-f-tests/tests/TestSweepW3UxFlows.cpp:257:6: warning: 'void {anonymous}::pickMultiFilesByTitle(const QString&, const QStringList&, int)' defined but not used [-Wunused-function]
  257 | void pickMultiFilesByTitle(const QString &title, const QStringList &paths, int budgetMs = 60000)
      |      ^~~~~~~~~~~~~~~~~~~~~
[560/1109] Building CXX object CMakeFiles/TestUiAccessibility.dir/tests/TestUiAccessibility.cpp.obj
[561/1109] Building CXX object CMakeFiles/TestIntegration.dir/TestIntegration_autogen/mocs_compilation.cpp.obj
[562/1109] Building CXX object CMakeFiles/TestUiAccessibility.dir/src/app/Bootstrapper.cpp.obj
[563/1109] Building CXX object CMakeFiles/TestPerformance.dir/TestPerformance_autogen/mocs_compilation.cpp.obj
[564/1109] Building CXX object CMakeFiles/TestIntegration.dir/tests/TestIntegration.cpp.obj
[565/1109] Building CXX object CMakeFiles/TestVeraPdf.dir/TestVeraPdf_autogen/mocs_compilation.cpp.obj
[566/1109] Building CXX object CMakeFiles/TestPerformance.dir/tests/TestPerformance.cpp.obj
[567/1109] Building CXX object CMakeFiles/TestReadingOrderAsync.dir/TestReadingOrderAsync_autogen/mocs_compilation.cpp.obj
[568/1109] Building CXX object CMakeFiles/TestVeraPdf.dir/tests/TestVeraPdf.cpp.obj
[569/1109] Building CXX object CMakeFiles/TestAccessibilityChecker.dir/TestAccessibilityChecker_autogen/mocs_compilation.cpp.obj
[570/1109] Building CXX object CMakeFiles/TestReadingOrderAsync.dir/tests/TestReadingOrderAsync.cpp.obj
[571/1109] Building CXX object CMakeFiles/TestAccessibilityPanel.dir/TestAccessibilityPanel_autogen/mocs_compilation.cpp.obj
[572/1109] Building CXX object CMakeFiles/TestAccessibilityChecker.dir/tests/TestAccessibilityChecker.cpp.obj
D:/pdf/pdf-f-tests/tests/TestAccessibilityChecker.cpp: In function 'bool {anonymous}::buildPdf(const QString&, const FixtureOpts&)':
D:/pdf/pdf-f-tests/tests/TestAccessibilityChecker.cpp:83:36: warning: comparison of integer expressions of different signedness: 'unsigned int' and 'const int' [-Wsign-compare]
   83 |             for (unsigned i = 0; i < o.images; ++i) {
      |                                  ~~^~~~~~~~~~
[573/1109] Building CXX object CMakeFiles/TestA11yReportWriter.dir/TestA11yReportWriter_autogen/mocs_compilation.cpp.obj
[574/1109] Building CXX object CMakeFiles/TestAccessibilityPanel.dir/tests/TestAccessibilityPanel.cpp.obj
[575/1109] Building CXX object CMakeFiles/TestAccessibilityFixes.dir/TestAccessibilityFixes_autogen/mocs_compilation.cpp.obj
[576/1109] Building CXX object CMakeFiles/TestA11yReportWriter.dir/tests/TestA11yReportWriter.cpp.obj
[577/1109] Building CXX object CMakeFiles/TestAccessibilityTagger.dir/TestAccessibilityTagger_autogen/mocs_compilation.cpp.obj
[578/1109] Building CXX object CMakeFiles/TestAccessibilityFixes.dir/tests/TestAccessibilityFixes.cpp.obj
[579/1109] Building CXX object CMakeFiles/TestLaneScheduler.dir/TestLaneScheduler_autogen/mocs_compilation.cpp.obj
[580/1109] Building CXX object CMakeFiles/TestAccessibilityTagger.dir/tests/TestAccessibilityTagger.cpp.obj
[581/1109] Building CXX object CMakeFiles/TestFormBuilder.dir/TestFormBuilder_autogen/mocs_compilation.cpp.obj
[582/1109] Building CXX object CMakeFiles/TestLaneScheduler.dir/tests/TestLaneScheduler.cpp.obj
[583/1109] Building CXX object CMakeFiles/TestFormPersistence.dir/TestFormPersistence_autogen/mocs_compilation.cpp.obj
[584/1109] Building CXX object CMakeFiles/TestFormBuilder.dir/tests/TestFormBuilder.cpp.obj
[585/1109] Building CXX object CMakeFiles/TestCompareEntry.dir/TestCompareEntry_autogen/mocs_compilation.cpp.obj
[586/1109] Building CXX object CMakeFiles/TestFormPersistence.dir/tests/TestFormPersistence.cpp.obj
[587/1109] Building CXX object CMakeFiles/TestCompareIntegration.dir/TestCompareIntegration_autogen/mocs_compilation.cpp.obj
[588/1109] Building CXX object CMakeFiles/TestCompareEntry.dir/tests/TestCompareEntry.cpp.obj
[589/1109] Building CXX object CMakeFiles/TestPagesMode.dir/TestPagesMode_autogen/mocs_compilation.cpp.obj
[590/1109] Building CXX object CMakeFiles/TestCompareIntegration.dir/tests/TestCompareIntegration.cpp.obj
[591/1109] Building CXX object CMakeFiles/TestPageLabels.dir/TestPageLabels_autogen/mocs_compilation.cpp.obj
[592/1109] Building CXX object CMakeFiles/TestPageLabels.dir/tests/TestPageLabels.cpp.obj
[593/1109] Building CXX object CMakeFiles/TestPagesMode.dir/tests/TestPagesMode.cpp.obj
[594/1109] Building CXX object CMakeFiles/TestPageLabels.dir/src/core/PageLabels.cpp.obj
[595/1109] Building CXX object CMakeFiles/TestBatchMode.dir/TestBatchMode_autogen/mocs_compilation.cpp.obj
[596/1109] Building CXX object CMakeFiles/TestPageLabels.dir/src/engines/SafeSave.cpp.obj
[597/1109] Building CXX object CMakeFiles/TestBatchPresets.dir/TestBatchPresets_autogen/mocs_compilation.cpp.obj
[598/1109] Building CXX object CMakeFiles/TestBatchMode.dir/tests/TestBatchMode.cpp.obj
[599/1109] Building CXX object CMakeFiles/TestBatchPresetsP2.dir/TestBatchPresetsP2_autogen/mocs_compilation.cpp.obj
[600/1109] Building CXX object CMakeFiles/TestBatchPresets.dir/tests/TestBatchPresets.cpp.obj
[601/1109] Building CXX object CMakeFiles/TestHotFolder.dir/TestHotFolder_autogen/mocs_compilation.cpp.obj
[602/1109] Building CXX object CMakeFiles/TestHotFolder.dir/tests/TestHotFolder.cpp.obj
[603/1109] Building CXX object CMakeFiles/TestBatchOcrLanguage.dir/TestBatchOcrLanguage_autogen/mocs_compilation.cpp.obj
[604/1109] Building CXX object CMakeFiles/TestBatchPresetsP2.dir/tests/TestBatchPresetsP2.cpp.obj
[605/1109] Building CXX object CMakeFiles/TestBatchOcrSkipText.dir/TestBatchOcrSkipText_autogen/mocs_compilation.cpp.obj
[606/1109] Building CXX object CMakeFiles/TestBatchOcrLanguage.dir/tests/TestBatchOcrLanguage.cpp.obj
[607/1109] Building CXX object CMakeFiles/TestOcrPreprocessPrefs.dir/TestOcrPreprocessPrefs_autogen/mocs_compilation.cpp.obj
[608/1109] Building CXX object CMakeFiles/TestBatchOcrSkipText.dir/tests/TestBatchOcrSkipText.cpp.obj
[609/1109] Building CXX object CMakeFiles/TestBatesCrossDoc.dir/TestBatesCrossDoc_autogen/mocs_compilation.cpp.obj
[610/1109] Building CXX object CMakeFiles/TestOcrPreprocessPrefs.dir/tests/TestOcrPreprocessPrefs.cpp.obj
FAILED: [code=1] CMakeFiles/TestOcrPreprocessPrefs.dir/tests/TestOcrPreprocessPrefs.cpp.obj 
C:\msys64\ucrt64\bin\c++.exe -DGLYPHPDF_QUICKJS_VERSION=\"0.15.1\" -DHAS_OPENJPEG2 -DHAS_PDFIUM -DHAS_QPDF -DHAS_QUICKJS -DHAS_TESSERACT -DMINGW_HAS_SECURE_API=1 -DQT_CONCURRENT_LIB -DQT_CORE_LIB -DQT_GUI_LIB -DQT_NO_DEBUG -DQT_PDFWIDGETS_LIB -DQT_PDF_LIB -DQT_TESTCASE_BUILDDIR=\"D:/pdf/pdf-f-tests/build-rel\" -DQT_TESTCASE_SOURCEDIR=\"D:/pdf/pdf-f-tests\" -DQT_TESTLIB_LIB -DQT_WIDGETS_LIB -DUNICODE -DUSING_QJS_SHARED -DWIN32 -DWIN64 -D_ENABLE_EXTENDED_ALIGNED_STORAGE -D_UNICODE -D_WIN64 -ID:/pdf/pdf-f-tests/build-rel/TestOcrPreprocessPrefs_autogen/include -ID:/pdf/pdf-f-tests/src -ID:/pdf/pdf-f-tests/tests -IC:/msys64/ucrt64/include/leptonica -IC:/msys64/ucrt64/include/libpng16 -IC:/msys64/ucrt64/include/webp -isystem C:/msys64/ucrt64/include/qt6/QtCore -isystem C:/msys64/ucrt64/include/qt6 -isystem C:/msys64/ucrt64/share/qt6/mkspecs/win32-g++ -isystem C:/msys64/ucrt64/include/qt6/QtGui -isystem C:/msys64/ucrt64/include/qt6/QtWidgets -isystem C:/msys64/ucrt64/include/openjpeg-2.5 -isystem D:/pdf/pdf-f-tests/third_party/pdfium/include -isystem D:/pdf/pdf-f-tests/third_party/podofo/install/include -isystem C:/msys64/ucrt64/include/qt6/QtTest -isystem C:/msys64/ucrt64/include/qt6/QtConcurrent -isystem C:/msys64/ucrt64/include/qt6/QtPdf -isystem C:/msys64/ucrt64/include/qt6/QtPdfWidgets -O3 -DNDEBUG -std=gnu++17 -Wall -Wextra -Wno-unused-parameter -Werror=return-type -Werror=unused-result -Werror=shadow -fstack-protector-strong -D_FORTIFY_SOURCE=2 -flto=auto -MD -MT CMakeFiles/TestOcrPreprocessPrefs.dir/tests/TestOcrPreprocessPrefs.cpp.obj -MF CMakeFiles\TestOcrPreprocessPrefs.dir\tests\TestOcrPreprocessPrefs.cpp.obj.d -o CMakeFiles/TestOcrPreprocessPrefs.dir/tests/TestOcrPreprocessPrefs.cpp.obj -c D:/pdf/pdf-f-tests/tests/TestOcrPreprocessPrefs.cpp
D:/pdf/pdf-f-tests/tests/TestOcrPreprocessPrefs.cpp: In member function 'void TestOcrPreprocessPrefs::pipelineConsumesPersistedPrefs()':
D:/pdf/pdf-f-tests/tests/TestOcrPreprocessPrefs.cpp:143:32: error: 'EditController' has not been declared; did you mean 'IToolController'?
  143 |             const auto prefs = EditController::ocrPreprocessPrefsFromSettings();
      |                                ^~~~~~~~~~~~~~
      |                                IToolController
D:/pdf/pdf-f-tests/tests/TestOcrPreprocessPrefs.cpp:155:32: error: 'EditController' has not been declared; did you mean 'IToolController'?
  155 |             const auto prefs = EditController::ocrPreprocessPrefsFromSettings();
      |                                ^~~~~~~~~~~~~~
      |                                IToolController
D:/pdf/pdf-f-tests/tests/TestOcrPreprocessPrefs.cpp:162:32: error: 'EditController' has not been declared; did you mean 'IToolController'?
  162 |             const auto prefs = EditController::ocrPreprocessPrefsFromSettings();
      |                                ^~~~~~~~~~~~~~
      |                                IToolController
D:/pdf/pdf-f-tests/tests/TestOcrPreprocessPrefs.cpp:170:32: error: 'EditController' has not been declared; did you mean 'IToolController'?
  170 |             const auto prefs = EditController::ocrPreprocessPrefsFromSettings();
      |                                ^~~~~~~~~~~~~~
      |                                IToolController
D:/pdf/pdf-f-tests/tests/TestOcrPreprocessPrefs.cpp:179:32: error: 'EditController' has not been declared; did you mean 'IToolController'?
  179 |             const auto prefs = EditController::ocrPreprocessPrefsFromSettings();
      |                                ^~~~~~~~~~~~~~
      |                                IToolController
In file included from C:/msys64/ucrt64/include/qt6/QtTest/qtesteventloop.h:8,
                 from C:/msys64/ucrt64/include/qt6/QtTest/qsignalspy.h:10,
                 from C:/msys64/ucrt64/include/qt6/QtTest/QtTest:10,
                 from D:/pdf/pdf-f-tests/tests/TestOcrPreprocessPrefs.cpp:6:
D:/pdf/pdf-f-tests/tests/TestOcrPreprocessPrefs.cpp:186:18: error: 'EditController' has not been declared; did you mean 'IToolController'?
  186 |         QCOMPARE(EditController::ocrPreprocessPrefsFromSettings().denoise, false);
      |                  ^~~~~~~~~~~~~~
[611/1109] Building CXX object CMakeFiles/TestOpenRouting.dir/TestOpenRouting_autogen/mocs_compilation.cpp.obj
[612/1109] Building CXX object CMakeFiles/TestOpenRouting.dir/tests/TestOpenRouting.cpp.obj
[613/1109] Building CXX object CMakeFiles/TestExcisionCorruption.dir/TestExcisionCorruption_autogen/mocs_compilation.cpp.obj
[614/1109] Building CXX object CMakeFiles/TestBatesCrossDoc.dir/tests/TestBatesCrossDoc.cpp.obj
[615/1109] Building CXX object CMakeFiles/TestBatchOpsCoverage.dir/TestBatchOpsCoverage_autogen/mocs_compilation.cpp.obj
[616/1109] Building CXX object CMakeFiles/TestExcisionCorruption.dir/tests/TestExcisionCorruption.cpp.obj
[617/1109] Building CXX object CMakeFiles/TestPdfACidSetSafety.dir/TestPdfACidSetSafety_autogen/mocs_compilation.cpp.obj
[618/1109] Building CXX object CMakeFiles/TestBatchOpsCoverage.dir/tests/TestBatchOpsCoverage.cpp.obj
[619/1109] Building CXX object CMakeFiles/TestReadingOrderThreshold.dir/TestReadingOrderThreshold_autogen/mocs_compilation.cpp.obj
[620/1109] Building CXX object CMakeFiles/TestPdfACidSetSafety.dir/tests/TestPdfACidSetSafety.cpp.obj
[621/1109] Building CXX object CMakeFiles/TestReadingOrderMcid.dir/TestReadingOrderMcid_autogen/mocs_compilation.cpp.obj
[622/1109] Building CXX object CMakeFiles/TestReadingOrderThreshold.dir/tests/TestReadingOrderThreshold.cpp.obj
[623/1109] Building CXX object CMakeFiles/TestReadingOrderDepthCap.dir/TestReadingOrderDepthCap_autogen/mocs_compilation.cpp.obj
[624/1109] Building CXX object CMakeFiles/TestReadingOrderMcid.dir/tests/TestReadingOrderMcid.cpp.obj
[625/1109] Building CXX object CMakeFiles/TestLinkBookmarkRoundTrip.dir/TestLinkBookmarkRoundTrip_autogen/mocs_compilation.cpp.obj
[626/1109] Building CXX object CMakeFiles/TestReadingOrderDepthCap.dir/tests/TestReadingOrderDepthCap.cpp.obj
[627/1109] Building CXX object CMakeFiles/TestSignatureSessionCache.dir/TestSignatureSessionCache_autogen/mocs_compilation.cpp.obj
[628/1109] Building CXX object CMakeFiles/TestSignatureSessionCache.dir/tests/TestSignatureSessionCache.cpp.obj
[629/1109] Building CXX object CMakeFiles/TestLinkBookmarkRoundTrip.dir/tests/TestLinkBookmarkRoundTrip.cpp.obj
[630/1109] Building CXX object CMakeFiles/TestCapabilityRegistry.dir/TestCapabilityRegistry_autogen/mocs_compilation.cpp.obj
[631/1109] Building CXX object CMakeFiles/TestXfaHonestyBanner.dir/TestXfaHonestyBanner_autogen/mocs_compilation.cpp.obj
[632/1109] Building CXX object CMakeFiles/TestCapabilityRegistry.dir/tests/TestCapabilityRegistry.cpp.obj
[633/1109] Building CXX object CMakeFiles/TestTaskNavRegistry.dir/TestTaskNavRegistry_autogen/mocs_compilation.cpp.obj
[634/1109] Building CXX object CMakeFiles/TestXfaHonestyBanner.dir/tests/TestXfaHonestyBanner.cpp.obj
[635/1109] Building CXX object CMakeFiles/TestScreenStateSync.dir/TestScreenStateSync_autogen/mocs_compilation.cpp.obj
[636/1109] Building CXX object CMakeFiles/TestTaskNavRegistry.dir/tests/TestTaskNavRegistry.cpp.obj
[637/1109] Building CXX object CMakeFiles/TestRibbonCollapse.dir/TestRibbonCollapse_autogen/mocs_compilation.cpp.obj
[638/1109] Building CXX object CMakeFiles/TestScreenStateSync.dir/tests/TestScreenStateSync.cpp.obj
[639/1109] Building CXX object CMakeFiles/TestModeStripPins.dir/TestModeStripPins_autogen/mocs_compilation.cpp.obj
[640/1109] Building CXX object CMakeFiles/TestRibbonCollapse.dir/tests/TestRibbonCollapse.cpp.obj
[641/1109] Building CXX object CMakeFiles/TestStatusBarSlim.dir/TestStatusBarSlim_autogen/mocs_compilation.cpp.obj
[642/1109] Building CXX object CMakeFiles/TestModeStripPins.dir/tests/TestModeStripPins.cpp.obj
[643/1109] Building CXX object CMakeFiles/TestCommentsReview.dir/TestCommentsReview_autogen/mocs_compilation.cpp.obj
[644/1109] Building CXX object CMakeFiles/TestStatusBarSlim.dir/tests/TestStatusBarSlim.cpp.obj
[645/1109] Building CXX object CMakeFiles/TestWelcomeLayout.dir/TestWelcomeLayout_autogen/mocs_compilation.cpp.obj
[646/1109] Building CXX object CMakeFiles/TestCommentsReview.dir/tests/TestCommentsReview.cpp.obj
[647/1109] Building CXX object CMakeFiles/TestSignatureBadges.dir/TestSignatureBadges_autogen/mocs_compilation.cpp.obj
[648/1109] Building CXX object CMakeFiles/TestWelcomeLayout.dir/tests/TestWelcomeLayout.cpp.obj
[649/1109] Building CXX object CMakeFiles/TestBatchOcrConfidence.dir/TestBatchOcrConfidence_autogen/mocs_compilation.cpp.obj
[650/1109] Building CXX object CMakeFiles/TestSignatureBadges.dir/tests/TestSignatureBadges.cpp.obj
[651/1109] Building CXX object CMakeFiles/TestInspector.dir/TestInspector_autogen/mocs_compilation.cpp.obj
[652/1109] Building CXX object CMakeFiles/TestBatchOcrConfidence.dir/tests/TestBatchOcrConfidence.cpp.obj
[653/1109] Building CXX object CMakeFiles/TestPatternRedact.dir/TestPatternRedact_autogen/mocs_compilation.cpp.obj
[654/1109] Building CXX object CMakeFiles/TestInspector.dir/tests/TestInspector.cpp.obj
[655/1109] Building CXX object CMakeFiles/TestFindReplace.dir/TestFindReplace_autogen/mocs_compilation.cpp.obj
[656/1109] Building CXX object CMakeFiles/TestPatternRedact.dir/tests/TestPatternRedact.cpp.obj
[657/1109] Building CXX object CMakeFiles/TestFindReplace.dir/tests/TestFindReplace.cpp.obj
[658/1109] Building CXX object CMakeFiles/TestReviewSummary.dir/TestReviewSummary_autogen/mocs_compilation.cpp.obj
[659/1109] Building CXX object CMakeFiles/TestFindReplace.dir/src/app/Bootstrapper.cpp.obj
[660/1109] Building CXX object CMakeFiles/TestPrintableSummary.dir/TestPrintableSummary_autogen/mocs_compilation.cpp.obj
[661/1109] Building CXX object CMakeFiles/TestReviewSummary.dir/tests/TestReviewSummary.cpp.obj
[662/1109] Building CXX object CMakeFiles/TestDynamicStamps.dir/TestDynamicStamps_autogen/mocs_compilation.cpp.obj
[663/1109] Building CXX object CMakeFiles/TestPrintableSummary.dir/tests/TestPrintableSummary.cpp.obj
[664/1109] Building CXX object CMakeFiles/TestStampImageImport.dir/TestStampImageImport_autogen/mocs_compilation.cpp.obj
[665/1109] Building CXX object CMakeFiles/TestDynamicStamps.dir/tests/TestDynamicStamps.cpp.obj
D:/pdf/pdf-f-tests/tests/TestDynamicStamps.cpp: In member function 'void TestDynamicStamps::customStampsPersistAndReload()':
D:/pdf/pdf-f-tests/tests/TestDynamicStamps.cpp:105:22: warning: missing initializer for member 'StampTemplate::imagePath' [-Wmissing-field-initializers]
  105 |         stamps.append({ QStringLiteral("custom:abc"), QStringLiteral("Escrow Release"),
      |         ~~~~~~~~~~~~~^~~~~~~~~~~~~~~~~~~~~~~~~~~~~~~~~~~~~~~~~~~~~~~~~~~~~~~~~~~~~~~~~~
  106 |                         QStringLiteral("Escrow | ${author} | ${date}"), QColor(0x00, 0x66, 0x00) });
      |                         ~~~~~~~~~~~~~~~~~~~~~~~~~~~~~~~~~~~~~~~~~~~~~~~~~~~~~~~~~~~~~~~~~~~~~~~~~~~
D:/pdf/pdf-f-tests/tests/TestDynamicStamps.cpp:107:22: warning: missing initializer for member 'StampTemplate::imagePath' [-Wmissing-field-initializers]
  107 |         stamps.append({ QStringLiteral("custom:def"), QStringLiteral("Paid"),
      |         ~~~~~~~~~~~~~^~~~~~~~~~~~~~~~~~~~~~~~~~~~~~~~~~~~~~~~~~~~~~~~~~~~~~~~
  108 |                         QStringLiteral("PAID ${datetime}"), QColor(0x66, 0x00, 0x00) });
      |                         ~~~~~~~~~~~~~~~~~~~~~~~~~~~~~~~~~~~~~~~~~~~~~~~~~~~~~~~~~~~~~~~
[666/1109] Building CXX object CMakeFiles/TestAutoBookmarks.dir/TestAutoBookmarks_autogen/mocs_compilation.cpp.obj
[667/1109] Building CXX object CMakeFiles/TestStampImageImport.dir/tests/TestStampImageImport.cpp.obj
[668/1109] Building CXX object CMakeFiles/TestAutoBookmarks.dir/src/app/Bootstrapper.cpp.obj
[669/1109] Building CXX object CMakeFiles/TestDjotRoundtrip.dir/TestDjotRoundtrip_autogen/mocs_compilation.cpp.obj
[670/1109] Building CXX object CMakeFiles/TestAutoBookmarks.dir/tests/TestAutoBookmarks.cpp.obj
[671/1109] Building CXX object CMakeFiles/TestDjotFuzz.dir/TestDjotFuzz_autogen/mocs_compilation.cpp.obj
[672/1109] Building CXX object CMakeFiles/TestDjotRoundtrip.dir/tests/TestDjotRoundtrip.cpp.obj
[673/1109] Building CXX object CMakeFiles/TestUpdateChecker.dir/TestUpdateChecker_autogen/mocs_compilation.cpp.obj
[674/1109] Building CXX object CMakeFiles/TestDjotFuzz.dir/tests/TestDjotFuzz.cpp.obj
[675/1109] Building CXX object CMakeFiles/TestUpdateChecker.dir/tests/TestUpdateChecker.cpp.obj
[676/1109] Building CXX object CMakeFiles/TestUpdateChecker.dir/src/core/UpdateChecker.cpp.obj
[677/1109] Building CXX object CMakeFiles/TestWatermarkFont.dir/TestWatermarkFont_autogen/mocs_compilation.cpp.obj
[678/1109] Building CXX object CMakeFiles/TestUpdateChecker.dir/src/core/TempFileManager.cpp.obj
[679/1109] Building CXX object CMakeFiles/TestOcrLanguage.dir/TestOcrLanguage_autogen/mocs_compilation.cpp.obj
[680/1109] Building CXX object CMakeFiles/TestWatermarkFont.dir/tests/TestWatermarkFont.cpp.obj
[681/1109] Building CXX object CMakeFiles/TestRedactClearMarks.dir/TestRedactClearMarks_autogen/mocs_compilation.cpp.obj
[682/1109] Building CXX object CMakeFiles/TestOcrLanguage.dir/tests/TestOcrLanguage.cpp.obj
[683/1109] Building CXX object CMakeFiles/TestLinkSchemeSafety.dir/TestLinkSchemeSafety_autogen/mocs_compilation.cpp.obj
[684/1109] Building CXX object CMakeFiles/TestRedactClearMarks.dir/tests/TestRedactClearMarks.cpp.obj
[685/1109] Building CXX object CMakeFiles/TestThumbnailZoom.dir/TestThumbnailZoom_autogen/mocs_compilation.cpp.obj
[686/1109] Building CXX object CMakeFiles/TestLinkSchemeSafety.dir/tests/TestLinkSchemeSafety.cpp.obj
[687/1109] Building CXX object CMakeFiles/TestThumbnailOffGui.dir/TestThumbnailOffGui_autogen/mocs_compilation.cpp.obj
[688/1109] Building CXX object CMakeFiles/TestThumbnailZoom.dir/tests/TestThumbnailZoom.cpp.obj
[689/1109] Building CXX object CMakeFiles/TestMergeSuccess.dir/TestMergeSuccess_autogen/mocs_compilation.cpp.obj
[690/1109] Building CXX object CMakeFiles/TestThumbnailOffGui.dir/tests/TestThumbnailOffGui.cpp.obj
[691/1109] Building CXX object CMakeFiles/TestFillFormLock.dir/TestFillFormLock_autogen/mocs_compilation.cpp.obj
[692/1109] Building CXX object CMakeFiles/TestMergeSuccess.dir/tests/TestMergeSuccess.cpp.obj
[693/1109] Building CXX object CMakeFiles/TestFillFormNoOp.dir/TestFillFormNoOp_autogen/mocs_compilation.cpp.obj
[694/1109] Building CXX object CMakeFiles/TestFillFormLock.dir/tests/TestFillFormLock.cpp.obj
[695/1109] Building CXX object CMakeFiles/TestReadingOrderInheritance.dir/TestReadingOrderInheritance_autogen/mocs_compilation.cpp.obj
[696/1109] Building CXX object CMakeFiles/TestFillFormNoOp.dir/tests/TestFillFormNoOp.cpp.obj
[697/1109] Building CXX object CMakeFiles/TestShapeInkPersistence.dir/TestShapeInkPersistence_autogen/mocs_compilation.cpp.obj
[698/1109] Building CXX object CMakeFiles/TestReadingOrderInheritance.dir/tests/TestReadingOrderInheritance.cpp.obj
[699/1109] Building CXX object CMakeFiles/TestQuadPointsMarkup.dir/TestQuadPointsMarkup_autogen/mocs_compilation.cpp.obj
[700/1109] Building CXX object CMakeFiles/TestShapeInkPersistence.dir/tests/TestShapeInkPersistence.cpp.obj
[701/1109] Building CXX object CMakeFiles/TestMeasurePanelHonesty.dir/TestMeasurePanelHonesty_autogen/mocs_compilation.cpp.obj
[702/1109] Building CXX object CMakeFiles/TestQuadPointsMarkup.dir/tests/TestQuadPointsMarkup.cpp.obj
[703/1109] Building CXX object CMakeFiles/TestMeasureCore.dir/TestMeasureCore_autogen/mocs_compilation.cpp.obj
[704/1109] Building CXX object CMakeFiles/TestMeasurePanelHonesty.dir/tests/TestMeasurePanelHonesty.cpp.obj
D:/pdf/pdf-f-tests/tests/TestMeasurePanelHonesty.cpp: In function 'void {anonymous}::layerClick(AnnotationLayer*, const QPointF&)':
D:/pdf/pdf-f-tests/tests/TestMeasurePanelHonesty.cpp:36:53: warning: 'QMouseEvent::QMouseEvent(QEvent::Type, const QPointF&, Qt::MouseButton, Qt::MouseButtons, Qt::KeyboardModifiers, const QPointingDevice*)' is deprecated: Use another constructor [-Wdeprecated-declarations]
   36 |                       Qt::LeftButton, Qt::NoModifier);
      |                                                     ^
In file included from C:/msys64/ucrt64/include/qt6/QtGui/qtestsupport_gui.h:8,
                 from C:/msys64/ucrt64/include/qt6/QtTest/qtestsystem.h:11,
                 from C:/msys64/ucrt64/include/qt6/QtTest/qtest.h:270,
                 from C:/msys64/ucrt64/include/qt6/QtTest/QtTest:11,
                 from D:/pdf/pdf-f-tests/tests/TestMeasurePanelHonesty.cpp:16:
C:/msys64/ucrt64/include/qt6/QtGui/qevent.h:202:5: note: declared here
  202 |     QMouseEvent(Type type, const QPointF &localPos, Qt::MouseButton button,
      |     ^~~~~~~~~~~
D:/pdf/pdf-f-tests/tests/TestMeasurePanelHonesty.cpp:39:55: warning: 'QMouseEvent::QMouseEvent(QEvent::Type, const QPointF&, Qt::MouseButton, Qt::MouseButtons, Qt::KeyboardModifiers, const QPointingDevice*)' is deprecated: Use another constructor [-Wdeprecated-declarations]
   39 |                         Qt::LeftButton, Qt::NoModifier);
      |                                                       ^
C:/msys64/ucrt64/include/qt6/QtGui/qevent.h:202:5: note: declared here
  202 |     QMouseEvent(Type type, const QPointF &localPos, Qt::MouseButton button,
      |     ^~~~~~~~~~~
D:/pdf/pdf-f-tests/tests/TestMeasurePanelHonesty.cpp: In function 'void {anonymous}::layerDoubleClick(AnnotationLayer*, const QPointF&)':
D:/pdf/pdf-f-tests/tests/TestMeasurePanelHonesty.cpp:47:51: warning: 'QMouseEvent::QMouseEvent(QEvent::Type, const QPointF&, Qt::MouseButton, Qt::MouseButtons, Qt::KeyboardModifiers, const QPointingDevice*)' is deprecated: Use another constructor [-Wdeprecated-declarations]
   47 |                     Qt::LeftButton, Qt::NoModifier);
      |                                                   ^
C:/msys64/ucrt64/include/qt6/QtGui/qevent.h:202:5: note: declared here
  202 |     QMouseEvent(Type type, const QPointF &localPos, Qt::MouseButton button,
      |     ^~~~~~~~~~~
D:/pdf/pdf-f-tests/tests/TestMeasurePanelHonesty.cpp:50:55: warning: 'QMouseEvent::QMouseEvent(QEvent::Type, const QPointF&, Qt::MouseButton, Qt::MouseButtons, Qt::KeyboardModifiers, const QPointingDevice*)' is deprecated: Use another constructor [-Wdeprecated-declarations]
   50 |                         Qt::LeftButton, Qt::NoModifier);
      |                                                       ^
C:/msys64/ucrt64/include/qt6/QtGui/qevent.h:202:5: note: declared here
  202 |     QMouseEvent(Type type, const QPointF &localPos, Qt::MouseButton button,
      |     ^~~~~~~~~~~
[705/1109] Building CXX object CMakeFiles/TestMeasureRoundTrip.dir/TestMeasureRoundTrip_autogen/mocs_compilation.cpp.obj
[706/1109] Building CXX object CMakeFiles/TestMeasureCore.dir/tests/TestMeasureCore.cpp.obj
[707/1109] Building CXX object CMakeFiles/TestLegacyOriginSpace.dir/TestLegacyOriginSpace_autogen/mocs_compilation.cpp.obj
[708/1109] Building CXX object CMakeFiles/TestMeasureRoundTrip.dir/tests/TestMeasureRoundTrip.cpp.obj
[709/1109] Building CXX object CMakeFiles/TestMeasureCsvExport.dir/TestMeasureCsvExport_autogen/mocs_compilation.cpp.obj
[710/1109] Building CXX object CMakeFiles/TestLegacyOriginSpace.dir/tests/TestLegacyOriginSpace.cpp.obj
D:/pdf/pdf-f-tests/tests/TestLegacyOriginSpace.cpp: In function 'constexpr bool {anonymous}::rectClose(const QRectF&, const QRectF&)':
D:/pdf/pdf-f-tests/tests/TestLegacyOriginSpace.cpp:52:21: warning: call to non-'constexpr' function 'double fabs(double)' [-Winvalid-constexpr]
   52 |     return std::fabs(a.x() - b.x()) < 0.01 && std::fabs(a.y() - b.y()) < 0.01
      |            ~~~~~~~~~^~~~~~~~~~~~~~~
In file included from D:/pdf/msys64/ucrt64/include/c++/16.1.0/cmath:55,
                 from C:/msys64/ucrt64/include/qt6/QtCore/qnumeric.h:19,
                 from C:/msys64/ucrt64/include/qt6/QtCore/qglobal.h:60,
                 from C:/msys64/ucrt64/include/qt6/QtCore/QtCore:4,
                 from C:/msys64/ucrt64/include/qt6/QtTest/QtTestDepends:3,
                 from C:/msys64/ucrt64/include/qt6/QtTest/QtTest:3,
                 from D:/pdf/pdf-f-tests/tests/TestLegacyOriginSpace.cpp:27:
D:/pdf/msys64/ucrt64/include/math.h:229:31: note: 'double fabs(double)' declared here
  229 |   __CRT_INLINE double __cdecl fabs (double x)
      |                               ^~~~
[711/1109] Building CXX object CMakeFiles/TestCompressStripSanitize.dir/TestCompressStripSanitize_autogen/mocs_compilation.cpp.obj
[712/1109] Building CXX object CMakeFiles/TestMeasureCsvExport.dir/tests/TestMeasureCsvExport.cpp.obj
[713/1109] Building CXX object CMakeFiles/TestCompressDialogHonesty.dir/TestCompressDialogHonesty_autogen/mocs_compilation.cpp.obj
[714/1109] Building CXX object CMakeFiles/TestCompressStripSanitize.dir/tests/TestCompressStripSanitize.cpp.obj
[715/1109] Building CXX object CMakeFiles/TestFieldMetadata.dir/TestFieldMetadata_autogen/mocs_compilation.cpp.obj
[716/1109] Building CXX object CMakeFiles/TestCompressDialogHonesty.dir/tests/TestCompressDialogHonesty.cpp.obj
[717/1109] Building CXX object CMakeFiles/TestFormSafety.dir/TestFormSafety_autogen/mocs_compilation.cpp.obj
[718/1109] Building CXX object CMakeFiles/TestFieldMetadata.dir/tests/TestFieldMetadata.cpp.obj
[719/1109] Building CXX object CMakeFiles/TestFormJsCalc.dir/TestFormJsCalc_autogen/mocs_compilation.cpp.obj
[720/1109] Building CXX object CMakeFiles/TestFormSafety.dir/tests/TestFormSafety.cpp.obj
[721/1109] Building CXX object CMakeFiles/TestFormJsAdversarial.dir/TestFormJsAdversarial_autogen/mocs_compilation.cpp.obj
[722/1109] Building CXX object CMakeFiles/TestFormJsCalc.dir/tests/TestFormJsCalc.cpp.obj
D:/pdf/pdf-f-tests/tests/TestFormJsCalc.cpp: In member function 'QString TestFormJsCalc::makeOrderForm(const QString&)':
D:/pdf/pdf-f-tests/tests/TestFormJsCalc.cpp:281:27: warning: missing initializer for member '{anonymous}::FieldSpec::validateScript' [-Wmissing-field-initializers]
  281 |         return makeFormPdf(name,
      |                ~~~~~~~~~~~^~~~~~
  282 |         {
      |         ~                  
  283 |             { QStringLiteral("qty1"), {}, {}, {} },
      |             ~~~~~~~~~~~~~~~~~~~~~~~~~~~~~~~~~~~~~~~
  284 |             { QStringLiteral("price1"), {}, {}, {} },
      |             ~~~~~~~~~~~~~~~~~~~~~~~~~~~~~~~~~~~~~~~~~
  285 |             { QStringLiteral("qty2"), {}, {}, {} },
      |             ~~~~~~~~~~~~~~~~~~~~~~~~~~~~~~~~~~~~~~~
  286 |             { QStringLiteral("price2"), {}, {}, {} },
      |             ~~~~~~~~~~~~~~~~~~~~~~~~~~~~~~~~~~~~~~~~~
  287 |             { QStringLiteral("line1"),
      |             ~~~~~~~~~~~~~~~~~~~~~~~~~~
  288 |               QStringLiteral("AFSimple_Calculate('PROD', new Array('qty1','price1'));"), {}, {} },
      |               ~~~~~~~~~~~~~~~~~~~~~~~~~~~~~~~~~~~~~~~~~~~~~~~~~~~~~~~~~~~~~~~~~~~~~~~~~~~~~~~~~~~~
  289 |             { QStringLiteral("line2"),
      |             ~~~~~~~~~~~~~~~~~~~~~~~~~~
  290 |               QStringLiteral("AFSimple_Calculate('PROD', new Array('qty2','price2'));"), {}, {} },
      |               ~~~~~~~~~~~~~~~~~~~~~~~~~~~~~~~~~~~~~~~~~~~~~~~~~~~~~~~~~~~~~~~~~~~~~~~~~~~~~~~~~~~~
  291 |             { QStringLiteral("total"),
      |             ~~~~~~~~~~~~~~~~~~~~~~~~~~
  292 |               QStringLiteral("AFSimple_Calculate('SUM', new Array('line1','line2'));"),
      |               ~~~~~~~~~~~~~~~~~~~~~~~~~~~~~~~~~~~~~~~~~~~~~~~~~~~~~~~~~~~~~~~~~~~~~~~~~
  293 |               QStringLiteral("AFNumber_Format(2, 0, 0, 0, \"$\", true);"), {} },
      |               ~~~~~~~~~~~~~~~~~~~~~~~~~~~~~~~~~~~~~~~~~~~~~~~~~~~~~~~~~~~~~~~~~~
  294 |         },
      |         ~~                 
  295 |         { QStringLiteral("line1"), QStringLiteral("line2"), QStringLiteral("total") });
      |         ~~~~~~~~~~~~~~~~~~~~~~~~~~~~~~~~~~~~~~~~~~~~~~~~~~~~~~~~~~~~~~~~~~~~~~~~~~~~~~
D:/pdf/pdf-f-tests/tests/TestFormJsCalc.cpp:281:27: warning: missing initializer for member '{anonymous}::FieldSpec::keystrokeScript' [-Wmissing-field-initializers]
D:/pdf/pdf-f-tests/tests/TestFormJsCalc.cpp:281:27: warning: missing initializer for member '{anonymous}::FieldSpec::validateScript' [-Wmissing-field-initializers]
D:/pdf/pdf-f-tests/tests/TestFormJsCalc.cpp:281:27: warning: missing initializer for member '{anonymous}::FieldSpec::keystrokeScript' [-Wmissing-field-initializers]
D:/pdf/pdf-f-tests/tests/TestFormJsCalc.cpp:281:27: warning: missing initializer for member '{anonymous}::FieldSpec::validateScript' [-Wmissing-field-initializers]
D:/pdf/pdf-f-tests/tests/TestFormJsCalc.cpp:281:27: warning: missing initializer for member '{anonymous}::FieldSpec::keystrokeScript' [-Wmissing-field-initializers]
D:/pdf/pdf-f-tests/tests/TestFormJsCalc.cpp:281:27: warning: missing initializer for member '{anonymous}::FieldSpec::validateScript' [-Wmissing-field-initializers]
D:/pdf/pdf-f-tests/tests/TestFormJsCalc.cpp:281:27: warning: missing initializer for member '{anonymous}::FieldSpec::keystrokeScript' [-Wmissing-field-initializers]
D:/pdf/pdf-f-tests/tests/TestFormJsCalc.cpp:281:27: warning: missing initializer for member '{anonymous}::FieldSpec::validateScript' [-Wmissing-field-initializers]
D:/pdf/pdf-f-tests/tests/TestFormJsCalc.cpp:281:27: warning: missing initializer for member '{anonymous}::FieldSpec::keystrokeScript' [-Wmissing-field-initializers]
D:/pdf/pdf-f-tests/tests/TestFormJsCalc.cpp:281:27: warning: missing initializer for member '{anonymous}::FieldSpec::validateScript' [-Wmissing-field-initializers]
D:/pdf/pdf-f-tests/tests/TestFormJsCalc.cpp:281:27: warning: missing initializer for member '{anonymous}::FieldSpec::keystrokeScript' [-Wmissing-field-initializers]
D:/pdf/pdf-f-tests/tests/TestFormJsCalc.cpp:281:27: warning: missing initializer for member '{anonymous}::FieldSpec::validateScript' [-Wmissing-field-initializers]
D:/pdf/pdf-f-tests/tests/TestFormJsCalc.cpp:281:27: warning: missing initializer for member '{anonymous}::FieldSpec::keystrokeScript' [-Wmissing-field-initializers]
D:/pdf/pdf-f-tests/tests/TestFormJsCalc.cpp: In member function 'void TestFormJsCalc::endEventTimeoutKeepsValueAndDisclosesSkipped()':
D:/pdf/pdf-f-tests/tests/TestFormJsCalc.cpp:936:37: warning: missing initializer for member '{anonymous}::FieldSpec::validateScript' [-Wmissing-field-initializers]
  936 |     const QString form = makeFormPdf(QStringLiteral("order-endhook.pdf"),
      |                          ~~~~~~~~~~~^~~~~~~~~~~~~~~~~~~~~~~~~~~~~~~~~~~~~
  937 |     {
      |     ~                                
  938 |         { QStringLiteral("qty1"), {}, {}, {} },
      |         ~~~~~~~~~~~~~~~~~~~~~~~~~~~~~~~~~~~~~~~
  939 |         { QStringLiteral("blocker"),
      |         ~~~~~~~~~~~~~~~~~~~~~~~~~~~~ 
  940 |           QStringLiteral("globalThis.__gpEndEvent = function () { while (true) {} }; event.value = 'x';"), {}, {} },
      |           ~~~~~~~~~~~~~~~~~~~~~~~~~~~~~~~~~~~~~~~~~~~~~~~~~~~~~~~~~~~~~~~~~~~~~~~~~~~~~~~~~~~~~~~~~~~~~~~~~~~~~~~~~~
  941 |         { QStringLiteral("total"),
      |         ~~~~~~~~~~~~~~~~~~~~~~~~~~   
  942 |           QStringLiteral("AFSimple_Calculate('SUM', new Array('qty1'));"), {}, QStringLiteral("0") },
      |           ~~~~~~~~~~~~~~~~~~~~~~~~~~~~~~~~~~~~~~~~~~~~~~~~~~~~~~~~~~~~~~~~~~~~~~~~~~~~~~~~~~~~~~~~~~~
  943 |     },
      |     ~~                               
  944 |     { QStringLiteral("blocker"), QStringLiteral("total") });
      |     ~~~~~~~~~~~~~~~~~~~~~~~~~~~~~~~~~~~~~~~~~~~~~~~~~~~~~~~
D:/pdf/pdf-f-tests/tests/TestFormJsCalc.cpp:936:37: warning: missing initializer for member '{anonymous}::FieldSpec::keystrokeScript' [-Wmissing-field-initializers]
D:/pdf/pdf-f-tests/tests/TestFormJsCalc.cpp:936:37: warning: missing initializer for member '{anonymous}::FieldSpec::validateScript' [-Wmissing-field-initializers]
D:/pdf/pdf-f-tests/tests/TestFormJsCalc.cpp:936:37: warning: missing initializer for member '{anonymous}::FieldSpec::keystrokeScript' [-Wmissing-field-initializers]
D:/pdf/pdf-f-tests/tests/TestFormJsCalc.cpp:936:37: warning: missing initializer for member '{anonymous}::FieldSpec::validateScript' [-Wmissing-field-initializers]
D:/pdf/pdf-f-tests/tests/TestFormJsCalc.cpp:936:37: warning: missing initializer for member '{anonymous}::FieldSpec::keystrokeScript' [-Wmissing-field-initializers]
D:/pdf/pdf-f-tests/tests/TestFormJsCalc.cpp: In member function 'void TestFormJsCalc::syntaxErrorKeepsCommittedValueAndOthersCalculate()':
D:/pdf/pdf-f-tests/tests/TestFormJsCalc.cpp:1051:37: warning: missing initializer for member '{anonymous}::FieldSpec::validateScript' [-Wmissing-field-initializers]
 1051 |     const QString form = makeFormPdf(QStringLiteral("order-syntax.pdf"),
      |                          ~~~~~~~~~~~^~~~~~~~~~~~~~~~~~~~~~~~~~~~~~~~~~~~
 1052 |     {
      |     ~                                
 1053 |         { QStringLiteral("qty1"), {}, {}, {} },
      |         ~~~~~~~~~~~~~~~~~~~~~~~~~~~~~~~~~~~~~~~
 1054 |         { QStringLiteral("price1"), {}, {}, {} },
      |         ~~~~~~~~~~~~~~~~~~~~~~~~~~~~~~~~~~~~~~~~~
 1055 |         { QStringLiteral("qty2"), {}, {}, {} },
      |         ~~~~~~~~~~~~~~~~~~~~~~~~~~~~~~~~~~~~~~~
 1056 |         { QStringLiteral("price2"), {}, {}, {} },
      |         ~~~~~~~~~~~~~~~~~~~~~~~~~~~~~~~~~~~~~~~~~
 1057 |         { QStringLiteral("line1"), QStringLiteral("AFSimple_Calculate('PROD'"), {}, {} }, // syntax error
      |         ~~~~~~~~~~~~~~~~~~~~~~~~~~~~~~~~~~~~~~~~~~~~~~~~~~~~~~~~~~~~~~~~~~~~~~~~~~~~~~~~~~~~~~~~~~~~~~~~~
 1058 |         { QStringLiteral("line2"),
      |         ~~~~~~~~~~~~~~~~~~~~~~~~~~   
 1059 |           QStringLiteral("AFSimple_Calculate('PROD', new Array('qty2','price2'));"), {}, {} },
      |           ~~~~~~~~~~~~~~~~~~~~~~~~~~~~~~~~~~~~~~~~~~~~~~~~~~~~~~~~~~~~~~~~~~~~~~~~~~~~~~~~~~~~
 1060 |         { QStringLiteral("total"),
      |         ~~~~~~~~~~~~~~~~~~~~~~~~~~   
 1061 |           QStringLiteral("AFSimple_Calculate('SUM', new Array('line1','line2'));"), {}, {} },
      |           ~~~~~~~~~~~~~~~~~~~~~~~~~~~~~~~~~~~~~~~~~~~~~~~~~~~~~~~~~~~~~~~~~~~~~~~~~~~~~~~~~~~
 1062 |     },
      |     ~~                               
 1063 |     { QStringLiteral("line1"), QStringLiteral("line2"), QStringLiteral("total") });
      |     ~~~~~~~~~~~~~~~~~~~~~~~~~~~~~~~~~~~~~~~~~~~~~~~~~~~~~~~~~~~~~~~~~~~~~~~~~~~~~~
D:/pdf/pdf-f-tests/tests/TestFormJsCalc.cpp:1051:37: warning: missing initializer for member '{anonymous}::FieldSpec::keystrokeScript' [-Wmissing-field-initializers]
D:/pdf/pdf-f-tests/tests/TestFormJsCalc.cpp:1051:37: warning: missing initializer for member '{anonymous}::FieldSpec::validateScript' [-Wmissing-field-initializers]
D:/pdf/pdf-f-tests/tests/TestFormJsCalc.cpp:1051:37: warning: missing initializer for member '{anonymous}::FieldSpec::keystrokeScript' [-Wmissing-field-initializers]
D:/pdf/pdf-f-tests/tests/TestFormJsCalc.cpp:1051:37: warning: missing initializer for member '{anonymous}::FieldSpec::validateScript' [-Wmissing-field-initializers]
D:/pdf/pdf-f-tests/tests/TestFormJsCalc.cpp:1051:37: warning: missing initializer for member '{anonymous}::FieldSpec::keystrokeScript' [-Wmissing-field-initializers]
D:/pdf/pdf-f-tests/tests/TestFormJsCalc.cpp:1051:37: warning: missing initializer for member '{anonymous}::FieldSpec::validateScript' [-Wmissing-field-initializers]
D:/pdf/pdf-f-tests/tests/TestFormJsCalc.cpp:1051:37: warning: missing initializer for member '{anonymous}::FieldSpec::keystrokeScript' [-Wmissing-field-initializers]
D:/pdf/pdf-f-tests/tests/TestFormJsCalc.cpp:1051:37: warning: missing initializer for member '{anonymous}::FieldSpec::validateScript' [-Wmissing-field-initializers]
D:/pdf/pdf-f-tests/tests/TestFormJsCalc.cpp:1051:37: warning: missing initializer for member '{anonymous}::FieldSpec::keystrokeScript' [-Wmissing-field-initializers]
D:/pdf/pdf-f-tests/tests/TestFormJsCalc.cpp:1051:37: warning: missing initializer for member '{anonymous}::FieldSpec::validateScript' [-Wmissing-field-initializers]
D:/pdf/pdf-f-tests/tests/TestFormJsCalc.cpp:1051:37: warning: missing initializer for member '{anonymous}::FieldSpec::keystrokeScript' [-Wmissing-field-initializers]
D:/pdf/pdf-f-tests/tests/TestFormJsCalc.cpp:1051:37: warning: missing initializer for member '{anonymous}::FieldSpec::validateScript' [-Wmissing-field-initializers]
D:/pdf/pdf-f-tests/tests/TestFormJsCalc.cpp:1051:37: warning: missing initializer for member '{anonymous}::FieldSpec::keystrokeScript' [-Wmissing-field-initializers]
D:/pdf/pdf-f-tests/tests/TestFormJsCalc.cpp: In member function 'void TestFormJsCalc::infiniteLoopKeepsValueAndSaveProceeds()':
D:/pdf/pdf-f-tests/tests/TestFormJsCalc.cpp:1088:37: warning: missing initializer for member '{anonymous}::FieldSpec::validateScript' [-Wmissing-field-initializers]
 1088 |     const QString form = makeFormPdf(QStringLiteral("order-loop.pdf"),
      |                          ~~~~~~~~~~~^~~~~~~~~~~~~~~~~~~~~~~~~~~~~~~~~~
 1089 |     {
      |     ~                                
 1090 |         { QStringLiteral("qty1"), {}, {}, {} },
      |         ~~~~~~~~~~~~~~~~~~~~~~~~~~~~~~~~~~~~~~~
 1091 |         { QStringLiteral("total"), QStringLiteral("while (true) {}"), {}, QStringLiteral("99") },
      |         ~~~~~~~~~~~~~~~~~~~~~~~~~~~~~~~~~~~~~~~~~~~~~~~~~~~~~~~~~~~~~~~~~~~~~~~~~~~~~~~~~~~~~~~~~
 1092 |     },
      |     ~~                               
 1093 |     { QStringLiteral("total") });
      |     ~~~~~~~~~~~~~~~~~~~~~~~~~~~~     
D:/pdf/pdf-f-tests/tests/TestFormJsCalc.cpp:1088:37: warning: missing initializer for member '{anonymous}::FieldSpec::keystrokeScript' [-Wmissing-field-initializers]
D:/pdf/pdf-f-tests/tests/TestFormJsCalc.cpp:1088:37: warning: missing initializer for member '{anonymous}::FieldSpec::validateScript' [-Wmissing-field-initializers]
D:/pdf/pdf-f-tests/tests/TestFormJsCalc.cpp:1088:37: warning: missing initializer for member '{anonymous}::FieldSpec::keystrokeScript' [-Wmissing-field-initializers]
D:/pdf/pdf-f-tests/tests/TestFormJsCalc.cpp: In member function 'void TestFormJsCalc::cyclicCalculationOrderTerminates()':
D:/pdf/pdf-f-tests/tests/TestFormJsCalc.cpp:1120:37: warning: missing initializer for member '{anonymous}::FieldSpec::validateScript' [-Wmissing-field-initializers]
 1120 |     const QString form = makeFormPdf(QStringLiteral("cyclic-co.pdf"),
      |                          ~~~~~~~~~~~^~~~~~~~~~~~~~~~~~~~~~~~~~~~~~~~~
 1121 |     {
      |     ~                                
 1122 |         { QStringLiteral("a"), QStringLiteral("event.value = 1;"), {}, {} },
      |         ~~~~~~~~~~~~~~~~~~~~~~~~~~~~~~~~~~~~~~~~~~~~~~~~~~~~~~~~~~~~~~~~~~~~
 1123 |         { QStringLiteral("b"), QStringLiteral("AFSimple_Calculate('SUM', new Array('a'));"), {}, {} },
      |         ~~~~~~~~~~~~~~~~~~~~~~~~~~~~~~~~~~~~~~~~~~~~~~~~~~~~~~~~~~~~~~~~~~~~~~~~~~~~~~~~~~~~~~~~~~~~~~
 1124 |     },
      |     ~~                               
 1125 |     { QStringLiteral("a"), QStringLiteral("b"), QStringLiteral("a") }); // cycle
      |     ~~~~~~~~~~~~~~~~~~~~~~~~~~~~~~~~~~~~~~~~~~~~~~~~~~~~~~~~~~~~~~~~~~
D:/pdf/pdf-f-tests/tests/TestFormJsCalc.cpp:1120:37: warning: missing initializer for member '{anonymous}::FieldSpec::keystrokeScript' [-Wmissing-field-initializers]
D:/pdf/pdf-f-tests/tests/TestFormJsCalc.cpp:1120:37: warning: missing initializer for member '{anonymous}::FieldSpec::validateScript' [-Wmissing-field-initializers]
D:/pdf/pdf-f-tests/tests/TestFormJsCalc.cpp:1120:37: warning: missing initializer for member '{anonymous}::FieldSpec::keystrokeScript' [-Wmissing-field-initializers]
D:/pdf/pdf-f-tests/tests/TestFormJsCalc.cpp: In member function 'void TestFormJsCalc::dependentChainMidCascadeFailureIsFieldAttributedAndDownstreamComputesFromCommittedState()':
D:/pdf/pdf-f-tests/tests/TestFormJsCalc.cpp:1290:37: warning: missing initializer for member '{anonymous}::FieldSpec::validateScript' [-Wmissing-field-initializers]
 1290 |     const QString form = makeFormPdf(QStringLiteral("chain-exception.pdf"),
      |                          ~~~~~~~~~~~^~~~~~~~~~~~~~~~~~~~~~~~~~~~~~~~~~~~~~~
 1291 |     {
      |     ~                                
 1292 |         { QStringLiteral("input"), {}, {}, {} },
      |         ~~~~~~~~~~~~~~~~~~~~~~~~~~~~~~~~~~~~~~~~
 1293 |         { QStringLiteral("a"), QStringLiteral("event.value = Number(this.getField('input').value);"), {}, {} },
      |         ~~~~~~~~~~~~~~~~~~~~~~~~~~~~~~~~~~~~~~~~~~~~~~~~~~~~~~~~~~~~~~~~~~~~~~~~~~~~~~~~~~~~~~~~~~~~~~~~~~~~~~~
 1294 |         { QStringLiteral("b"), QStringLiteral("throw new Error('boom');"), {}, QStringLiteral("7") },
      |         ~~~~~~~~~~~~~~~~~~~~~~~~~~~~~~~~~~~~~~~~~~~~~~~~~~~~~~~~~~~~~~~~~~~~~~~~~~~~~~~~~~~~~~~~~~~~~
 1295 |         { QStringLiteral("total"),
      |         ~~~~~~~~~~~~~~~~~~~~~~~~~~   
 1296 |           QStringLiteral("AFSimple_Calculate('SUM', new Array('a','b'));"), {}, QStringLiteral("0") },
      |           ~~~~~~~~~~~~~~~~~~~~~~~~~~~~~~~~~~~~~~~~~~~~~~~~~~~~~~~~~~~~~~~~~~~~~~~~~~~~~~~~~~~~~~~~~~~~
 1297 |     },
      |     ~~                               
 1298 |     { QStringLiteral("a"), QStringLiteral("b"), QStringLiteral("total") });
      |     ~~~~~~~~~~~~~~~~~~~~~~~~~~~~~~~~~~~~~~~~~~~~~~~~~~~~~~~~~~~~~~~~~~~~~~
D:/pdf/pdf-f-tests/tests/TestFormJsCalc.cpp:1290:37: warning: missing initializer for member '{anonymous}::FieldSpec::keystrokeScript' [-Wmissing-field-initializers]
D:/pdf/pdf-f-tests/tests/TestFormJsCalc.cpp:1290:37: warning: missing initializer for member '{anonymous}::FieldSpec::validateScript' [-Wmissing-field-initializers]
D:/pdf/pdf-f-tests/tests/TestFormJsCalc.cpp:1290:37: warning: missing initializer for member '{anonymous}::FieldSpec::keystrokeScript' [-Wmissing-field-initializers]
D:/pdf/pdf-f-tests/tests/TestFormJsCalc.cpp:1290:37: warning: missing initializer for member '{anonymous}::FieldSpec::validateScript' [-Wmissing-field-initializers]
D:/pdf/pdf-f-tests/tests/TestFormJsCalc.cpp:1290:37: warning: missing initializer for member '{anonymous}::FieldSpec::keystrokeScript' [-Wmissing-field-initializers]
D:/pdf/pdf-f-tests/tests/TestFormJsCalc.cpp:1290:37: warning: missing initializer for member '{anonymous}::FieldSpec::validateScript' [-Wmissing-field-initializers]
D:/pdf/pdf-f-tests/tests/TestFormJsCalc.cpp:1290:37: warning: missing initializer for member '{anonymous}::FieldSpec::keystrokeScript' [-Wmissing-field-initializers]
D:/pdf/pdf-f-tests/tests/TestFormJsCalc.cpp: In member function 'void TestFormJsCalc::dependentChainTimeoutAbortsMidCascadeAndDisclosesDownstreamStale()':
D:/pdf/pdf-f-tests/tests/TestFormJsCalc.cpp:1333:37: warning: missing initializer for member '{anonymous}::FieldSpec::validateScript' [-Wmissing-field-initializers]
 1333 |     const QString form = makeFormPdf(QStringLiteral("chain-timeout.pdf"),
      |                          ~~~~~~~~~~~^~~~~~~~~~~~~~~~~~~~~~~~~~~~~~~~~~~~~
 1334 |     {
      |     ~                                
 1335 |         { QStringLiteral("input"), {}, {}, {} },
      |         ~~~~~~~~~~~~~~~~~~~~~~~~~~~~~~~~~~~~~~~~
 1336 |         { QStringLiteral("a"), QStringLiteral("event.value = Number(this.getField('input').value);"), {}, {} },
      |         ~~~~~~~~~~~~~~~~~~~~~~~~~~~~~~~~~~~~~~~~~~~~~~~~~~~~~~~~~~~~~~~~~~~~~~~~~~~~~~~~~~~~~~~~~~~~~~~~~~~~~~~
 1337 |         { QStringLiteral("b"),
      |         ~~~~~~~~~~~~~~~~~~~~~~       
 1338 |           QStringLiteral("while (true) {}"), {}, QStringLiteral("7") },
      |           ~~~~~~~~~~~~~~~~~~~~~~~~~~~~~~~~~~~~~~~~~~~~~~~~~~~~~~~~~~~~~
 1339 |         { QStringLiteral("total"),
      |         ~~~~~~~~~~~~~~~~~~~~~~~~~~   
 1340 |           QStringLiteral("AFSimple_Calculate('SUM', new Array('a','b'));"), {}, QStringLiteral("0") },
      |           ~~~~~~~~~~~~~~~~~~~~~~~~~~~~~~~~~~~~~~~~~~~~~~~~~~~~~~~~~~~~~~~~~~~~~~~~~~~~~~~~~~~~~~~~~~~~
 1341 |     },
      |     ~~                               
 1342 |     { QStringLiteral("a"), QStringLiteral("b"), QStringLiteral("total") });
      |     ~~~~~~~~~~~~~~~~~~~~~~~~~~~~~~~~~~~~~~~~~~~~~~~~~~~~~~~~~~~~~~~~~~~~~~
D:/pdf/pdf-f-tests/tests/TestFormJsCalc.cpp:1333:37: warning: missing initializer for member '{anonymous}::FieldSpec::keystrokeScript' [-Wmissing-field-initializers]
D:/pdf/pdf-f-tests/tests/TestFormJsCalc.cpp:1333:37: warning: missing initializer for member '{anonymous}::FieldSpec::validateScript' [-Wmissing-field-initializers]
D:/pdf/pdf-f-tests/tests/TestFormJsCalc.cpp:1333:37: warning: missing initializer for member '{anonymous}::FieldSpec::keystrokeScript' [-Wmissing-field-initializers]
D:/pdf/pdf-f-tests/tests/TestFormJsCalc.cpp:1333:37: warning: missing initializer for member '{anonymous}::FieldSpec::validateScript' [-Wmissing-field-initializers]
D:/pdf/pdf-f-tests/tests/TestFormJsCalc.cpp:1333:37: warning: missing initializer for member '{anonymous}::FieldSpec::keystrokeScript' [-Wmissing-field-initializers]
D:/pdf/pdf-f-tests/tests/TestFormJsCalc.cpp:1333:37: warning: missing initializer for member '{anonymous}::FieldSpec::validateScript' [-Wmissing-field-initializers]
D:/pdf/pdf-f-tests/tests/TestFormJsCalc.cpp:1333:37: warning: missing initializer for member '{anonymous}::FieldSpec::keystrokeScript' [-Wmissing-field-initializers]
D:/pdf/pdf-f-tests/tests/TestFormJsCalc.cpp: In member function 'void TestFormJsCalc::preCascadeEngineFailureNamesEveryCalculatedFieldStale()':
D:/pdf/pdf-f-tests/tests/TestFormJsCalc.cpp:1377:37: warning: missing initializer for member '{anonymous}::FieldSpec::validateScript' [-Wmissing-field-initializers]
 1377 |     const QString form = makeFormPdf(QStringLiteral("chain-precascade.pdf"),
      |                          ~~~~~~~~~~~^~~~~~~~~~~~~~~~~~~~~~~~~~~~~~~~~~~~~~~~
 1378 |     {
      |     ~                                
 1379 |         big,
      |         ~~~~                         
 1380 |         { QStringLiteral("total"),
      |         ~~~~~~~~~~~~~~~~~~~~~~~~~~   
 1381 |           QStringLiteral("AFSimple_Calculate('SUM', new Array('big'));"), {}, QStringLiteral("0") },
      |           ~~~~~~~~~~~~~~~~~~~~~~~~~~~~~~~~~~~~~~~~~~~~~~~~~~~~~~~~~~~~~~~~~~~~~~~~~~~~~~~~~~~~~~~~~~
 1382 |     },
      |     ~~                               
 1383 |     { QStringLiteral("total") });
      |     ~~~~~~~~~~~~~~~~~~~~~~~~~~~~     
D:/pdf/pdf-f-tests/tests/TestFormJsCalc.cpp:1377:37: warning: missing initializer for member '{anonymous}::FieldSpec::keystrokeScript' [-Wmissing-field-initializers]
D:/pdf/pdf-f-tests/tests/TestFormJsCalc.cpp: In member function 'void TestFormJsCalc::validateRejectsBlockedValueKeepsPreviousAndDiscloses()':
D:/pdf/pdf-f-tests/tests/TestFormJsCalc.cpp:1417:37: warning: missing initializer for member '{anonymous}::FieldSpec::keystrokeScript' [-Wmissing-field-initializers]
 1417 |     const QString form = makeFormPdf(QStringLiteral("validate-reject.pdf"),
      |                          ~~~~~~~~~~~^~~~~~~~~~~~~~~~~~~~~~~~~~~~~~~~~~~~~~~
 1418 |     {
      |     ~                                
 1419 |         { QStringLiteral("qty"), {}, {}, QStringLiteral("3"),
      |         ~~~~~~~~~~~~~~~~~~~~~~~~~~~~~~~~~~~~~~~~~~~~~~~~~~~~~
 1420 |           QStringLiteral("if (Number(event.value) > 10) { event.rc = false; }") },
      |           ~~~~~~~~~~~~~~~~~~~~~~~~~~~~~~~~~~~~~~~~~~~~~~~~~~~~~~~~~~~~~~~~~~~~~~~~
 1421 |         { QStringLiteral("note"), {}, {}, {}, {} },
      |         ~~~~~~~~~~~~~~~~~~~~~~~~~~~~~~~~~~~~~~~~~~~
 1422 |     },
      |     ~~                               
 1423 |     {});
      |     ~~~                              
D:/pdf/pdf-f-tests/tests/TestFormJsCalc.cpp:1417:37: warning: missing initializer for member '{anonymous}::FieldSpec::keystrokeScript' [-Wmissing-field-initializers]
D:/pdf/pdf-f-tests/tests/TestFormJsCalc.cpp: In member function 'void TestFormJsCalc::validateTransformsTheValueAcrobatSemantics()':
D:/pdf/pdf-f-tests/tests/TestFormJsCalc.cpp:1450:37: warning: missing initializer for member '{anonymous}::FieldSpec::keystrokeScript' [-Wmissing-field-initializers]
 1450 |     const QString form = makeFormPdf(QStringLiteral("validate-transform.pdf"),
      |                          ~~~~~~~~~~~^~~~~~~~~~~~~~~~~~~~~~~~~~~~~~~~~~~~~~~~~~
 1451 |     {
      |     ~                                
 1452 |         { QStringLiteral("qty"), {}, {}, QStringLiteral("0"),
      |         ~~~~~~~~~~~~~~~~~~~~~~~~~~~~~~~~~~~~~~~~~~~~~~~~~~~~~
 1453 |           QStringLiteral("event.value = Number(event.value) * 2;") },
      |           ~~~~~~~~~~~~~~~~~~~~~~~~~~~~~~~~~~~~~~~~~~~~~~~~~~~~~~~~~~~
 1454 |     },
      |     ~~                               
 1455 |     {});
      |     ~~~                              
D:/pdf/pdf-f-tests/tests/TestFormJsCalc.cpp: In member function 'void TestFormJsCalc::validateTimeoutBlocksCommitAndTheRestStillFills()':
D:/pdf/pdf-f-tests/tests/TestFormJsCalc.cpp:1471:37: warning: missing initializer for member '{anonymous}::FieldSpec::keystrokeScript' [-Wmissing-field-initializers]
 1471 |     const QString form = makeFormPdf(QStringLiteral("validate-timeout.pdf"),
      |                          ~~~~~~~~~~~^~~~~~~~~~~~~~~~~~~~~~~~~~~~~~~~~~~~~~~~
 1472 |     {
      |     ~                                
 1473 |         { QStringLiteral("qty"), {}, {}, QStringLiteral("3"), QStringLiteral("while (true) {}") },
      |         ~~~~~~~~~~~~~~~~~~~~~~~~~~~~~~~~~~~~~~~~~~~~~~~~~~~~~~~~~~~~~~~~~~~~~~~~~~~~~~~~~~~~~~~~~~
 1474 |         { QStringLiteral("total"),
      |         ~~~~~~~~~~~~~~~~~~~~~~~~~~   
 1475 |           QStringLiteral("AFSimple_Calculate('SUM', new Array('qty'));"), {}, QStringLiteral("0") },
      |           ~~~~~~~~~~~~~~~~~~~~~~~~~~~~~~~~~~~~~~~~~~~~~~~~~~~~~~~~~~~~~~~~~~~~~~~~~~~~~~~~~~~~~~~~~~
 1476 |     },
      |     ~~                               
 1477 |     { QStringLiteral("total") });
      |     ~~~~~~~~~~~~~~~~~~~~~~~~~~~~     
D:/pdf/pdf-f-tests/tests/TestFormJsCalc.cpp:1471:37: warning: missing initializer for member '{anonymous}::FieldSpec::validateScript' [-Wmissing-field-initializers]
D:/pdf/pdf-f-tests/tests/TestFormJsCalc.cpp:1471:37: warning: missing initializer for member '{anonymous}::FieldSpec::keystrokeScript' [-Wmissing-field-initializers]
D:/pdf/pdf-f-tests/tests/TestFormJsCalc.cpp: In member function 'void TestFormJsCalc::fillWithoutValidateScriptNeverBlocks()':
D:/pdf/pdf-f-tests/tests/TestFormJsCalc.cpp:1519:37: warning: missing initializer for member '{anonymous}::FieldSpec::validateScript' [-Wmissing-field-initializers]
 1519 |     const QString form = makeFormPdf(QStringLiteral("validate-none.pdf"),
      |                          ~~~~~~~~~~~^~~~~~~~~~~~~~~~~~~~~~~~~~~~~~~~~~~~~
 1520 |     {
      |     ~                                
 1521 |         { QStringLiteral("qty"), {}, {}, QStringLiteral("0") },
      |         ~~~~~~~~~~~~~~~~~~~~~~~~~~~~~~~~~~~~~~~~~~~~~~~~~~~~~~~
 1522 |     },
      |     ~~                               
 1523 |     {});
      |     ~~~                              
D:/pdf/pdf-f-tests/tests/TestFormJsCalc.cpp:1519:37: warning: missing initializer for member '{anonymous}::FieldSpec::keystrokeScript' [-Wmissing-field-initializers]
D:/pdf/pdf-f-tests/tests/TestFormJsCalc.cpp: In member function 'void TestFormJsCalc::keystrokeWithoutScriptNeverRunsAndTypingStands()':
D:/pdf/pdf-f-tests/tests/TestFormJsCalc.cpp:1721:37: warning: missing initializer for member '{anonymous}::FieldSpec::keystrokeScript' [-Wmissing-field-initializers]
 1721 |     const QString form = makeFormPdf(QStringLiteral("keystroke-none.pdf"),
      |                          ~~~~~~~~~~~^~~~~~~~~~~~~~~~~~~~~~~~~~~~~~~~~~~~~~
 1722 |     {
      |     ~                                
 1723 |         { QStringLiteral("qty"), {}, {}, {}, {} },
      |         ~~~~~~~~~~~~~~~~~~~~~~~~~~~~~~~~~~~~~~~~~~
 1724 |     },
      |     ~~                               
 1725 |     {});
      |     ~~~                              
D:/pdf/pdf-f-tests/tests/TestFormJsCalc.cpp: In member function 'void TestFormJsCalc::abortedCascadeDiscardsRuntimeNoStateBleedsIntoNextRun()':
D:/pdf/pdf-f-tests/tests/TestFormJsCalc.cpp:1831:40: warning: missing initializer for member '{anonymous}::FieldSpec::validateScript' [-Wmissing-field-initializers]
 1831 |     const QString hostile = makeFormPdf(QStringLiteral("closure-hostile.pdf"),
      |                             ~~~~~~~~~~~^~~~~~~~~~~~~~~~~~~~~~~~~~~~~~~~~~~~~~~
 1832 |     {
      |     ~                                   
 1833 |         { QStringLiteral("qty1"), {}, {}, {} },
      |         ~~~~~~~~~~~~~~~~~~~~~~~~~~~~~~~~~~~~~~~
 1834 |         { QStringLiteral("blocker"),
      |         ~~~~~~~~~~~~~~~~~~~~~~~~~~~~    
 1835 |           QStringLiteral("globalThis.__gpEndEvent = function () { while (true) {} }; event.value = 'x';"), {}, {} },
      |           ~~~~~~~~~~~~~~~~~~~~~~~~~~~~~~~~~~~~~~~~~~~~~~~~~~~~~~~~~~~~~~~~~~~~~~~~~~~~~~~~~~~~~~~~~~~~~~~~~~~~~~~~~~
 1836 |         { QStringLiteral("fmt"),
      |         ~~~~~~~~~~~~~~~~~~~~~~~~        
 1837 |           {}, QStringLiteral("AFNumber_Format(2, 0, 0, 0, \"$\", true);"), QStringLiteral("1234.5") },
      |           ~~~~~~~~~~~~~~~~~~~~~~~~~~~~~~~~~~~~~~~~~~~~~~~~~~~~~~~~~~~~~~~~~~~~~~~~~~~~~~~~~~~~~~~~~~~~
 1838 |     },
      |     ~~                                  
 1839 |     { QStringLiteral("blocker") });
      |     ~~~~~~~~~~~~~~~~~~~~~~~~~~~~~~      
D:/pdf/pdf-f-tests/tests/TestFormJsCalc.cpp:1831:40: warning: missing initializer for member '{anonymous}::FieldSpec::keystrokeScript' [-Wmissing-field-initializers]
D:/pdf/pdf-f-tests/tests/TestFormJsCalc.cpp:1831:40: warning: missing initializer for member '{anonymous}::FieldSpec::validateScript' [-Wmissing-field-initializers]
D:/pdf/pdf-f-tests/tests/TestFormJsCalc.cpp:1831:40: warning: missing initializer for member '{anonymous}::FieldSpec::keystrokeScript' [-Wmissing-field-initializers]
D:/pdf/pdf-f-tests/tests/TestFormJsCalc.cpp:1831:40: warning: missing initializer for member '{anonymous}::FieldSpec::validateScript' [-Wmissing-field-initializers]
D:/pdf/pdf-f-tests/tests/TestFormJsCalc.cpp:1831:40: warning: missing initializer for member '{anonymous}::FieldSpec::keystrokeScript' [-Wmissing-field-initializers]
[723/1109] Building CXX object CMakeFiles/TestFormStaleDisclosure.dir/TestFormStaleDisclosure_autogen/mocs_compilation.cpp.obj
[724/1109] Building CXX object CMakeFiles/TestFormJsAdversarial.dir/tests/TestFormJsAdversarial.cpp.obj
D:/pdf/pdf-f-tests/tests/TestFormJsAdversarial.cpp: In member function 'void TestFormJsAdversarial::afSimpleCalculateInheritedOpsRefused()':
D:/pdf/pdf-f-tests/tests/TestFormJsAdversarial.cpp:732:28: warning: loop variable 'bad' creates a copy from type 'const QString' [-Wrange-loop-construct]
  732 |         for (const QString bad : { QStringLiteral("toString"),
      |                            ^~~
D:/pdf/pdf-f-tests/tests/TestFormJsAdversarial.cpp:732:28: note: use reference type to prevent copying
  732 |         for (const QString bad : { QStringLiteral("toString"),
      |                            ^~~
      |                            &
D:/pdf/pdf-f-tests/tests/TestFormJsAdversarial.cpp: In member function 'void TestFormJsAdversarial::nanOrInfinityKeepsTheCommittedValue()':
D:/pdf/pdf-f-tests/tests/TestFormJsAdversarial.cpp:768:28: warning: loop variable 'expr' creates a copy from type 'const QString' [-Wrange-loop-construct]
  768 |         for (const QString expr : { QStringLiteral("0/0"), QStringLiteral("1/0"),
      |                            ^~~~
D:/pdf/pdf-f-tests/tests/TestFormJsAdversarial.cpp:768:28: note: use reference type to prevent copying
  768 |         for (const QString expr : { QStringLiteral("0/0"), QStringLiteral("1/0"),
      |                            ^~~~
      |                            &
[725/1109] Building CXX object CMakeFiles/TestFormKeystroke.dir/TestFormKeystroke_autogen/mocs_compilation.cpp.obj
[726/1109] Building CXX object CMakeFiles/TestFormStaleDisclosure.dir/tests/TestFormStaleDisclosure.cpp.obj
D:/pdf/pdf-f-tests/tests/TestFormStaleDisclosure.cpp: In member function 'void TestFormStaleDisclosure::panelShowsPersistentWarningUntilAcknowledge()':
D:/pdf/pdf-f-tests/tests/TestFormStaleDisclosure.cpp:273:41: warning: missing initializer for member '{anonymous}::FieldSpec::calcScript' [-Wmissing-field-initializers]
  273 |         const QString path = makeFormPdf(m_dir.path(), QStringLiteral("panel-stale.pdf"),
      |                              ~~~~~~~~~~~^~~~~~~~~~~~~~~~~~~~~~~~~~~~~~~~~~~~~~~~~~~~~~~~~
  274 |                                          { { QStringLiteral("total") }, { QStringLiteral("other") } },
      |                                          ~~~~~~~~~~~~~~~~~~~~~~~~~~~~~~~~~~~~~~~~~~~~~~~~~~~~~~~~~~~~~
  275 |                                          { QStringLiteral("total") });
      |                                          ~~~~~~~~~~~~~~~~~~~~~~~~~~~~
D:/pdf/pdf-f-tests/tests/TestFormStaleDisclosure.cpp:273:41: warning: missing initializer for member '{anonymous}::FieldSpec::initial' [-Wmissing-field-initializers]
D:/pdf/pdf-f-tests/tests/TestFormStaleDisclosure.cpp:273:41: warning: missing initializer for member '{anonymous}::FieldSpec::calcScript' [-Wmissing-field-initializers]
D:/pdf/pdf-f-tests/tests/TestFormStaleDisclosure.cpp:273:41: warning: missing initializer for member '{anonymous}::FieldSpec::initial' [-Wmissing-field-initializers]
D:/pdf/pdf-f-tests/tests/TestFormStaleDisclosure.cpp: In member function 'void TestFormStaleDisclosure::panelWarningClearsWhenTheFieldRecomputes()':
D:/pdf/pdf-f-tests/tests/TestFormStaleDisclosure.cpp:337:41: warning: missing initializer for member '{anonymous}::FieldSpec::calcScript' [-Wmissing-field-initializers]
  337 |         const QString path = makeFormPdf(m_dir.path(), QStringLiteral("panel-recompute.pdf"),
      |                              ~~~~~~~~~~~^~~~~~~~~~~~~~~~~~~~~~~~~~~~~~~~~~~~~~~~~~~~~~~~~~~~~
  338 |                                          { { QStringLiteral("total") } },
      |                                          ~~~~~~~~~~~~~~~~~~~~~~~~~~~~~~~~
  339 |                                          { QStringLiteral("total") });
      |                                          ~~~~~~~~~~~~~~~~~~~~~~~~~~~~
D:/pdf/pdf-f-tests/tests/TestFormStaleDisclosure.cpp:337:41: warning: missing initializer for member '{anonymous}::FieldSpec::initial' [-Wmissing-field-initializers]
D:/pdf/pdf-f-tests/tests/TestFormStaleDisclosure.cpp: In member function 'void TestFormStaleDisclosure::panelApplyRunsCascadeAndFeedsTracker()':
D:/pdf/pdf-f-tests/tests/TestFormStaleDisclosure.cpp:378:41: warning: missing initializer for member '{anonymous}::FieldSpec::calcScript' [-Wmissing-field-initializers]
  378 |         const QString path = makeFormPdf(m_dir.path(), QStringLiteral("panel-apply.pdf"),
      |                              ~~~~~~~~~~~^~~~~~~~~~~~~~~~~~~~~~~~~~~~~~~~~~~~~~~~~~~~~~~~~
  379 |         {
      |         ~                                
  380 |             { QStringLiteral("input") },
      |             ~~~~~~~~~~~~~~~~~~~~~~~~~~~~ 
  381 |             { QStringLiteral("total"), QStringLiteral("throw new Error('boom');"), QStringLiteral("0") },
      |             ~~~~~~~~~~~~~~~~~~~~~~~~~~~~~~~~~~~~~~~~~~~~~~~~~~~~~~~~~~~~~~~~~~~~~~~~~~~~~~~~~~~~~~~~~~~~~
  382 |         },
      |         ~~                               
  383 |         { QStringLiteral("total") });
      |         ~~~~~~~~~~~~~~~~~~~~~~~~~~~~     
D:/pdf/pdf-f-tests/tests/TestFormStaleDisclosure.cpp:378:41: warning: missing initializer for member '{anonymous}::FieldSpec::initial' [-Wmissing-field-initializers]
[727/1109] Building CXX object CMakeFiles/TestEngineSave.dir/TestEngineSave_autogen/mocs_compilation.cpp.obj
[728/1109] Building CXX object CMakeFiles/TestFormKeystroke.dir/tests/TestFormKeystroke.cpp.obj
D:/pdf/pdf-f-tests/tests/TestFormKeystroke.cpp: In member function 'void TestFormKeystroke::fieldWithoutKeystrokeScriptTypesUnchanged()':
D:/pdf/pdf-f-tests/tests/TestFormKeystroke.cpp:172:41: warning: missing initializer for member '{anonymous}::FieldSpec::keystrokeScript' [-Wmissing-field-initializers]
  172 |         const QString path = makeFormPdf(m_dir.path(), QStringLiteral("plain.pdf"),
      |                              ~~~~~~~~~~~^~~~~~~~~~~~~~~~~~~~~~~~~~~~~~~~~~~~~~~~~~~
  173 |                                          { { QStringLiteral("note") } });
      |                                          ~~~~~~~~~~~~~~~~~~~~~~~~~~~~~~~
D:/pdf/pdf-f-tests/tests/TestFormKeystroke.cpp:172:41: warning: missing initializer for member '{anonymous}::FieldSpec::initial' [-Wmissing-field-initializers]
D:/pdf/pdf-f-tests/tests/TestFormKeystroke.cpp: In member function 'void TestFormKeystroke::keystrokeScriptRejectsTheKeystrokeAndReverts()':
D:/pdf/pdf-f-tests/tests/TestFormKeystroke.cpp:194:41: warning: missing initializer for member '{anonymous}::FieldSpec::initial' [-Wmissing-field-initializers]
  194 |         const QString path = makeFormPdf(m_dir.path(), QStringLiteral("reject.pdf"),
      |                              ~~~~~~~~~~~^~~~~~~~~~~~~~~~~~~~~~~~~~~~~~~~~~~~~~~~~~~~
  195 |                                          { { QStringLiteral("qty"),
      |                                          ~~~~~~~~~~~~~~~~~~~~~~~~~~
  196 |                                              QStringLiteral("if (AFMergeChange(event).length > 3) { event.rc = false; }") } });
      |                                              ~~~~~~~~~~~~~~~~~~~~~~~~~~~~~~~~~~~~~~~~~~~~~~~~~~~~~~~~~~~~~~~~~~~~~~~~~~~~~~~~~
D:/pdf/pdf-f-tests/tests/TestFormKeystroke.cpp: In member function 'void TestFormKeystroke::keystrokeScriptTransformsTypedText()':
D:/pdf/pdf-f-tests/tests/TestFormKeystroke.cpp:231:41: warning: missing initializer for member '{anonymous}::FieldSpec::initial' [-Wmissing-field-initializers]
  231 |         const QString path = makeFormPdf(m_dir.path(), QStringLiteral("transform.pdf"),
      |                              ~~~~~~~~~~~^~~~~~~~~~~~~~~~~~~~~~~~~~~~~~~~~~~~~~~~~~~~~~~
  232 |                                          { { QStringLiteral("code"),
      |                                          ~~~~~~~~~~~~~~~~~~~~~~~~~~~
  233 |                                              QStringLiteral("event.value = AFMergeChange(event).toUpperCase();") } });
      |                                              ~~~~~~~~~~~~~~~~~~~~~~~~~~~~~~~~~~~~~~~~~~~~~~~~~~~~~~~~~~~~~~~~~~~~~~~~
D:/pdf/pdf-f-tests/tests/TestFormKeystroke.cpp: In member function 'void TestFormKeystroke::populateNeverRunsTheKeystrokeScript()':
D:/pdf/pdf-f-tests/tests/TestFormKeystroke.cpp:254:41: warning: missing initializer for member '{anonymous}::FieldSpec::initial' [-Wmissing-field-initializers]
  254 |         const QString path = makeFormPdf(m_dir.path(), QStringLiteral("populate.pdf"),
      |                              ~~~~~~~~~~~^~~~~~~~~~~~~~~~~~~~~~~~~~~~~~~~~~~~~~~~~~~~~~
  255 |                                          { { QStringLiteral("f"),
      |                                          ~~~~~~~~~~~~~~~~~~~~~~~~
  256 |                                              QStringLiteral("event.value = 'X';") } });
      |                                              ~~~~~~~~~~~~~~~~~~~~~~~~~~~~~~~~~~~~~~~~~
D:/pdf/pdf-f-tests/tests/TestFormKeystroke.cpp: In member function 'void TestFormKeystroke::timeoutFailsClosedAndDiscloses()':
D:/pdf/pdf-f-tests/tests/TestFormKeystroke.cpp:278:41: warning: missing initializer for member '{anonymous}::FieldSpec::initial' [-Wmissing-field-initializers]
  278 |         const QString path = makeFormPdf(m_dir.path(), QStringLiteral("timeout.pdf"),
      |                              ~~~~~~~~~~~^~~~~~~~~~~~~~~~~~~~~~~~~~~~~~~~~~~~~~~~~~~~~
  279 |                                          { { QStringLiteral("qty"), QStringLiteral("while (true) {}") } });
      |                                          ~~~~~~~~~~~~~~~~~~~~~~~~~~~~~~~~~~~~~~~~~~~~~~~~~~~~~~~~~~~~~~~~~
D:/pdf/pdf-f-tests/tests/TestFormKeystroke.cpp: In member function 'void TestFormKeystroke::fieldSwitchResetsTheGate()':
D:/pdf/pdf-f-tests/tests/TestFormKeystroke.cpp:305:41: warning: missing initializer for member '{anonymous}::FieldSpec::initial' [-Wmissing-field-initializers]
  305 |         const QString path = makeFormPdf(m_dir.path(), QStringLiteral("switch.pdf"),
      |                              ~~~~~~~~~~~^~~~~~~~~~~~~~~~~~~~~~~~~~~~~~~~~~~~~~~~~~~~
  306 |                                          { { QStringLiteral("a"),
      |                                          ~~~~~~~~~~~~~~~~~~~~~~~~
  307 |                                              QStringLiteral("if (AFMergeChange(event).length > 2) { event.rc = false; }") },
      |                                              ~~~~~~~~~~~~~~~~~~~~~~~~~~~~~~~~~~~~~~~~~~~~~~~~~~~~~~~~~~~~~~~~~~~~~~~~~~~~~~~
  308 |                                            { QStringLiteral("b") } });
      |                                            ~~~~~~~~~~~~~~~~~~~~~~~~~~
D:/pdf/pdf-f-tests/tests/TestFormKeystroke.cpp:305:41: warning: missing initializer for member '{anonymous}::FieldSpec::keystrokeScript' [-Wmissing-field-initializers]
D:/pdf/pdf-f-tests/tests/TestFormKeystroke.cpp:305:41: warning: missing initializer for member '{anonymous}::FieldSpec::initial' [-Wmissing-field-initializers]
D:/pdf/pdf-f-tests/tests/TestFormKeystroke.cpp: In member function 'void TestFormKeystroke::readOnlyDocumentRefusesKeystrokeAndApply()':
D:/pdf/pdf-f-tests/tests/TestFormKeystroke.cpp:332:41: warning: missing initializer for member '{anonymous}::FieldSpec::initial' [-Wmissing-field-initializers]
  332 |         const QString path = makeFormPdf(m_dir.path(), QStringLiteral("ro.pdf"),
      |                              ~~~~~~~~~~~^~~~~~~~~~~~~~~~~~~~~~~~~~~~~~~~~~~~~~~~
  333 |                                          { { QStringLiteral("f"),
      |                                          ~~~~~~~~~~~~~~~~~~~~~~~~
  334 |                                              QStringLiteral("event.value = 'X';") } });
      |                                              ~~~~~~~~~~~~~~~~~~~~~~~~~~~~~~~~~~~~~~~~~
[729/1109] Building CXX object CMakeFiles/TestEncryptedPackageSafeWrite.dir/TestEncryptedPackageSafeWrite_autogen/mocs_compilation.cpp.obj
[730/1109] Building CXX object CMakeFiles/TestEncryptedPackageSafeWrite.dir/tests/TestEncryptedPackageSafeWrite.cpp.obj
[731/1109] Building CXX object CMakeFiles/TestEngineSave.dir/tests/TestEngineSave.cpp.obj
[732/1109] Building CXX object CMakeFiles/TestPrintJob.dir/TestPrintJob_autogen/mocs_compilation.cpp.obj
[733/1109] Building CXX object CMakeFiles/TestEncryptedPackageSafeWrite.dir/src/engines/SafeSave.cpp.obj
[734/1109] Building CXX object CMakeFiles/TestPrintJob.dir/src/ui/PrintJob.cpp.obj
[735/1109] Building CXX object CMakeFiles/TestTempOwnership.dir/TestTempOwnership_autogen/mocs_compilation.cpp.obj
[736/1109] Building CXX object CMakeFiles/TestPrintJob.dir/tests/TestPrintJob.cpp.obj
[737/1109] Building CXX object CMakeFiles/TestTempOwnership.dir/tests/TestTempOwnership.cpp.obj
[738/1109] Building CXX object CMakeFiles/TestCleanupCli.dir/TestCleanupCli_autogen/mocs_compilation.cpp.obj
[739/1109] Building CXX object CMakeFiles/TestTempOwnership.dir/src/core/TempFileManager.cpp.obj
[740/1109] Building CXX object CMakeFiles/TestFormUndo.dir/TestFormUndo_autogen/mocs_compilation.cpp.obj
[741/1109] Building CXX object CMakeFiles/TestCleanupCli.dir/tests/TestCleanupCli.cpp.obj
[742/1109] Building CXX object CMakeFiles/TestValidateAllSignatures.dir/TestValidateAllSignatures_autogen/mocs_compilation.cpp.obj
[743/1109] Building CXX object CMakeFiles/TestFormUndo.dir/tests/TestFormUndo.cpp.obj
[744/1109] Building CXX object CMakeFiles/TestExportPathBadge.dir/TestExportPathBadge_autogen/mocs_compilation.cpp.obj
[745/1109] Building CXX object CMakeFiles/TestValidateAllSignatures.dir/tests/TestValidateAllSignatures.cpp.obj
[746/1109] Building CXX object CMakeFiles/TestImageEditWiring.dir/TestImageEditWiring_autogen/mocs_compilation.cpp.obj
[747/1109] Building CXX object CMakeFiles/TestExportPathBadge.dir/tests/TestExportPathBadge.cpp.obj
[748/1109] Building CXX object CMakeFiles/TestRedactSanitizeBundle.dir/TestRedactSanitizeBundle_autogen/mocs_compilation.cpp.obj
[749/1109] Building CXX object CMakeFiles/TestImageEditWiring.dir/tests/TestImageEditWiring.cpp.obj
[750/1109] Building CXX object CMakeFiles/TestRedactTransaction.dir/TestRedactTransaction_autogen/mocs_compilation.cpp.obj
[751/1109] Building CXX object CMakeFiles/TestRedactSanitizeBundle.dir/tests/TestRedactSanitizeBundle.cpp.obj
[752/1109] Building CXX object CMakeFiles/TestRedactionProof.dir/TestRedactionProof_autogen/mocs_compilation.cpp.obj
[753/1109] Building CXX object CMakeFiles/TestRedactTransaction.dir/tests/TestRedactTransaction.cpp.obj
[754/1109] Building CXX object CMakeFiles/TestPptxOverlayAlpha.dir/TestPptxOverlayAlpha_autogen/mocs_compilation.cpp.obj
[755/1109] Building CXX object CMakeFiles/TestRedactionProof.dir/tests/TestRedactionProof.cpp.obj
[756/1109] Building CXX object CMakeFiles/TestAutoDetectHeuristic.dir/TestAutoDetectHeuristic_autogen/mocs_compilation.cpp.obj
[757/1109] Building CXX object CMakeFiles/TestPptxOverlayAlpha.dir/tests/TestPptxOverlayAlpha.cpp.obj
[758/1109] Building CXX object CMakeFiles/TestConversionExtraction.dir/TestConversionExtraction_autogen/mocs_compilation.cpp.obj
[759/1109] Building CXX object CMakeFiles/TestAutoDetectHeuristic.dir/tests/TestAutoDetectHeuristic.cpp.obj
[760/1109] Building CXX object CMakeFiles/fake_soffice.dir/fake_soffice_autogen/mocs_compilation.cpp.obj
[761/1109] Building CXX object CMakeFiles/fake_soffice.dir/tests/fake_soffice.cpp.obj
[762/1109] Building CXX object CMakeFiles/TestTextExtractionCoords.dir/TestTextExtractionCoords_autogen/mocs_compilation.cpp.obj
[763/1109] Building CXX object CMakeFiles/TestConversionExtraction.dir/tests/TestConversionExtraction.cpp.obj
[764/1109] Building CXX object CMakeFiles/TestEraseWiring.dir/TestEraseWiring_autogen/mocs_compilation.cpp.obj
[765/1109] Building CXX object CMakeFiles/TestTextExtractionCoords.dir/tests/TestTextExtractionCoords.cpp.obj
[766/1109] Building CXX object CMakeFiles/TestRibbonMarkupTools.dir/TestRibbonMarkupTools_autogen/mocs_compilation.cpp.obj
[767/1109] Building CXX object CMakeFiles/TestEraseWiring.dir/tests/TestEraseWiring.cpp.obj
[768/1109] Building CXX object CMakeFiles/TestViewerRotation.dir/TestViewerRotation_autogen/mocs_compilation.cpp.obj
[769/1109] Building CXX object CMakeFiles/TestRibbonMarkupTools.dir/tests/TestRibbonMarkupTools.cpp.obj
[770/1109] Building CXX object CMakeFiles/TestRotateView.dir/TestRotateView_autogen/mocs_compilation.cpp.obj
[771/1109] Building CXX object CMakeFiles/TestViewerRotation.dir/tests/TestViewerRotation.cpp.obj
[772/1109] Building CXX object CMakeFiles/TestTwoPageOverlay.dir/TestTwoPageOverlay_autogen/mocs_compilation.cpp.obj
[773/1109] Building CXX object CMakeFiles/TestRotateView.dir/tests/TestRotateView.cpp.obj
[774/1109] Building CXX object CMakeFiles/TestViewingModes.dir/TestViewingModes_autogen/mocs_compilation.cpp.obj
[775/1109] Building CXX object CMakeFiles/TestTwoPageOverlay.dir/tests/TestTwoPageOverlay.cpp.obj
[776/1109] Building CXX object CMakeFiles/TestSignaturePicker.dir/TestSignaturePicker_autogen/mocs_compilation.cpp.obj
[777/1109] Building CXX object CMakeFiles/TestViewingModes.dir/tests/TestViewingModes.cpp.obj
[778/1109] Building CXX object CMakeFiles/TestCertEncryptPicker.dir/TestCertEncryptPicker_autogen/mocs_compilation.cpp.obj
[779/1109] Building CXX object CMakeFiles/TestSignaturePicker.dir/tests/TestSignaturePicker.cpp.obj
[780/1109] Building CXX object CMakeFiles/TestCertifySelector.dir/TestCertifySelector_autogen/mocs_compilation.cpp.obj
[781/1109] Building CXX object CMakeFiles/TestCertEncryptPicker.dir/tests/TestCertEncryptPicker.cpp.obj
D:/pdf/pdf-f-tests/tests/TestCertEncryptPicker.cpp: In function '{anonymous}::RecipientCredential {anonymous}::makeRecipient(const QString&, const QString&)':
D:/pdf/pdf-f-tests/tests/TestCertEncryptPicker.cpp:60:23: warning: 'RSA* RSA_new()' is deprecated: Since OpenSSL 3.0 [-Wdeprecated-declarations]
   60 |     RSA *rsa = RSA_new();
      |                ~~~~~~~^~
In file included from D:/pdf/msys64/ucrt64/include/openssl/x509.h:38,
                 from D:/pdf/pdf-f-tests/tests/TestCertEncryptPicker.cpp:25:
D:/pdf/msys64/ucrt64/include/openssl/rsa.h:212:28: note: declared here
  212 | OSSL_DEPRECATEDIN_3_0 RSA *RSA_new(void);
      |                            ^~~~~~~
D:/pdf/pdf-f-tests/tests/TestCertEncryptPicker.cpp:61:24: warning: 'int RSA_generate_key_ex(RSA*, int, BIGNUM*, BN_GENCB*)' is deprecated: Since OpenSSL 3.0 [-Wdeprecated-declarations]
   61 |     RSA_generate_key_ex(rsa, 2048, bn, nullptr);
      |     ~~~~~~~~~~~~~~~~~~~^~~~~~~~~~~~~~~~~~~~~~~~
D:/pdf/msys64/ucrt64/include/openssl/rsa.h:270:27: note: declared here
  270 | OSSL_DEPRECATEDIN_3_0 int RSA_generate_key_ex(RSA *rsa, int bits, BIGNUM *e,
      |                           ^~~~~~~~~~~~~~~~~~~
[782/1109] Building CXX object CMakeFiles/TestPolicyController.dir/TestPolicyController_autogen/mocs_compilation.cpp.obj
[783/1109] Building CXX object CMakeFiles/TestCertifySelector.dir/tests/TestCertifySelector.cpp.obj
D:/pdf/pdf-f-tests/tests/TestCertifySelector.cpp: In function 'bool {anonymous}::makeSigner(const QString&, SignerCredential&)':
D:/pdf/pdf-f-tests/tests/TestCertifySelector.cpp:57:23: warning: 'RSA* RSA_new()' is deprecated: Since OpenSSL 3.0 [-Wdeprecated-declarations]
   57 |     RSA *rsa = RSA_new();
      |                ~~~~~~~^~
In file included from D:/pdf/msys64/ucrt64/include/openssl/x509.h:38,
                 from D:/pdf/pdf-f-tests/tests/TestCertifySelector.cpp:27:
D:/pdf/msys64/ucrt64/include/openssl/rsa.h:212:28: note: declared here
  212 | OSSL_DEPRECATEDIN_3_0 RSA *RSA_new(void);
      |                            ^~~~~~~
D:/pdf/pdf-f-tests/tests/TestCertifySelector.cpp:58:24: warning: 'int RSA_generate_key_ex(RSA*, int, BIGNUM*, BN_GENCB*)' is deprecated: Since OpenSSL 3.0 [-Wdeprecated-declarations]
   58 |     RSA_generate_key_ex(rsa, 2048, bn, nullptr);
      |     ~~~~~~~~~~~~~~~~~~~^~~~~~~~~~~~~~~~~~~~~~~~
D:/pdf/msys64/ucrt64/include/openssl/rsa.h:270:27: note: declared here
  270 | OSSL_DEPRECATEDIN_3_0 int RSA_generate_key_ex(RSA *rsa, int bits, BIGNUM *e,
      |                           ^~~~~~~~~~~~~~~~~~~
[784/1109] Building CXX object CMakeFiles/TestPolicyWiring.dir/TestPolicyWiring_autogen/mocs_compilation.cpp.obj
[785/1109] Building CXX object CMakeFiles/TestPolicyController.dir/tests/TestPolicyController.cpp.obj
[786/1109] Building CXX object CMakeFiles/TestOcspConsent.dir/TestOcspConsent_autogen/mocs_compilation.cpp.obj
[787/1109] Building CXX object CMakeFiles/TestPolicyWiring.dir/tests/TestPolicyWiring.cpp.obj
[788/1109] Building CXX object CMakeFiles/TestSupportBundle.dir/TestSupportBundle_autogen/mocs_compilation.cpp.obj
[789/1109] Building CXX object CMakeFiles/TestOcspConsent.dir/tests/TestOcspConsent.cpp.obj
[790/1109] Building CXX object CMakeFiles/TestNetworkDisclosure.dir/TestNetworkDisclosure_autogen/mocs_compilation.cpp.obj
[791/1109] Building CXX object CMakeFiles/TestSupportBundle.dir/tests/TestSupportBundle.cpp.obj
[792/1109] Building CXX object CMakeFiles/TestOcrAcceptSeam.dir/TestOcrAcceptSeam_autogen/mocs_compilation.cpp.obj
[793/1109] Building CXX object CMakeFiles/TestNetworkDisclosure.dir/tests/TestNetworkDisclosure.cpp.obj
[794/1109] Building CXX object CMakeFiles/TestSearchFlags.dir/TestSearchFlags_autogen/mocs_compilation.cpp.obj
[795/1109] Building CXX object CMakeFiles/TestOcrAcceptSeam.dir/tests/TestOcrAcceptSeam.cpp.obj
[796/1109] Building CXX object CMakeFiles/TestExportPresets.dir/TestExportPresets_autogen/mocs_compilation.cpp.obj
[797/1109] Building CXX object CMakeFiles/TestSearchFlags.dir/tests/TestSearchFlags.cpp.obj
[798/1109] Building CXX object CMakeFiles/TestOcrAcceptScope.dir/TestOcrAcceptScope_autogen/mocs_compilation.cpp.obj
[799/1109] Building CXX object CMakeFiles/TestExportPresets.dir/tests/TestExportPresets.cpp.obj
[800/1109] Building CXX object CMakeFiles/TestViewerLinkSeam.dir/TestViewerLinkSeam_autogen/mocs_compilation.cpp.obj
[801/1109] Building CXX object CMakeFiles/TestOcrAcceptScope.dir/tests/TestOcrAcceptScope.cpp.obj
[802/1109] Building CXX object CMakeFiles/TestHyperlinkNavigation.dir/TestHyperlinkNavigation_autogen/mocs_compilation.cpp.obj
[803/1109] Building CXX object CMakeFiles/TestViewerLinkSeam.dir/tests/TestViewerLinkSeam.cpp.obj
[804/1109] Building CXX object CMakeFiles/TestRedactMarkAll.dir/TestRedactMarkAll_autogen/mocs_compilation.cpp.obj
[805/1109] Building CXX object CMakeFiles/TestHyperlinkNavigation.dir/tests/TestHyperlinkNavigation.cpp.obj
[806/1109] Building CXX object CMakeFiles/TestRedactApplyMarks.dir/TestRedactApplyMarks_autogen/mocs_compilation.cpp.obj
[807/1109] Building CXX object CMakeFiles/TestRedactMarkAll.dir/tests/TestRedactMarkAll.cpp.obj
[808/1109] Building CXX object CMakeFiles/TestAnnotationDjot.dir/TestAnnotationDjot_autogen/mocs_compilation.cpp.obj
[809/1109] Building CXX object CMakeFiles/TestRedactApplyMarks.dir/tests/TestRedactApplyMarks.cpp.obj
[810/1109] Building CXX object CMakeFiles/TestAiProvider.dir/TestAiProvider_autogen/mocs_compilation.cpp.obj
[811/1109] Building CXX object CMakeFiles/TestAnnotationDjot.dir/tests/TestAnnotationDjot.cpp.obj
[812/1109] Building CXX object CMakeFiles/TestOllamaProvider.dir/TestOllamaProvider_autogen/mocs_compilation.cpp.obj
[813/1109] Building CXX object CMakeFiles/TestAiProvider.dir/tests/TestAiProvider.cpp.obj
[814/1109] Building CXX object CMakeFiles/TestDiffEngine.dir/TestDiffEngine_autogen/mocs_compilation.cpp.obj
[815/1109] Building CXX object CMakeFiles/TestOllamaProvider.dir/tests/TestOllamaProvider.cpp.obj
[816/1109] Building CXX object CMakeFiles/TestOfficeImport.dir/TestOfficeImport_autogen/mocs_compilation.cpp.obj
[817/1109] Building CXX object CMakeFiles/TestDiffEngine.dir/tests/TestDiffEngine.cpp.obj
[818/1109] Building CXX object CMakeFiles/TestMrcPipeline.dir/TestMrcPipeline_autogen/mocs_compilation.cpp.obj
[819/1109] Building CXX object CMakeFiles/TestOfficeImport.dir/tests/TestOfficeImport.cpp.obj
[820/1109] Building CXX object CMakeFiles/TestCheckedMutationCoverage.dir/TestCheckedMutationCoverage_autogen/mocs_compilation.cpp.obj
[821/1109] Building CXX object CMakeFiles/TestMrcPipeline.dir/tests/TestMrcPipeline.cpp.obj
[822/1109] Building CXX object CMakeFiles/TestHistoryIntegrity.dir/TestHistoryIntegrity_autogen/mocs_compilation.cpp.obj
[823/1109] Building CXX object CMakeFiles/TestCheckedMutationCoverage.dir/tests/TestCheckedMutationCoverage.cpp.obj
[824/1109] Building CXX object CMakeFiles/TestImageAppearance.dir/TestImageAppearance_autogen/mocs_compilation.cpp.obj
[825/1109] Building CXX object CMakeFiles/TestHistoryIntegrity.dir/tests/TestHistoryIntegrity.cpp.obj
[826/1109] Building CXX object CMakeFiles/TestOfficeExport.dir/TestOfficeExport_autogen/mocs_compilation.cpp.obj
[827/1109] Building CXX object CMakeFiles/TestOfficeExport.dir/tests/TestOfficeExport.cpp.obj
[828/1109] Building CXX object CMakeFiles/TestTextEditStyle.dir/TestTextEditStyle_autogen/mocs_compilation.cpp.obj
[829/1109] Building CXX object CMakeFiles/TestImageAppearance.dir/tests/TestImageAppearance.cpp.obj
[830/1109] Building CXX object CMakeFiles/TestEraserEngine.dir/TestEraserEngine_autogen/mocs_compilation.cpp.obj
[831/1109] Building CXX object CMakeFiles/TestTextEditStyle.dir/tests/TestTextEditStyle.cpp.obj
[832/1109] Building CXX object CMakeFiles/TestPersistenceOutcomes.dir/TestPersistenceOutcomes_autogen/mocs_compilation.cpp.obj
[833/1109] Building CXX object CMakeFiles/TestEraserEngine.dir/tests/TestEraserEngine.cpp.obj
[834/1109] Building CXX object CMakeFiles/TestPersistenceOutcomes.dir/src/app/Bootstrapper.cpp.obj
[835/1109] Building CXX object CMakeFiles/render_path_profile.dir/render_path_profile_autogen/mocs_compilation.cpp.obj
[836/1109] Building CXX object CMakeFiles/TestPersistenceOutcomes.dir/tests/TestPersistenceOutcomes.cpp.obj
[837/1109] Building CXX object CMakeFiles/TestRenderGuards.dir/TestRenderGuards_autogen/mocs_compilation.cpp.obj
[838/1109] Building CXX object CMakeFiles/render_path_profile.dir/tools/render_path_profile.cpp.obj
[839/1109] Building CXX object CMakeFiles/TestSep13LeadCapability.dir/TestSep13LeadCapability_autogen/mocs_compilation.cpp.obj
[840/1109] Building CXX object CMakeFiles/TestRenderGuards.dir/tests/TestRenderGuards.cpp.obj
[841/1109] Building CXX object CMakeFiles/TestSep13LeadBatchMerge.dir/TestSep13LeadBatchMerge_autogen/mocs_compilation.cpp.obj
[842/1109] Building CXX object CMakeFiles/TestSep13LeadCapability.dir/tests/TestSep13LeadCapability.cpp.obj
[843/1109] Building CXX object CMakeFiles/TestSep13LeadOcrGuards.dir/TestSep13LeadOcrGuards_autogen/mocs_compilation.cpp.obj
[844/1109] Building CXX object CMakeFiles/TestSep13LeadBatchMerge.dir/tests/TestSep13LeadBatchMerge.cpp.obj
[845/1109] Building CXX object CMakeFiles/TestSep13LeadConversionExport.dir/TestSep13LeadConversionExport_autogen/mocs_compilation.cpp.obj
[846/1109] Building CXX object CMakeFiles/TestSep13LeadOcrGuards.dir/tests/TestSep13LeadOcrGuards.cpp.obj
[847/1109] Building CXX object CMakeFiles/TestSep13LeadRedactionProof.dir/TestSep13LeadRedactionProof_autogen/mocs_compilation.cpp.obj
[848/1109] Building CXX object CMakeFiles/TestSep13LeadConversionExport.dir/tests/TestSep13LeadConversionExport.cpp.obj
[849/1109] Building CXX object CMakeFiles/R14ProbeRedactSpace.dir/R14ProbeRedactSpace_autogen/mocs_compilation.cpp.obj
[850/1109] Building CXX object CMakeFiles/TestSep13LeadRedactionProof.dir/tests/TestSep13LeadRedactionProof.cpp.obj
[851/1109] Building CXX object CMakeFiles/R14ProbeSep13Fixes.dir/R14ProbeSep13Fixes_autogen/mocs_compilation.cpp.obj
[852/1109] Building CXX object CMakeFiles/R14ProbeRedactSpace.dir/tests/R14ProbeRedactSpace.cpp.obj
[853/1109] Building CXX object CMakeFiles/TestSep13LeadBtDowngrade.dir/TestSep13LeadBtDowngrade_autogen/mocs_compilation.cpp.obj
[854/1109] Building CXX object CMakeFiles/R14ProbeSep13Fixes.dir/tests/R14ProbeSep13Fixes.cpp.obj
[855/1109] Building CXX object CMakeFiles/TestSep13LeadComparePerf.dir/TestSep13LeadComparePerf_autogen/mocs_compilation.cpp.obj
[856/1109] Building CXX object CMakeFiles/TestSep13LeadBtDowngrade.dir/tests/TestSep13LeadBtDowngrade.cpp.obj
[857/1109] Building CXX object CMakeFiles/TestSweepW1PresetAdversary.dir/TestSweepW1PresetAdversary_autogen/mocs_compilation.cpp.obj
[858/1109] Building CXX object CMakeFiles/TestSweepW1PresetAdversary.dir/tests/TestSweepW1PresetAdversary.cpp.obj
[859/1109] Building CXX object CMakeFiles/TestSweepW1SigningAdversary.dir/TestSweepW1SigningAdversary_autogen/mocs_compilation.cpp.obj
[860/1109] Building CXX object CMakeFiles/TestSep13LeadComparePerf.dir/tests/TestSep13LeadComparePerf.cpp.obj
D:/pdf/pdf-f-tests/tests/TestSep13LeadComparePerf.cpp: In function 'qint64 {anonymous}::measureToggleWorkMs(CompareWidget&, int, int)':
D:/pdf/pdf-f-tests/tests/TestSep13LeadComparePerf.cpp:79:21: warning: variable 'sink' set but not used [-Wunused-but-set-variable=]
   79 |     volatile qint64 sink = 0;
      |                     ^~~~
D:/pdf/pdf-f-tests/tests/TestSep13LeadComparePerf.cpp: In function 'qint64 {anonymous}::measureStructuralToggleWorkMs(CompareWidget&, int, int)':
D:/pdf/pdf-f-tests/tests/TestSep13LeadComparePerf.cpp:91:21: warning: variable 'sink' set but not used [-Wunused-but-set-variable=]
   91 |     volatile qint64 sink = 0;
      |                     ^~~~
[861/1109] Building CXX object CMakeFiles/TestSweepW1SummaryPolicyAdversary.dir/TestSweepW1SummaryPolicyAdversary_autogen/mocs_compilation.cpp.obj
[862/1109] Building CXX object CMakeFiles/TestSweepW1SigningAdversary.dir/tests/TestSweepW1SigningAdversary.cpp.obj
[863/1109] Building CXX object CMakeFiles/TestSweepW1SecProbe.dir/TestSweepW1SecProbe_autogen/mocs_compilation.cpp.obj
[864/1109] Building CXX object CMakeFiles/TestSweepW1SummaryPolicyAdversary.dir/tests/TestSweepW1SummaryPolicyAdversary.cpp.obj
[865/1109] Building CXX object CMakeFiles/W2BProbeNaming.dir/W2BProbeNaming_autogen/mocs_compilation.cpp.obj
[866/1109] Building CXX object CMakeFiles/TestSweepW1SecProbe.dir/tests/SweepW1SecProbe.cpp.obj
[867/1109] Building CXX object CMakeFiles/W2BProbeSigning.dir/W2BProbeSigning_autogen/mocs_compilation.cpp.obj
[868/1109] Building CXX object CMakeFiles/W2BProbeNaming.dir/tests/W2BProbeNaming.cpp.obj
[869/1109] Building CXX object CMakeFiles/W2BProbeSummaryPolicy.dir/W2BProbeSummaryPolicy_autogen/mocs_compilation.cpp.obj
[870/1109] Building CXX object CMakeFiles/W2BProbeSigning.dir/tests/W2BProbeSigning.cpp.obj
[871/1109] Building CXX object CMakeFiles/W2BProbeA11y.dir/W2BProbeA11y_autogen/mocs_compilation.cpp.obj
[872/1109] Building CXX object CMakeFiles/W2BProbeSummaryPolicy.dir/tests/W2BProbeSummaryPolicy.cpp.obj
[873/1109] Building CXX object CMakeFiles/W2BProbeLegacySpace.dir/W2BProbeLegacySpace_autogen/mocs_compilation.cpp.obj
[874/1109] Building CXX object CMakeFiles/W2BProbeA11y.dir/tests/W2BProbeA11y.cpp.obj
[875/1109] Building CXX object CMakeFiles/W2BProbeOfficeSave.dir/W2BProbeOfficeSave_autogen/mocs_compilation.cpp.obj
[876/1109] Building CXX object CMakeFiles/W2BProbeLegacySpace.dir/tests/W2BProbeLegacySpace.cpp.obj
D:/pdf/pdf-f-tests/tests/W2BProbeLegacySpace.cpp: In function 'constexpr bool {anonymous}::rectClose(const QRectF&, const QRectF&)':
D:/pdf/pdf-f-tests/tests/W2BProbeLegacySpace.cpp:51:21: warning: call to non-'constexpr' function 'double fabs(double)' [-Winvalid-constexpr]
   51 |     return std::fabs(a.x() - b.x()) < 0.01 && std::fabs(a.y() - b.y()) < 0.01
      |            ~~~~~~~~~^~~~~~~~~~~~~~~
In file included from D:/pdf/msys64/ucrt64/include/c++/16.1.0/cmath:55,
                 from C:/msys64/ucrt64/include/qt6/QtCore/qnumeric.h:19,
                 from C:/msys64/ucrt64/include/qt6/QtCore/qglobal.h:60,
                 from C:/msys64/ucrt64/include/qt6/QtCore/QtCore:4,
                 from C:/msys64/ucrt64/include/qt6/QtTest/QtTestDepends:3,
                 from C:/msys64/ucrt64/include/qt6/QtTest/QtTest:3,
                 from D:/pdf/pdf-f-tests/tests/W2BProbeLegacySpace.cpp:32:
D:/pdf/msys64/ucrt64/include/math.h:229:31: note: 'double fabs(double)' declared here
  229 |   __CRT_INLINE double __cdecl fabs (double x)
      |                               ^~~~
[877/1109] Building CXX object CMakeFiles/TestRotate270PageSpace.dir/TestRotate270PageSpace_autogen/mocs_compilation.cpp.obj
[878/1109] Building CXX object CMakeFiles/W2BProbeOfficeSave.dir/tests/W2BProbeOfficeSave.cpp.obj
[879/1109] Building CXX object CMakeFiles/R14ProbeBatchSkip.dir/R14ProbeBatchSkip_autogen/mocs_compilation.cpp.obj
[880/1109] Building CXX object CMakeFiles/TestRotate270PageSpace.dir/tests/TestRotate270PageSpace.cpp.obj
D:/pdf/pdf-f-tests/tests/TestRotate270PageSpace.cpp: In function 'constexpr bool {anonymous}::rectClose(const QRectF&, const QRectF&)':
D:/pdf/pdf-f-tests/tests/TestRotate270PageSpace.cpp:44:21: warning: call to non-'constexpr' function 'double fabs(double)' [-Winvalid-constexpr]
   44 |     return std::fabs(a.x() - b.x()) < 0.01 && std::fabs(a.y() - b.y()) < 0.01
      |            ~~~~~~~~~^~~~~~~~~~~~~~~
In file included from D:/pdf/msys64/ucrt64/include/c++/16.1.0/cmath:55,
                 from C:/msys64/ucrt64/include/qt6/QtCore/qnumeric.h:19,
                 from C:/msys64/ucrt64/include/qt6/QtCore/qglobal.h:60,
                 from C:/msys64/ucrt64/include/qt6/QtCore/QtCore:4,
                 from C:/msys64/ucrt64/include/qt6/QtTest/QtTestDepends:3,
                 from C:/msys64/ucrt64/include/qt6/QtTest/QtTest:3,
                 from D:/pdf/pdf-f-tests/tests/TestRotate270PageSpace.cpp:23:
D:/pdf/msys64/ucrt64/include/math.h:229:31: note: 'double fabs(double)' declared here
  229 |   __CRT_INLINE double __cdecl fabs (double x)
      |                               ^~~~
[881/1109] Building CXX object CMakeFiles/TestGsdW2Probe.dir/TestGsdW2Probe_autogen/mocs_compilation.cpp.obj
[882/1109] Building CXX object CMakeFiles/R14ProbeBatchSkip.dir/tests/R14ProbeBatchSkip.cpp.obj
[883/1109] Building CXX object CMakeFiles/W2CProbeRotate270.dir/W2CProbeRotate270_autogen/mocs_compilation.cpp.obj
[884/1109] Building CXX object CMakeFiles/TestGsdW2Probe.dir/tests/TestGsdW2Probe.cpp.obj
[885/1109] Building CXX object CMakeFiles/TestPgr37PageSpaceLaw.dir/TestPgr37PageSpaceLaw_autogen/mocs_compilation.cpp.obj
[886/1109] Building CXX object CMakeFiles/W2CProbeRotate270.dir/tests/W2CProbeRotate270.cpp.obj
D:/pdf/pdf-f-tests/tests/W2CProbeRotate270.cpp: In function 'constexpr bool {anonymous}::rectClose(const QRectF&, const QRectF&)':
D:/pdf/pdf-f-tests/tests/W2CProbeRotate270.cpp:61:21: warning: call to non-'constexpr' function 'double fabs(double)' [-Winvalid-constexpr]
   61 |     return std::fabs(a.x() - b.x()) < 0.01 && std::fabs(a.y() - b.y()) < 0.01
      |            ~~~~~~~~~^~~~~~~~~~~~~~~
In file included from D:/pdf/msys64/ucrt64/include/c++/16.1.0/cmath:55,
                 from C:/msys64/ucrt64/include/qt6/QtCore/qnumeric.h:19,
                 from C:/msys64/ucrt64/include/qt6/QtCore/qglobal.h:60,
                 from C:/msys64/ucrt64/include/qt6/QtCore/QtCore:4,
                 from C:/msys64/ucrt64/include/qt6/QtTest/QtTestDepends:3,
                 from C:/msys64/ucrt64/include/qt6/QtTest/QtTest:3,
                 from D:/pdf/pdf-f-tests/tests/W2CProbeRotate270.cpp:37:
D:/pdf/msys64/ucrt64/include/math.h:229:31: note: 'double fabs(double)' declared here
  229 |   __CRT_INLINE double __cdecl fabs (double x)
      |                               ^~~~
[887/1109] Building CXX object CMakeFiles/TestPgr35BatchCollision.dir/TestPgr35BatchCollision_autogen/mocs_compilation.cpp.obj
[888/1109] Building CXX object CMakeFiles/TestPgr37PageSpaceLaw.dir/tests/TestPgr37PageSpaceLaw.cpp.obj
[889/1109] Building CXX object CMakeFiles/TestPgr36StaleSigningPanel.dir/TestPgr36StaleSigningPanel_autogen/mocs_compilation.cpp.obj
[890/1109] Building CXX object CMakeFiles/TestPgr35BatchCollision.dir/tests/TestPgr35BatchCollision.cpp.obj
[891/1109] Building CXX object CMakeFiles/TestFileHandleCoordination.dir/TestFileHandleCoordination_autogen/mocs_compilation.cpp.obj
[892/1109] Building CXX object CMakeFiles/TestPgr36StaleSigningPanel.dir/tests/TestPgr36StaleSigningPanel.cpp.obj
[893/1109] Building CXX object CMakeFiles/TestFileHandleCoordination.dir/tests/TestFileHandleCoordination.cpp.obj
[894/1109] Building CXX object CMakeFiles/TestCommandRegistry.dir/TestCommandRegistry_autogen/mocs_compilation.cpp.obj
[895/1109] Building CXX object CMakeFiles/TestFileHandleCoordination.dir/src/app/Bootstrapper.cpp.obj
[896/1109] Building CXX object CMakeFiles/TestCommandRegistry.dir/tests/TestCommandRegistry.cpp.obj
[897/1109] Linking CXX executable UnitTests.exe
lto-wrapper.exe: warning: using serial compilation of 6 LTRANS jobs
lto-wrapper.exe: note: see the '-flto' option documentation for more information
[898/1109] Linking CXX executable TestInterfaces.exe
[899/1109] Linking CXX executable TestExpiryInterface.exe; Deploying podofo 1.1.0 DLL for TestExpiryInterface
lto-wrapper.exe: warning: using serial compilation of 18 LTRANS jobs
lto-wrapper.exe: note: see the '-flto' option documentation for more information
[900/1109] Linking CXX executable SmokeTest.exe
lto-wrapper.exe: warning: using serial compilation of 25 LTRANS jobs
lto-wrapper.exe: note: see the '-flto' option documentation for more information
[901/1109] Linking CXX executable TestSanitization.exe
lto-wrapper.exe: warning: using serial compilation of 19 LTRANS jobs
lto-wrapper.exe: note: see the '-flto' option documentation for more information
[902/1109] Linking CXX executable TestSanitizeSelective.exe; Deploying podofo 1.1.0 DLL for TestSanitizeSelective
lto-wrapper.exe: warning: using serial compilation of 19 LTRANS jobs
lto-wrapper.exe: note: see the '-flto' option documentation for more information
[903/1109] Linking CXX executable TestSanitizeTrailerUaf.exe
lto-wrapper.exe: warning: using serial compilation of 18 LTRANS jobs
lto-wrapper.exe: note: see the '-flto' option documentation for more information
[904/1109] Linking CXX executable PdfWorkstation.exe; AR-11 D4: Stripping DWARF paths from Release PdfWorkstation.exe
lto-wrapper.exe: warning: using serial compilation of 115 LTRANS jobs
lto-wrapper.exe: note: see the '-flto' option documentation for more information
In function 'memcpy',
    inlined from 'luaL_addlstring' at D:/pdf/pdf-f-tests/third_party/lua-5.4/src/lauxlib.c:586:5,
    inlined from 'luaL_addlstring' at D:/pdf/pdf-f-tests/third_party/lua-5.4/src/lauxlib.c:583:17,
    inlined from 'add_s' at D:/pdf/pdf-f-tests/third_party/lua-5.4/src/lstrlib.c:883:9,
    inlined from 'add_value' at D:/pdf/pdf-f-tests/third_party/lua-5.4/src/lstrlib.c:923:7,
    inlined from 'str_gsub' at D:/pdf/pdf-f-tests/third_party/lua-5.4/src/lstrlib.c:967:17:
D:/pdf/msys64/ucrt64/include/string.h:217:10: warning: '__builtin_memcpy' specified bound 18446744073709551614 exceeds maximum object size 9223372036854775807 [-Wstringop-overflow=]
  217 |   return __builtin___memcpy_chk(__dst, __src, __n, __mingw_bos(__dst, 0));
      |          ^
[905/1109] Linking CXX executable TestAutosave.exe
lto-wrapper.exe: warning: using serial compilation of 19 LTRANS jobs
lto-wrapper.exe: note: see the '-flto' option documentation for more information
[906/1109] Linking CXX executable TestDocumentIdentity.exe; Deploying qoffscreen platform plugin for TestDocumentIdentity
D:/pdf/pdf-f-tests/src/modes/PdfAValidationPanel.h:68:7: warning: type 'struct PdfAValidationPanel' violates the C++ One Definition Rule [-Wodr]
   68 | class PdfAValidationPanel : public QFrame {
      |       ^
D:/pdf/pdf-f-tests/src/modes/PdfAValidationPanel.h:68:7: note: a different type is defined in another translation unit
   68 | class PdfAValidationPanel : public QFrame {
      |       ^
D:/pdf/pdf-f-tests/src/modes/PdfAValidationPanel.h:120:24: note: the first difference of corresponding definitions is field 'm_issuesLayout'
  120 |     class QVBoxLayout* m_issuesLayout{nullptr};
      |                        ^
D:/pdf/pdf-f-tests/src/modes/PdfAValidationPanel.h:120:24: note: a field of same name but different type is defined in another translation unit
  120 |     class QVBoxLayout* m_issuesLayout{nullptr};
      |                        ^
D:/pdf/pdf-f-tests/src/modes/PdfAValidationPanel.h:120:11: note: type name 'gp::QVBoxLayout' should match type name 'QVBoxLayout'
  120 |     class QVBoxLayout* m_issuesLayout{nullptr};
      |           ^
C:/msys64/ucrt64/include/qt6/QtWidgets/qboxlayout.h:91:24: note: the incompatible type is defined here
   91 | class Q_WIDGETS_EXPORT QVBoxLayout : public QBoxLayout
      |                        ^
lto-wrapper.exe: warning: using serial compilation of 114 LTRANS jobs
lto-wrapper.exe: note: see the '-flto' option documentation for more information
In function 'memcpy',
    inlined from 'luaL_addlstring' at D:/pdf/pdf-f-tests/third_party/lua-5.4/src/lauxlib.c:586:5,
    inlined from 'luaL_addlstring' at D:/pdf/pdf-f-tests/third_party/lua-5.4/src/lauxlib.c:583:17,
    inlined from 'add_s' at D:/pdf/pdf-f-tests/third_party/lua-5.4/src/lstrlib.c:883:9,
    inlined from 'add_value' at D:/pdf/pdf-f-tests/third_party/lua-5.4/src/lstrlib.c:923:7,
    inlined from 'str_gsub' at D:/pdf/pdf-f-tests/third_party/lua-5.4/src/lstrlib.c:967:17:
D:/pdf/msys64/ucrt64/include/string.h:217:10: warning: '__builtin_memcpy' specified bound 18446744073709551614 exceeds maximum object size 9223372036854775807 [-Wstringop-overflow=]
  217 |   return __builtin___memcpy_chk(__dst, __src, __n, __mingw_bos(__dst, 0));
      |          ^
[907/1109] Linking CXX executable TestBatesBatchSafety.exe; Deploying qoffscreen platform plugin for TestBatesBatchSafety
lto-wrapper.exe: warning: using serial compilation of 116 LTRANS jobs
lto-wrapper.exe: note: see the '-flto' option documentation for more information
In function 'memcpy',
    inlined from 'luaL_addlstring' at D:/pdf/pdf-f-tests/third_party/lua-5.4/src/lauxlib.c:586:5,
    inlined from 'luaL_addlstring' at D:/pdf/pdf-f-tests/third_party/lua-5.4/src/lauxlib.c:583:17,
    inlined from 'add_s' at D:/pdf/pdf-f-tests/third_party/lua-5.4/src/lstrlib.c:883:9,
    inlined from 'add_value' at D:/pdf/pdf-f-tests/third_party/lua-5.4/src/lstrlib.c:923:7,
    inlined from 'str_gsub' at D:/pdf/pdf-f-tests/third_party/lua-5.4/src/lstrlib.c:967:17:
D:/pdf/msys64/ucrt64/include/string.h:217:10: warning: '__builtin_memcpy' specified bound 18446744073709551614 exceeds maximum object size 9223372036854775807 [-Wstringop-overflow=]
  217 |   return __builtin___memcpy_chk(__dst, __src, __n, __mingw_bos(__dst, 0));
      |          ^
[908/1109] Linking CXX executable TestRecoverySave.exe; Deploying qoffscreen platform plugin for TestRecoverySave
lto-wrapper.exe: warning: using serial compilation of 115 LTRANS jobs
lto-wrapper.exe: note: see the '-flto' option documentation for more information
In function 'memcpy',
    inlined from 'luaL_addlstring' at D:/pdf/pdf-f-tests/third_party/lua-5.4/src/lauxlib.c:586:5,
    inlined from 'luaL_addlstring' at D:/pdf/pdf-f-tests/third_party/lua-5.4/src/lauxlib.c:583:17,
    inlined from 'add_s' at D:/pdf/pdf-f-tests/third_party/lua-5.4/src/lstrlib.c:883:9,
    inlined from 'add_value' at D:/pdf/pdf-f-tests/third_party/lua-5.4/src/lstrlib.c:923:7,
    inlined from 'str_gsub' at D:/pdf/pdf-f-tests/third_party/lua-5.4/src/lstrlib.c:967:17:
D:/pdf/msys64/ucrt64/include/string.h:217:10: warning: '__builtin_memcpy' specified bound 18446744073709551614 exceeds maximum object size 9223372036854775807 [-Wstringop-overflow=]
  217 |   return __builtin___memcpy_chk(__dst, __src, __n, __mingw_bos(__dst, 0));
      |          ^
[909/1109] Linking CXX executable TestReadOnlyGate.exe; Deploying qoffscreen platform plugin for TestReadOnlyGate
lto-wrapper.exe: warning: using serial compilation of 114 LTRANS jobs
lto-wrapper.exe: note: see the '-flto' option documentation for more information
In function 'memcpy',
    inlined from 'luaL_addlstring' at D:/pdf/pdf-f-tests/third_party/lua-5.4/src/lauxlib.c:586:5,
    inlined from 'luaL_addlstring' at D:/pdf/pdf-f-tests/third_party/lua-5.4/src/lauxlib.c:583:17,
    inlined from 'add_s' at D:/pdf/pdf-f-tests/third_party/lua-5.4/src/lstrlib.c:883:9,
    inlined from 'add_value' at D:/pdf/pdf-f-tests/third_party/lua-5.4/src/lstrlib.c:923:7,
    inlined from 'str_gsub' at D:/pdf/pdf-f-tests/third_party/lua-5.4/src/lstrlib.c:967:17:
D:/pdf/msys64/ucrt64/include/string.h:217:10: warning: '__builtin_memcpy' specified bound 18446744073709551614 exceeds maximum object size 9223372036854775807 [-Wstringop-overflow=]
  217 |   return __builtin___memcpy_chk(__dst, __src, __n, __mingw_bos(__dst, 0));
      |          ^
[910/1109] Linking CXX executable TestSignatureValidationMock.exe
lto-wrapper.exe: warning: using serial compilation of 2 LTRANS jobs
lto-wrapper.exe: note: see the '-flto' option documentation for more information
[911/1109] Linking CXX executable TestRobustness.exe
lto-wrapper.exe: warning: using serial compilation of 18 LTRANS jobs
lto-wrapper.exe: note: see the '-flto' option documentation for more information
[912/1109] Linking CXX executable TestSecretStore.exe
lto-wrapper.exe: warning: using serial compilation of 2 LTRANS jobs
lto-wrapper.exe: note: see the '-flto' option documentation for more information
[913/1109] Linking CXX executable TestSignatureValidation.exe
lto-wrapper.exe: warning: using serial compilation of 3 LTRANS jobs
lto-wrapper.exe: note: see the '-flto' option documentation for more information
[914/1109] Linking CXX executable TestSignatureRealCrypto.exe; Deploying podofo 1.1.0 DLL for TestSignatureRealCrypto
lto-wrapper.exe: warning: using serial compilation of 9 LTRANS jobs
lto-wrapper.exe: note: see the '-flto' option documentation for more information
[915/1109] Linking CXX executable TestSendForSigning.exe; Deploying podofo 1.1.0 DLL for TestSendForSigning
lto-wrapper.exe: warning: using serial compilation of 11 LTRANS jobs
lto-wrapper.exe: note: see the '-flto' option documentation for more information
[916/1109] Linking CXX executable TestEraseSignedGuard.exe; Deploying podofo 1.1.0 DLL for TestEraseSignedGuard
lto-wrapper.exe: warning: using serial compilation of 18 LTRANS jobs
lto-wrapper.exe: note: see the '-flto' option documentation for more information
[917/1109] Linking CXX executable TestSignatureAppearance.exe; Deploying podofo 1.1.0 DLL for TestSignatureAppearance
lto-wrapper.exe: warning: using serial compilation of 4 LTRANS jobs
lto-wrapper.exe: note: see the '-flto' option documentation for more information
[918/1109] Linking CXX executable TestOptimizeSignedGuard.exe; Deploying podofo 1.1.0 DLL for TestOptimizeSignedGuard
lto-wrapper.exe: warning: using serial compilation of 17 LTRANS jobs
lto-wrapper.exe: note: see the '-flto' option documentation for more information
[919/1109] Linking CXX executable TestImageDedup.exe; Deploying podofo 1.1.0 DLL for TestImageDedup
lto-wrapper.exe: warning: using serial compilation of 3 LTRANS jobs
lto-wrapper.exe: note: see the '-flto' option documentation for more information
[920/1109] Linking CXX executable TestChain1.exe
[921/1109] Linking CXX executable TestSidecarReopenState.exe; Deploying qoffscreen platform plugin for TestSidecarReopenState
lto-wrapper.exe: warning: using serial compilation of 115 LTRANS jobs
lto-wrapper.exe: note: see the '-flto' option documentation for more information
In function 'memcpy',
    inlined from 'luaL_addlstring' at D:/pdf/pdf-f-tests/third_party/lua-5.4/src/lauxlib.c:586:5,
    inlined from 'luaL_addlstring' at D:/pdf/pdf-f-tests/third_party/lua-5.4/src/lauxlib.c:583:17,
    inlined from 'add_s' at D:/pdf/pdf-f-tests/third_party/lua-5.4/src/lstrlib.c:883:9,
    inlined from 'add_value' at D:/pdf/pdf-f-tests/third_party/lua-5.4/src/lstrlib.c:923:7,
    inlined from 'str_gsub' at D:/pdf/pdf-f-tests/third_party/lua-5.4/src/lstrlib.c:967:17:
D:/pdf/msys64/ucrt64/include/string.h:217:10: warning: '__builtin_memcpy' specified bound 18446744073709551614 exceeds maximum object size 9223372036854775807 [-Wstringop-overflow=]
  217 |   return __builtin___memcpy_chk(__dst, __src, __n, __mingw_bos(__dst, 0));
      |          ^
[922/1109] Linking CXX executable TestRedaction.exe
lto-wrapper.exe: warning: using serial compilation of 18 LTRANS jobs
lto-wrapper.exe: note: see the '-flto' option documentation for more information
[923/1109] Linking CXX executable TestDedupSMask.exe; Deploying podofo 1.1.0 DLL for TestDedupSMask
lto-wrapper.exe: warning: using serial compilation of 18 LTRANS jobs
lto-wrapper.exe: note: see the '-flto' option documentation for more information
[924/1109] Linking CXX executable TestCompressJpegReencode.exe; Deploying podofo 1.1.0 DLL for TestCompressJpegReencode
lto-wrapper.exe: warning: using serial compilation of 19 LTRANS jobs
lto-wrapper.exe: note: see the '-flto' option documentation for more information
[925/1109] Linking CXX executable TestLayoutEnsemble.exe
lto-wrapper.exe: warning: using serial compilation of 2 LTRANS jobs
lto-wrapper.exe: note: see the '-flto' option documentation for more information
[926/1109] Linking CXX executable TestOptimizeEstimate.exe; Deploying podofo 1.1.0 DLL for TestOptimizeEstimate
lto-wrapper.exe: warning: using serial compilation of 18 LTRANS jobs
lto-wrapper.exe: note: see the '-flto' option documentation for more information
[927/1109] Linking CXX executable TestOcrPipeline.exe
lto-wrapper.exe: warning: using serial compilation of 4 LTRANS jobs
lto-wrapper.exe: note: see the '-flto' option documentation for more information
[928/1109] Linking CXX executable TestOcrOutputMode.exe; Deploying qoffscreen platform plugin for TestOcrOutputMode
lto-wrapper.exe: warning: using serial compilation of 27 LTRANS jobs
lto-wrapper.exe: note: see the '-flto' option documentation for more information
[929/1109] Linking CXX executable TestOcrReviewLifecycle.exe; Deploying qoffscreen platform plugin for TestOcrReviewLifecycle
lto-wrapper.exe: warning: using serial compilation of 33 LTRANS jobs
lto-wrapper.exe: note: see the '-flto' option documentation for more information
In function 'memcpy',
    inlined from 'luaL_addlstring' at D:/pdf/pdf-f-tests/third_party/lua-5.4/src/lauxlib.c:586:5,
    inlined from 'luaL_addlstring' at D:/pdf/pdf-f-tests/third_party/lua-5.4/src/lauxlib.c:583:17,
    inlined from 'add_s' at D:/pdf/pdf-f-tests/third_party/lua-5.4/src/lstrlib.c:883:9,
    inlined from 'add_value' at D:/pdf/pdf-f-tests/third_party/lua-5.4/src/lstrlib.c:923:7,
    inlined from 'str_gsub' at D:/pdf/pdf-f-tests/third_party/lua-5.4/src/lstrlib.c:967:17:
D:/pdf/msys64/ucrt64/include/string.h:217:10: warning: '__builtin_memcpy' specified bound 18446744073709551614 exceeds maximum object size 9223372036854775807 [-Wstringop-overflow=]
  217 |   return __builtin___memcpy_chk(__dst, __src, __n, __mingw_bos(__dst, 0));
      |          ^
[930/1109] Linking CXX executable TestOcrVerifyPort.exe; Deploying qoffscreen platform plugin for TestOcrVerifyPort
lto-wrapper.exe: warning: using serial compilation of 4 LTRANS jobs
lto-wrapper.exe: note: see the '-flto' option documentation for more information
[931/1109] Linking CXX executable TestOcrPreprocessor.exe
[932/1109] Linking CXX executable TestOcrDjotMapper.exe
lto-wrapper.exe: warning: using serial compilation of 8 LTRANS jobs
lto-wrapper.exe: note: see the '-flto' option documentation for more information
In function 'memcpy',
    inlined from 'luaL_addlstring' at D:/pdf/pdf-f-tests/third_party/lua-5.4/src/lauxlib.c:586:5,
    inlined from 'luaL_addlstring' at D:/pdf/pdf-f-tests/third_party/lua-5.4/src/lauxlib.c:583:17,
    inlined from 'add_s' at D:/pdf/pdf-f-tests/third_party/lua-5.4/src/lstrlib.c:883:9,
    inlined from 'add_value' at D:/pdf/pdf-f-tests/third_party/lua-5.4/src/lstrlib.c:923:7,
    inlined from 'str_gsub' at D:/pdf/pdf-f-tests/third_party/lua-5.4/src/lstrlib.c:967:17:
D:/pdf/msys64/ucrt64/include/string.h:217:10: warning: '__builtin_memcpy' specified bound 18446744073709551614 exceeds maximum object size 9223372036854775807 [-Wstringop-overflow=]
  217 |   return __builtin___memcpy_chk(__dst, __src, __n, __mingw_bos(__dst, 0));
      |          ^
[933/1109] Linking CXX executable TestThreadSafety.exe
lto-wrapper.exe: warning: using serial compilation of 19 LTRANS jobs
lto-wrapper.exe: note: see the '-flto' option documentation for more information
[934/1109] Linking CXX executable TestOcrVerifyNavigation.exe; Deploying qoffscreen platform plugin for TestOcrVerifyNavigation
lto-wrapper.exe: warning: using serial compilation of 50 LTRANS jobs
lto-wrapper.exe: note: see the '-flto' option documentation for more information
[935/1109] Linking CXX executable TestEncryption.exe
lto-wrapper.exe: warning: using serial compilation of 18 LTRANS jobs
lto-wrapper.exe: note: see the '-flto' option documentation for more information
[936/1109] Linking CXX executable TestResourceLimits.exe
lto-wrapper.exe: warning: using serial compilation of 18 LTRANS jobs
lto-wrapper.exe: note: see the '-flto' option documentation for more information
[937/1109] Linking CXX executable TestSevenZipBundle.exe
[938/1109] Linking CXX executable TestControllers.exe; Deploying qoffscreen platform plugin for TestControllers
lto-wrapper.exe: warning: using serial compilation of 93 LTRANS jobs
lto-wrapper.exe: note: see the '-flto' option documentation for more information
[939/1109] Linking CXX executable TestRibbonIntegrity.exe; Deploying qoffscreen platform plugin for TestRibbonIntegrity
lto-wrapper.exe: warning: using serial compilation of 93 LTRANS jobs
lto-wrapper.exe: note: see the '-flto' option documentation for more information
[940/1109] Linking CXX executable TestMenuBarIntegrity.exe; Deploying qoffscreen platform plugin for TestMenuBarIntegrity
lto-wrapper.exe: warning: using serial compilation of 92 LTRANS jobs
lto-wrapper.exe: note: see the '-flto' option documentation for more information
[941/1109] Linking CXX executable TestCommandBinding.exe; Deploying qoffscreen platform plugin for TestCommandBinding
lto-wrapper.exe: warning: using serial compilation of 114 LTRANS jobs
lto-wrapper.exe: note: see the '-flto' option documentation for more information
In function 'memcpy',
    inlined from 'luaL_addlstring' at D:/pdf/pdf-f-tests/third_party/lua-5.4/src/lauxlib.c:586:5,
    inlined from 'luaL_addlstring' at D:/pdf/pdf-f-tests/third_party/lua-5.4/src/lauxlib.c:583:17,
    inlined from 'add_s' at D:/pdf/pdf-f-tests/third_party/lua-5.4/src/lstrlib.c:883:9,
    inlined from 'add_value' at D:/pdf/pdf-f-tests/third_party/lua-5.4/src/lstrlib.c:923:7,
    inlined from 'str_gsub' at D:/pdf/pdf-f-tests/third_party/lua-5.4/src/lstrlib.c:967:17:
D:/pdf/msys64/ucrt64/include/string.h:217:10: warning: '__builtin_memcpy' specified bound 18446744073709551614 exceeds maximum object size 9223372036854775807 [-Wstringop-overflow=]
  217 |   return __builtin___memcpy_chk(__dst, __src, __n, __mingw_bos(__dst, 0));
      |          ^
[942/1109] Linking CXX executable TestWelcomeRoutes.exe; Deploying qoffscreen platform plugin for TestWelcomeRoutes
lto-wrapper.exe: warning: using serial compilation of 116 LTRANS jobs
lto-wrapper.exe: note: see the '-flto' option documentation for more information
In function 'memcpy',
    inlined from 'luaL_addlstring' at D:/pdf/pdf-f-tests/third_party/lua-5.4/src/lauxlib.c:586:5,
    inlined from 'luaL_addlstring' at D:/pdf/pdf-f-tests/third_party/lua-5.4/src/lauxlib.c:583:17,
    inlined from 'add_s' at D:/pdf/pdf-f-tests/third_party/lua-5.4/src/lstrlib.c:883:9,
    inlined from 'add_value' at D:/pdf/pdf-f-tests/third_party/lua-5.4/src/lstrlib.c:923:7,
    inlined from 'str_gsub' at D:/pdf/pdf-f-tests/third_party/lua-5.4/src/lstrlib.c:967:17:
D:/pdf/msys64/ucrt64/include/string.h:217:10: warning: '__builtin_memcpy' specified bound 18446744073709551614 exceeds maximum object size 9223372036854775807 [-Wstringop-overflow=]
  217 |   return __builtin___memcpy_chk(__dst, __src, __n, __mingw_bos(__dst, 0));
      |          ^
[943/1109] Linking CXX executable TestSweepW3UxFlows.exe; Deploying qoffscreen platform plugin for TestSweepW3UxFlows
lto-wrapper.exe: warning: using serial compilation of 119 LTRANS jobs
lto-wrapper.exe: note: see the '-flto' option documentation for more information
In function 'memcpy',
    inlined from 'luaL_addlstring' at D:/pdf/pdf-f-tests/third_party/lua-5.4/src/lauxlib.c:586:5,
    inlined from 'luaL_addlstring' at D:/pdf/pdf-f-tests/third_party/lua-5.4/src/lauxlib.c:583:17,
    inlined from 'add_s' at D:/pdf/pdf-f-tests/third_party/lua-5.4/src/lstrlib.c:883:9,
    inlined from 'add_value' at D:/pdf/pdf-f-tests/third_party/lua-5.4/src/lstrlib.c:923:7,
    inlined from 'str_gsub' at D:/pdf/pdf-f-tests/third_party/lua-5.4/src/lstrlib.c:967:17:
D:/pdf/msys64/ucrt64/include/string.h:217:10: warning: '__builtin_memcpy' specified bound 18446744073709551614 exceeds maximum object size 9223372036854775807 [-Wstringop-overflow=]
  217 |   return __builtin___memcpy_chk(__dst, __src, __n, __mingw_bos(__dst, 0));
      |          ^
[944/1109] Linking CXX executable TestIntegration.exe
lto-wrapper.exe: warning: using serial compilation of 18 LTRANS jobs
lto-wrapper.exe: note: see the '-flto' option documentation for more information
[945/1109] Linking CXX executable TestPerformance.exe
lto-wrapper.exe: warning: using serial compilation of 20 LTRANS jobs
lto-wrapper.exe: note: see the '-flto' option documentation for more information
[946/1109] Linking CXX executable TestVeraPdf.exe
lto-wrapper.exe: warning: using serial compilation of 2 LTRANS jobs
lto-wrapper.exe: note: see the '-flto' option documentation for more information
[947/1109] Linking CXX executable TestUiAccessibility.exe; Deploying qoffscreen platform plugin for TestUiAccessibility
lto-wrapper.exe: warning: using serial compilation of 114 LTRANS jobs
lto-wrapper.exe: note: see the '-flto' option documentation for more information
In function 'memcpy',
    inlined from 'luaL_addlstring' at D:/pdf/pdf-f-tests/third_party/lua-5.4/src/lauxlib.c:586:5,
    inlined from 'luaL_addlstring' at D:/pdf/pdf-f-tests/third_party/lua-5.4/src/lauxlib.c:583:17,
    inlined from 'add_s' at D:/pdf/pdf-f-tests/third_party/lua-5.4/src/lstrlib.c:883:9,
    inlined from 'add_value' at D:/pdf/pdf-f-tests/third_party/lua-5.4/src/lstrlib.c:923:7,
    inlined from 'str_gsub' at D:/pdf/pdf-f-tests/third_party/lua-5.4/src/lstrlib.c:967:17:
D:/pdf/msys64/ucrt64/include/string.h:217:10: warning: '__builtin_memcpy' specified bound 18446744073709551614 exceeds maximum object size 9223372036854775807 [-Wstringop-overflow=]
  217 |   return __builtin___memcpy_chk(__dst, __src, __n, __mingw_bos(__dst, 0));
      |          ^
[948/1109] Linking CXX executable TestAccessibilityChecker.exe
[949/1109] Linking CXX executable TestAccessibilityPanel.exe
lto-wrapper.exe: warning: using serial compilation of 9 LTRANS jobs
lto-wrapper.exe: note: see the '-flto' option documentation for more information
[950/1109] Linking CXX executable TestA11yReportWriter.exe; Deploying qoffscreen platform plugin for TestA11yReportWriter
lto-wrapper.exe: warning: using serial compilation of 2 LTRANS jobs
lto-wrapper.exe: note: see the '-flto' option documentation for more information
[951/1109] Linking CXX executable TestAccessibilityFixes.exe
lto-wrapper.exe: warning: using serial compilation of 5 LTRANS jobs
lto-wrapper.exe: note: see the '-flto' option documentation for more information
[952/1109] Linking CXX executable TestAccessibilityTagger.exe
lto-wrapper.exe: warning: using serial compilation of 8 LTRANS jobs
lto-wrapper.exe: note: see the '-flto' option documentation for more information
[953/1109] Linking CXX executable TestReadingOrderAsync.exe
D:/pdf/pdf-f-tests/src/modes/PdfAValidationPanel.h:68:7: warning: type 'struct PdfAValidationPanel' violates the C++ One Definition Rule [-Wodr]
   68 | class PdfAValidationPanel : public QFrame {
      |       ^
D:/pdf/pdf-f-tests/src/modes/PdfAValidationPanel.h:68:7: note: a different type is defined in another translation unit
   68 | class PdfAValidationPanel : public QFrame {
      |       ^
D:/pdf/pdf-f-tests/src/modes/PdfAValidationPanel.h:117:19: note: the first difference of corresponding definitions is field 'm_statusLabel'
  117 |     class QLabel* m_statusLabel{nullptr};
      |                   ^
D:/pdf/pdf-f-tests/src/modes/PdfAValidationPanel.h:117:19: note: a field of same name but different type is defined in another translation unit
  117 |     class QLabel* m_statusLabel{nullptr};
      |                   ^
D:/pdf/pdf-f-tests/src/modes/PdfAValidationPanel.h:117:11: note: type name 'gp::QLabel' should match type name 'QLabel'
  117 |     class QLabel* m_statusLabel{nullptr};
      |           ^
C:/msys64/ucrt64/include/qt6/QtWidgets/qlabel.h:20:24: note: the incompatible type is defined here
   20 | class Q_WIDGETS_EXPORT QLabel : public QFrame
      |                        ^
lto-wrapper.exe: warning: using serial compilation of 72 LTRANS jobs
lto-wrapper.exe: note: see the '-flto' option documentation for more information
[954/1109] Linking CXX executable TestLaneScheduler.exe
lto-wrapper.exe: warning: using serial compilation of 3 LTRANS jobs
lto-wrapper.exe: note: see the '-flto' option documentation for more information
[955/1109] Linking CXX executable TestFormPersistence.exe; Deploying qoffscreen platform plugin and podofo 1.1.0 DLL for TestFormPersistence; Deploying podofo 1.1.0 DLL for TestFormPersistence
lto-wrapper.exe: warning: using serial compilation of 6 LTRANS jobs
lto-wrapper.exe: note: see the '-flto' option documentation for more information
[956/1109] Linking CXX executable TestFormBuilder.exe; Deploying qoffscreen platform plugin and podofo 1.1.0 DLL for TestFormBuilder; Deploying podofo 1.1.0 DLL for TestFormBuilder
lto-wrapper.exe: warning: using serial compilation of 6 LTRANS jobs
lto-wrapper.exe: note: see the '-flto' option documentation for more information
[957/1109] Linking CXX executable TestCompareEntry.exe; Deploying qoffscreen platform plugin for TestCompareEntry
lto-wrapper.exe: warning: using serial compilation of 11 LTRANS jobs
lto-wrapper.exe: note: see the '-flto' option documentation for more information
[958/1109] Linking CXX executable TestCompareIntegration.exe; Deploying qoffscreen platform plugin for TestCompareIntegration
lto-wrapper.exe: warning: using serial compilation of 10 LTRANS jobs
lto-wrapper.exe: note: see the '-flto' option documentation for more information
[959/1109] Linking CXX executable TestPageLabels.exe; Deploying podofo 1.1.0 DLL for TestPageLabels
lto-wrapper.exe: warning: using serial compilation of 2 LTRANS jobs
lto-wrapper.exe: note: see the '-flto' option documentation for more information
[960/1109] Linking CXX executable TestPagesMode.exe; Deploying qoffscreen platform plugin for TestPagesMode
lto-wrapper.exe: warning: using serial compilation of 23 LTRANS jobs
lto-wrapper.exe: note: see the '-flto' option documentation for more information
[961/1109] Linking CXX executable TestBatchMode.exe; Deploying qoffscreen platform plugin for TestBatchMode
lto-wrapper.exe: warning: using serial compilation of 31 LTRANS jobs
lto-wrapper.exe: note: see the '-flto' option documentation for more information
[962/1109] Linking CXX executable TestBatchPresets.exe; Deploying qoffscreen platform plugin for TestBatchPresets; Deploying podofo 1.1.0 DLL for TestBatchPresets
lto-wrapper.exe: warning: using serial compilation of 32 LTRANS jobs
lto-wrapper.exe: note: see the '-flto' option documentation for more information
[963/1109] Linking CXX executable TestBatchPresetsP2.exe; Deploying qoffscreen platform plugin for TestBatchPresetsP2; Deploying podofo 1.1.0 DLL for TestBatchPresetsP2
lto-wrapper.exe: warning: using serial compilation of 34 LTRANS jobs
lto-wrapper.exe: note: see the '-flto' option documentation for more information
[964/1109] Linking CXX executable TestHotFolder.exe; Deploying qoffscreen platform plugin for TestHotFolder
lto-wrapper.exe: warning: using serial compilation of 30 LTRANS jobs
lto-wrapper.exe: note: see the '-flto' option documentation for more information
[965/1109] Linking CXX executable TestBatchOcrLanguage.exe; Deploying qoffscreen platform plugin for TestBatchOcrLanguage
lto-wrapper.exe: warning: using serial compilation of 29 LTRANS jobs
lto-wrapper.exe: note: see the '-flto' option documentation for more information
[966/1109] Linking CXX executable TestBatesCrossDoc.exe; Deploying qoffscreen platform plugin for TestBatesCrossDoc
lto-wrapper.exe: warning: using serial compilation of 18 LTRANS jobs
lto-wrapper.exe: note: see the '-flto' option documentation for more information
[967/1109] Linking CXX executable TestOpenRouting.exe; Deploying qoffscreen platform plugin for TestOpenRouting
[968/1109] Linking CXX executable TestBatchOcrSkipText.exe; Deploying qoffscreen platform plugin for TestBatchOcrSkipText
lto-wrapper.exe: warning: using serial compilation of 31 LTRANS jobs
lto-wrapper.exe: note: see the '-flto' option documentation for more information
[969/1109] Linking CXX executable TestExcisionCorruption.exe; Deploying qoffscreen platform plugin for TestExcisionCorruption
lto-wrapper.exe: warning: using serial compilation of 18 LTRANS jobs
lto-wrapper.exe: note: see the '-flto' option documentation for more information
[970/1109] Linking CXX executable TestBatchOpsCoverage.exe; Deploying qoffscreen platform plugin for TestBatchOpsCoverage; Deploying podofo 1.1.0 DLL for TestBatchOpsCoverage
lto-wrapper.exe: warning: using serial compilation of 35 LTRANS jobs
lto-wrapper.exe: note: see the '-flto' option documentation for more information
[971/1109] Linking CXX executable TestPdfACidSetSafety.exe; Deploying podofo 1.1.0 DLL for TestPdfACidSetSafety
lto-wrapper.exe: warning: using serial compilation of 18 LTRANS jobs
lto-wrapper.exe: note: see the '-flto' option documentation for more information
[972/1109] Linking CXX executable TestReadingOrderThreshold.exe; Deploying qoffscreen platform plugin for TestReadingOrderThreshold
lto-wrapper.exe: warning: using serial compilation of 2 LTRANS jobs
lto-wrapper.exe: note: see the '-flto' option documentation for more information
[973/1109] Linking CXX executable TestReadingOrderMcid.exe; Deploying podofo 1.1.0 DLL for TestReadingOrderMcid; Deploying pdfium DLL for TestReadingOrderMcid; Deploying qoffscreen platform plugin for TestReadingOrderMcid
lto-wrapper.exe: warning: using serial compilation of 2 LTRANS jobs
lto-wrapper.exe: note: see the '-flto' option documentation for more information
[974/1109] Linking CXX executable TestLinkBookmarkRoundTrip.exe; Deploying qoffscreen platform plugin for TestLinkBookmarkRoundTrip
lto-wrapper.exe: warning: using serial compilation of 2 LTRANS jobs
lto-wrapper.exe: note: see the '-flto' option documentation for more information
[975/1109] Linking CXX executable TestSignatureSessionCache.exe; Deploying qoffscreen platform plugin for TestSignatureSessionCache
lto-wrapper.exe: warning: using serial compilation of 2 LTRANS jobs
lto-wrapper.exe: note: see the '-flto' option documentation for more information
[976/1109] Linking CXX executable TestCapabilityRegistry.exe; Deploying qoffscreen platform plugin for TestCapabilityRegistry
lto-wrapper.exe: warning: using serial compilation of 2 LTRANS jobs
lto-wrapper.exe: note: see the '-flto' option documentation for more information
[977/1109] Linking CXX executable TestXfaHonestyBanner.exe; Deploying qoffscreen platform plugin for TestXfaHonestyBanner; Deploying podofo 1.1.0 DLL for TestXfaHonestyBanner
lto-wrapper.exe: warning: using serial compilation of 6 LTRANS jobs
lto-wrapper.exe: note: see the '-flto' option documentation for more information
[978/1109] Linking CXX executable TestTaskNavRegistry.exe; Deploying qoffscreen platform plugin for TestTaskNavRegistry
lto-wrapper.exe: warning: using serial compilation of 2 LTRANS jobs
lto-wrapper.exe: note: see the '-flto' option documentation for more information
[979/1109] Linking CXX executable TestScreenStateSync.exe; Deploying qoffscreen platform plugin for TestScreenStateSync
lto-wrapper.exe: warning: using serial compilation of 5 LTRANS jobs
lto-wrapper.exe: note: see the '-flto' option documentation for more information
[980/1109] Linking CXX executable TestRibbonCollapse.exe; Deploying qoffscreen platform plugin for TestRibbonCollapse
lto-wrapper.exe: warning: using serial compilation of 4 LTRANS jobs
lto-wrapper.exe: note: see the '-flto' option documentation for more information
[981/1109] Linking CXX executable TestModeStripPins.exe; Deploying qoffscreen platform plugin for TestModeStripPins
lto-wrapper.exe: warning: using serial compilation of 2 LTRANS jobs
lto-wrapper.exe: note: see the '-flto' option documentation for more information
[982/1109] Linking CXX executable TestReadingOrderDepthCap.exe; Deploying podofo 1.1.0 DLL for TestReadingOrderDepthCap; Deploying pdfium DLL for TestReadingOrderDepthCap; Deploying qoffscreen platform plugin for TestReadingOrderDepthCap
D:/pdf/pdf-f-tests/src/modes/PdfAValidationPanel.h:68:7: warning: type 'struct PdfAValidationPanel' violates the C++ One Definition Rule [-Wodr]
   68 | class PdfAValidationPanel : public QFrame {
      |       ^
D:/pdf/pdf-f-tests/src/modes/PdfAValidationPanel.h:68:7: note: a different type is defined in another translation unit
   68 | class PdfAValidationPanel : public QFrame {
      |       ^
D:/pdf/pdf-f-tests/src/modes/PdfAValidationPanel.h:120:24: note: the first difference of corresponding definitions is field 'm_issuesLayout'
  120 |     class QVBoxLayout* m_issuesLayout{nullptr};
      |                        ^
D:/pdf/pdf-f-tests/src/modes/PdfAValidationPanel.h:120:24: note: a field of same name but different type is defined in another translation unit
  120 |     class QVBoxLayout* m_issuesLayout{nullptr};
      |                        ^
D:/pdf/pdf-f-tests/src/modes/PdfAValidationPanel.h:120:11: note: type name 'gp::QVBoxLayout' should match type name 'QVBoxLayout'
  120 |     class QVBoxLayout* m_issuesLayout{nullptr};
      |           ^
C:/msys64/ucrt64/include/qt6/QtWidgets/qboxlayout.h:91:24: note: the incompatible type is defined here
   91 | class Q_WIDGETS_EXPORT QVBoxLayout : public QBoxLayout
      |                        ^
lto-wrapper.exe: warning: using serial compilation of 72 LTRANS jobs
lto-wrapper.exe: note: see the '-flto' option documentation for more information
[983/1109] Linking CXX executable TestCommentsReview.exe; Deploying qoffscreen platform plugin for TestCommentsReview
lto-wrapper.exe: warning: using serial compilation of 8 LTRANS jobs
lto-wrapper.exe: note: see the '-flto' option documentation for more information
[984/1109] Linking CXX executable TestWelcomeLayout.exe; Deploying qoffscreen platform plugin for TestWelcomeLayout
lto-wrapper.exe: warning: using serial compilation of 2 LTRANS jobs
lto-wrapper.exe: note: see the '-flto' option documentation for more information
[985/1109] Linking CXX executable TestStatusBarSlim.exe; Deploying qoffscreen platform plugin for TestStatusBarSlim
lto-wrapper.exe: warning: using serial compilation of 72 LTRANS jobs
lto-wrapper.exe: note: see the '-flto' option documentation for more information
[986/1109] Linking CXX executable TestBatchOcrConfidence.exe; Deploying qoffscreen platform plugin for TestBatchOcrConfidence
lto-wrapper.exe: warning: using serial compilation of 29 LTRANS jobs
lto-wrapper.exe: note: see the '-flto' option documentation for more information
[987/1109] Linking CXX executable TestInspector.exe; Deploying qoffscreen platform plugin for TestInspector
lto-wrapper.exe: warning: using serial compilation of 3 LTRANS jobs
lto-wrapper.exe: note: see the '-flto' option documentation for more information
[988/1109] Linking CXX executable TestSignatureBadges.exe; Deploying qoffscreen platform plugin for TestSignatureBadges
lto-wrapper.exe: warning: using serial compilation of 76 LTRANS jobs
lto-wrapper.exe: note: see the '-flto' option documentation for more information
[989/1109] Linking CXX executable TestPatternRedact.exe; Deploying qoffscreen platform plugin for TestPatternRedact
lto-wrapper.exe: warning: using serial compilation of 18 LTRANS jobs
lto-wrapper.exe: note: see the '-flto' option documentation for more information
[990/1109] Linking CXX executable TestReviewSummary.exe; Deploying qoffscreen platform plugin for TestReviewSummary
lto-wrapper.exe: warning: using serial compilation of 7 LTRANS jobs
lto-wrapper.exe: note: see the '-flto' option documentation for more information
[991/1109] Linking CXX executable TestPrintableSummary.exe; Deploying qoffscreen platform plugin for TestPrintableSummary
lto-wrapper.exe: warning: using serial compilation of 7 LTRANS jobs
lto-wrapper.exe: note: see the '-flto' option documentation for more information
[992/1109] Linking CXX executable TestDynamicStamps.exe; Deploying qoffscreen platform plugin for TestDynamicStamps
lto-wrapper.exe: warning: using serial compilation of 6 LTRANS jobs
lto-wrapper.exe: note: see the '-flto' option documentation for more information
[993/1109] Linking CXX executable TestStampImageImport.exe; Deploying qoffscreen platform plugin for TestStampImageImport
lto-wrapper.exe: warning: using serial compilation of 6 LTRANS jobs
lto-wrapper.exe: note: see the '-flto' option documentation for more information
[994/1109] Linking CXX executable TestFindReplace.exe; Deploying qoffscreen platform plugin for TestFindReplace
lto-wrapper.exe: warning: using serial compilation of 117 LTRANS jobs
lto-wrapper.exe: note: see the '-flto' option documentation for more information
In function 'memcpy',
    inlined from 'luaL_addlstring' at D:/pdf/pdf-f-tests/third_party/lua-5.4/src/lauxlib.c:586:5,
    inlined from 'luaL_addlstring' at D:/pdf/pdf-f-tests/third_party/lua-5.4/src/lauxlib.c:583:17,
    inlined from 'add_s' at D:/pdf/pdf-f-tests/third_party/lua-5.4/src/lstrlib.c:883:9,
    inlined from 'add_value' at D:/pdf/pdf-f-tests/third_party/lua-5.4/src/lstrlib.c:923:7,
    inlined from 'str_gsub' at D:/pdf/pdf-f-tests/third_party/lua-5.4/src/lstrlib.c:967:17:
D:/pdf/msys64/ucrt64/include/string.h:217:10: warning: '__builtin_memcpy' specified bound 18446744073709551614 exceeds maximum object size 9223372036854775807 [-Wstringop-overflow=]
  217 |   return __builtin___memcpy_chk(__dst, __src, __n, __mingw_bos(__dst, 0));
      |          ^
[995/1109] Linking CXX executable TestDjotRoundtrip.exe
lto-wrapper.exe: warning: using serial compilation of 7 LTRANS jobs
lto-wrapper.exe: note: see the '-flto' option documentation for more information
In function 'memcpy',
    inlined from 'luaL_addlstring' at D:/pdf/pdf-f-tests/third_party/lua-5.4/src/lauxlib.c:586:5,
    inlined from 'luaL_addlstring' at D:/pdf/pdf-f-tests/third_party/lua-5.4/src/lauxlib.c:583:17,
    inlined from 'add_s' at D:/pdf/pdf-f-tests/third_party/lua-5.4/src/lstrlib.c:883:9,
    inlined from 'add_value' at D:/pdf/pdf-f-tests/third_party/lua-5.4/src/lstrlib.c:923:7,
    inlined from 'str_gsub' at D:/pdf/pdf-f-tests/third_party/lua-5.4/src/lstrlib.c:967:17:
D:/pdf/msys64/ucrt64/include/string.h:217:10: warning: '__builtin_memcpy' specified bound 18446744073709551614 exceeds maximum object size 9223372036854775807 [-Wstringop-overflow=]
  217 |   return __builtin___memcpy_chk(__dst, __src, __n, __mingw_bos(__dst, 0));
      |          ^
[996/1109] Linking CXX executable TestDjotFuzz.exe
lto-wrapper.exe: warning: using serial compilation of 7 LTRANS jobs
lto-wrapper.exe: note: see the '-flto' option documentation for more information
In function 'memcpy',
    inlined from 'luaL_addlstring' at D:/pdf/pdf-f-tests/third_party/lua-5.4/src/lauxlib.c:586:5,
    inlined from 'luaL_addlstring' at D:/pdf/pdf-f-tests/third_party/lua-5.4/src/lauxlib.c:583:17,
    inlined from 'add_s' at D:/pdf/pdf-f-tests/third_party/lua-5.4/src/lstrlib.c:883:9,
    inlined from 'add_value' at D:/pdf/pdf-f-tests/third_party/lua-5.4/src/lstrlib.c:923:7,
    inlined from 'str_gsub' at D:/pdf/pdf-f-tests/third_party/lua-5.4/src/lstrlib.c:967:17:
D:/pdf/msys64/ucrt64/include/string.h:217:10: warning: '__builtin_memcpy' specified bound 18446744073709551614 exceeds maximum object size 9223372036854775807 [-Wstringop-overflow=]
  217 |   return __builtin___memcpy_chk(__dst, __src, __n, __mingw_bos(__dst, 0));
      |          ^
[997/1109] Linking CXX executable TestUpdateChecker.exe
[998/1109] Linking CXX executable TestWatermarkFont.exe; Deploying qoffscreen platform plugin for TestWatermarkFont
lto-wrapper.exe: warning: using serial compilation of 2 LTRANS jobs
lto-wrapper.exe: note: see the '-flto' option documentation for more information
[999/1109] Linking CXX executable TestOcrLanguage.exe
[1000/1109] Linking CXX executable TestAutoBookmarks.exe; Deploying qoffscreen platform plugin for TestAutoBookmarks
lto-wrapper.exe: warning: using serial compilation of 115 LTRANS jobs
lto-wrapper.exe: note: see the '-flto' option documentation for more information
In function 'memcpy',
    inlined from 'luaL_addlstring' at D:/pdf/pdf-f-tests/third_party/lua-5.4/src/lauxlib.c:586:5,
    inlined from 'luaL_addlstring' at D:/pdf/pdf-f-tests/third_party/lua-5.4/src/lauxlib.c:583:17,
    inlined from 'add_s' at D:/pdf/pdf-f-tests/third_party/lua-5.4/src/lstrlib.c:883:9,
    inlined from 'add_value' at D:/pdf/pdf-f-tests/third_party/lua-5.4/src/lstrlib.c:923:7,
    inlined from 'str_gsub' at D:/pdf/pdf-f-tests/third_party/lua-5.4/src/lstrlib.c:967:17:
D:/pdf/msys64/ucrt64/include/string.h:217:10: warning: '__builtin_memcpy' specified bound 18446744073709551614 exceeds maximum object size 9223372036854775807 [-Wstringop-overflow=]
  217 |   return __builtin___memcpy_chk(__dst, __src, __n, __mingw_bos(__dst, 0));
      |          ^
[1001/1109] Linking CXX executable TestLinkSchemeSafety.exe
[1002/1109] Linking CXX executable TestThumbnailZoom.exe
lto-wrapper.exe: warning: using serial compilation of 2 LTRANS jobs
lto-wrapper.exe: note: see the '-flto' option documentation for more information
[1003/1109] Linking CXX executable TestRedactClearMarks.exe
lto-wrapper.exe: warning: using serial compilation of 30 LTRANS jobs
lto-wrapper.exe: note: see the '-flto' option documentation for more information
[1004/1109] Linking CXX executable TestThumbnailOffGui.exe; Deploying qoffscreen platform plugin for TestThumbnailOffGui
lto-wrapper.exe: warning: using serial compilation of 5 LTRANS jobs
lto-wrapper.exe: note: see the '-flto' option documentation for more information
[1005/1109] Linking CXX executable TestMergeSuccess.exe
[1006/1109] Linking CXX executable TestFillFormLock.exe; Deploying qoffscreen platform plugin and podofo 1.1.0 DLL for TestFillFormLock; Deploying podofo 1.1.0 DLL for TestFillFormLock
lto-wrapper.exe: warning: using serial compilation of 5 LTRANS jobs
lto-wrapper.exe: note: see the '-flto' option documentation for more information
[1007/1109] Linking CXX executable TestFillFormNoOp.exe; Deploying qoffscreen platform plugin and podofo 1.1.0 DLL for TestFillFormNoOp; Deploying podofo 1.1.0 DLL for TestFillFormNoOp
lto-wrapper.exe: warning: using serial compilation of 6 LTRANS jobs
lto-wrapper.exe: note: see the '-flto' option documentation for more information
[1008/1109] Linking CXX executable TestReadingOrderInheritance.exe
lto-wrapper.exe: warning: using serial compilation of 2 LTRANS jobs
lto-wrapper.exe: note: see the '-flto' option documentation for more information
[1009/1109] Linking CXX executable TestShapeInkPersistence.exe; Deploying podofo 1.1.0 DLL for TestShapeInkPersistence
lto-wrapper.exe: warning: using serial compilation of 3 LTRANS jobs
lto-wrapper.exe: note: see the '-flto' option documentation for more information
[1010/1109] Linking CXX executable TestMeasurePanelHonesty.exe
lto-wrapper.exe: warning: using serial compilation of 3 LTRANS jobs
lto-wrapper.exe: note: see the '-flto' option documentation for more information
[1011/1109] Linking CXX executable TestMeasureCore.exe
[1012/1109] Linking CXX executable TestQuadPointsMarkup.exe; Deploying podofo 1.1.0 DLL for TestQuadPointsMarkup
lto-wrapper.exe: warning: using serial compilation of 5 LTRANS jobs
lto-wrapper.exe: note: see the '-flto' option documentation for more information
[1013/1109] Linking CXX executable TestMeasureRoundTrip.exe; Deploying podofo 1.1.0 DLL for TestMeasureRoundTrip
lto-wrapper.exe: warning: using serial compilation of 4 LTRANS jobs
lto-wrapper.exe: note: see the '-flto' option documentation for more information
[1014/1109] Linking CXX executable TestMeasureCsvExport.exe
lto-wrapper.exe: warning: using serial compilation of 3 LTRANS jobs
lto-wrapper.exe: note: see the '-flto' option documentation for more information
[1015/1109] Linking CXX executable TestLegacyOriginSpace.exe; Deploying podofo 1.1.0 DLL for TestLegacyOriginSpace
lto-wrapper.exe: warning: using serial compilation of 9 LTRANS jobs
lto-wrapper.exe: note: see the '-flto' option documentation for more information
[1016/1109] Linking CXX executable TestCompressStripSanitize.exe; Deploying podofo 1.1.0 DLL for TestCompressStripSanitize
lto-wrapper.exe: warning: using serial compilation of 3 LTRANS jobs
lto-wrapper.exe: note: see the '-flto' option documentation for more information
[1017/1109] Linking CXX executable TestCompressDialogHonesty.exe; Deploying qoffscreen platform plugin for TestCompressDialogHonesty
lto-wrapper.exe: warning: using serial compilation of 5 LTRANS jobs
lto-wrapper.exe: note: see the '-flto' option documentation for more information
[1018/1109] Linking CXX executable TestFieldMetadata.exe; Deploying qoffscreen platform plugin and podofo 1.1.0 DLL for TestFieldMetadata; Deploying podofo 1.1.0 DLL for TestFieldMetadata
lto-wrapper.exe: warning: using serial compilation of 5 LTRANS jobs
lto-wrapper.exe: note: see the '-flto' option documentation for more information
[1019/1109] Linking CXX executable TestFormJsCalc.exe; Deploying qoffscreen platform plugin and podofo 1.1.0 DLL for TestFormJsCalc; Deploying podofo 1.1.0 DLL for TestFormJsCalc; Deploying quickjs-ng runtime DLL for TestFormJsCalc
lto-wrapper.exe: warning: using serial compilation of 11 LTRANS jobs
lto-wrapper.exe: note: see the '-flto' option documentation for more information
[1020/1109] Linking CXX executable TestFormSafety.exe; Deploying qoffscreen platform plugin and podofo 1.1.0 DLL for TestFormSafety; Deploying podofo 1.1.0 DLL for TestFormSafety
lto-wrapper.exe: warning: using serial compilation of 12 LTRANS jobs
lto-wrapper.exe: note: see the '-flto' option documentation for more information
[1021/1109] Linking CXX executable TestFormJsAdversarial.exe; Deploying qoffscreen platform plugin and podofo 1.1.0 DLL for TestFormJsAdversarial; Deploying podofo 1.1.0 DLL for TestFormJsAdversarial; Deploying quickjs-ng runtime DLL for TestFormJsAdversarial
lto-wrapper.exe: warning: using serial compilation of 8 LTRANS jobs
lto-wrapper.exe: note: see the '-flto' option documentation for more information
[1022/1109] Linking CXX executable TestFormStaleDisclosure.exe; Deploying qoffscreen platform plugin and podofo 1.1.0 DLL for TestFormStaleDisclosure; Deploying podofo 1.1.0 DLL for TestFormStaleDisclosure; Deploying quickjs-ng runtime DLL for TestFormStaleDisclosure
lto-wrapper.exe: warning: using serial compilation of 7 LTRANS jobs
lto-wrapper.exe: note: see the '-flto' option documentation for more information
[1023/1109] Linking CXX executable TestFormKeystroke.exe; Deploying qoffscreen platform plugin and podofo 1.1.0 DLL for TestFormKeystroke; Deploying podofo 1.1.0 DLL for TestFormKeystroke; Deploying quickjs-ng runtime DLL for TestFormKeystroke
lto-wrapper.exe: warning: using serial compilation of 8 LTRANS jobs
lto-wrapper.exe: note: see the '-flto' option documentation for more information
[1024/1109] Linking CXX executable TestEncryptedPackageSafeWrite.exe
lto-wrapper.exe: warning: using serial compilation of 2 LTRANS jobs
lto-wrapper.exe: note: see the '-flto' option documentation for more information
[1025/1109] Linking CXX executable TestPrintJob.exe; Deploying qoffscreen platform plugin for TestPrintJob
[1026/1109] Linking CXX executable TestTempOwnership.exe
[1027/1109] Linking CXX executable TestCleanupCli.exe
lto-wrapper.exe: warning: using serial compilation of 2 LTRANS jobs
lto-wrapper.exe: note: see the '-flto' option documentation for more information
[1028/1109] Linking CXX executable TestFormUndo.exe; Deploying qoffscreen platform plugin and podofo 1.1.0 DLL for TestFormUndo; Deploying podofo 1.1.0 DLL for TestFormUndo
lto-wrapper.exe: warning: using serial compilation of 7 LTRANS jobs
lto-wrapper.exe: note: see the '-flto' option documentation for more information
[1029/1109] Linking CXX executable TestEngineSave.exe; Deploying qoffscreen platform plugin and podofo 1.1.0 DLL for TestEngineSave; Deploying podofo 1.1.0 DLL for TestEngineSave
lto-wrapper.exe: warning: using serial compilation of 19 LTRANS jobs
lto-wrapper.exe: note: see the '-flto' option documentation for more information
[1030/1109] Linking CXX executable TestValidateAllSignatures.exe
[1031/1109] Linking CXX executable TestImageEditWiring.exe
lto-wrapper.exe: warning: using serial compilation of 3 LTRANS jobs
lto-wrapper.exe: note: see the '-flto' option documentation for more information
[1032/1109] Linking CXX executable TestExportPathBadge.exe
lto-wrapper.exe: warning: using serial compilation of 6 LTRANS jobs
lto-wrapper.exe: note: see the '-flto' option documentation for more information
[1033/1109] Linking CXX executable TestRedactSanitizeBundle.exe; Deploying podofo 1.1.0 DLL for TestRedactSanitizeBundle
lto-wrapper.exe: warning: using serial compilation of 18 LTRANS jobs
lto-wrapper.exe: note: see the '-flto' option documentation for more information
[1034/1109] Linking CXX executable TestRedactTransaction.exe; Deploying qoffscreen platform plugin and podofo DLL for TestRedactTransaction; Deploying podofo 1.1.0 DLL for TestRedactTransaction
lto-wrapper.exe: warning: using serial compilation of 27 LTRANS jobs
lto-wrapper.exe: note: see the '-flto' option documentation for more information
[1035/1109] Linking CXX executable TestPptxOverlayAlpha.exe
lto-wrapper.exe: warning: using serial compilation of 4 LTRANS jobs
lto-wrapper.exe: note: see the '-flto' option documentation for more information
[1036/1109] Linking CXX executable TestAutoDetectHeuristic.exe; Deploying qoffscreen platform plugin and podofo 1.1.0 DLL for TestAutoDetectHeuristic; Deploying podofo 1.1.0 DLL for TestAutoDetectHeuristic
lto-wrapper.exe: warning: using serial compilation of 5 LTRANS jobs
lto-wrapper.exe: note: see the '-flto' option documentation for more information
[1037/1109] Linking CXX executable TestRedactionProof.exe; Deploying qoffscreen platform plugin and podofo DLL for TestRedactionProof; Deploying podofo 1.1.0 DLL for TestRedactionProof
lto-wrapper.exe: warning: using serial compilation of 26 LTRANS jobs
lto-wrapper.exe: note: see the '-flto' option documentation for more information
[1038/1109] Linking CXX executable fake_soffice.exe
[1039/1109] Linking CXX executable TestConversionExtraction.exe
lto-wrapper.exe: warning: using serial compilation of 6 LTRANS jobs
lto-wrapper.exe: note: see the '-flto' option documentation for more information
[1040/1109] Linking CXX executable TestTextExtractionCoords.exe
lto-wrapper.exe: warning: using serial compilation of 4 LTRANS jobs
lto-wrapper.exe: note: see the '-flto' option documentation for more information
[1041/1109] Linking CXX executable TestEraseWiring.exe
lto-wrapper.exe: warning: using serial compilation of 2 LTRANS jobs
lto-wrapper.exe: note: see the '-flto' option documentation for more information
[1042/1109] Linking CXX executable TestRibbonMarkupTools.exe
lto-wrapper.exe: warning: using serial compilation of 2 LTRANS jobs
lto-wrapper.exe: note: see the '-flto' option documentation for more information
[1043/1109] Linking CXX executable TestViewerRotation.exe
lto-wrapper.exe: warning: using serial compilation of 4 LTRANS jobs
lto-wrapper.exe: note: see the '-flto' option documentation for more information
[1044/1109] Linking CXX executable TestRotateView.exe
lto-wrapper.exe: warning: using serial compilation of 4 LTRANS jobs
lto-wrapper.exe: note: see the '-flto' option documentation for more information
[1045/1109] Linking CXX executable TestTwoPageOverlay.exe; Deploying podofo 1.1.0 DLL for TestTwoPageOverlay
lto-wrapper.exe: warning: using serial compilation of 4 LTRANS jobs
lto-wrapper.exe: note: see the '-flto' option documentation for more information
[1046/1109] Linking CXX executable TestViewingModes.exe; Deploying podofo 1.1.0 DLL for TestViewingModes
lto-wrapper.exe: warning: using serial compilation of 4 LTRANS jobs
lto-wrapper.exe: note: see the '-flto' option documentation for more information
[1047/1109] Linking CXX executable TestSignaturePicker.exe; Deploying podofo 1.1.0 DLL for TestSignaturePicker
lto-wrapper.exe: warning: using serial compilation of 6 LTRANS jobs
lto-wrapper.exe: note: see the '-flto' option documentation for more information
[1048/1109] Linking CXX executable TestCertEncryptPicker.exe; Deploying podofo 1.1.0 DLL for TestCertEncryptPicker
lto-wrapper.exe: warning: using serial compilation of 20 LTRANS jobs
lto-wrapper.exe: note: see the '-flto' option documentation for more information
[1049/1109] Linking CXX executable TestCertifySelector.exe; Deploying podofo 1.1.0 DLL for TestCertifySelector
lto-wrapper.exe: warning: using serial compilation of 3 LTRANS jobs
lto-wrapper.exe: note: see the '-flto' option documentation for more information
[1050/1109] Linking CXX executable TestPolicyController.exe
lto-wrapper.exe: warning: using serial compilation of 76 LTRANS jobs
lto-wrapper.exe: note: see the '-flto' option documentation for more information
[1051/1109] Linking CXX executable TestViewParity.exe; Deploying qoffscreen platform plugin for TestViewParity
lto-wrapper.exe: warning: using serial compilation of 114 LTRANS jobs
lto-wrapper.exe: note: see the '-flto' option documentation for more information
In function 'memcpy',
    inlined from 'luaL_addlstring' at D:/pdf/pdf-f-tests/third_party/lua-5.4/src/lauxlib.c:586:5,
    inlined from 'luaL_addlstring' at D:/pdf/pdf-f-tests/third_party/lua-5.4/src/lauxlib.c:583:17,
    inlined from 'add_s' at D:/pdf/pdf-f-tests/third_party/lua-5.4/src/lstrlib.c:883:9,
    inlined from 'add_value' at D:/pdf/pdf-f-tests/third_party/lua-5.4/src/lstrlib.c:923:7,
    inlined from 'str_gsub' at D:/pdf/pdf-f-tests/third_party/lua-5.4/src/lstrlib.c:967:17:
D:/pdf/msys64/ucrt64/include/string.h:217:10: warning: '__builtin_memcpy' specified bound 18446744073709551614 exceeds maximum object size 9223372036854775807 [-Wstringop-overflow=]
  217 |   return __builtin___memcpy_chk(__dst, __src, __n, __mingw_bos(__dst, 0));
      |          ^
[1052/1109] Linking CXX executable TestPolicyWiring.exe
lto-wrapper.exe: warning: using serial compilation of 3 LTRANS jobs
lto-wrapper.exe: note: see the '-flto' option documentation for more information
[1053/1109] Linking CXX executable TestOcspConsent.exe
lto-wrapper.exe: warning: using serial compilation of 75 LTRANS jobs
lto-wrapper.exe: note: see the '-flto' option documentation for more information
[1054/1109] Linking CXX executable TestSupportBundle.exe
lto-wrapper.exe: warning: using serial compilation of 75 LTRANS jobs
lto-wrapper.exe: note: see the '-flto' option documentation for more information
[1055/1109] Linking CXX executable TestOcrAcceptSeam.exe
[1056/1109] Linking CXX executable TestSearchFlags.exe
[1057/1109] Linking CXX executable TestExportPresets.exe
[1058/1109] Linking CXX executable TestOcrAcceptScope.exe
lto-wrapper.exe: warning: using serial compilation of 13 LTRANS jobs
lto-wrapper.exe: note: see the '-flto' option documentation for more information
[1059/1109] Linking CXX executable TestViewerLinkSeam.exe
lto-wrapper.exe: warning: using serial compilation of 4 LTRANS jobs
lto-wrapper.exe: note: see the '-flto' option documentation for more information
[1060/1109] Linking CXX executable TestHyperlinkNavigation.exe; Deploying podofo 1.1.0 DLL for TestHyperlinkNavigation
[1061/1109] Linking CXX executable TestRedactMarkAll.exe; Deploying podofo 1.1.0 DLL for TestRedactMarkAll
lto-wrapper.exe: warning: using serial compilation of 31 LTRANS jobs
lto-wrapper.exe: note: see the '-flto' option documentation for more information
[1062/1109] Linking CXX executable TestNetworkDisclosure.exe
lto-wrapper.exe: warning: using serial compilation of 75 LTRANS jobs
lto-wrapper.exe: note: see the '-flto' option documentation for more information
[1063/1109] Linking CXX executable TestAnnotationDjot.exe; Deploying qoffscreen platform plugin for TestAnnotationDjot
lto-wrapper.exe: warning: using serial compilation of 4 LTRANS jobs
lto-wrapper.exe: note: see the '-flto' option documentation for more information
[1064/1109] Linking CXX executable TestAiProvider.exe
lto-wrapper.exe: warning: using serial compilation of 2 LTRANS jobs
lto-wrapper.exe: note: see the '-flto' option documentation for more information
[1065/1109] Linking CXX executable TestRedactApplyMarks.exe; Deploying podofo 1.1.0 DLL for TestRedactApplyMarks
lto-wrapper.exe: warning: using serial compilation of 18 LTRANS jobs
lto-wrapper.exe: note: see the '-flto' option documentation for more information
[1066/1109] Linking CXX executable TestOllamaProvider.exe
lto-wrapper.exe: warning: using serial compilation of 3 LTRANS jobs
lto-wrapper.exe: note: see the '-flto' option documentation for more information
[1067/1109] Linking CXX executable TestDiffEngine.exe
lto-wrapper.exe: warning: using serial compilation of 5 LTRANS jobs
lto-wrapper.exe: note: see the '-flto' option documentation for more information
[1068/1109] Linking CXX executable TestOfficeImport.exe
lto-wrapper.exe: warning: using serial compilation of 4 LTRANS jobs
lto-wrapper.exe: note: see the '-flto' option documentation for more information
[1069/1109] Linking CXX executable TestMrcPipeline.exe
lto-wrapper.exe: warning: using serial compilation of 18 LTRANS jobs
lto-wrapper.exe: note: see the '-flto' option documentation for more information
[1070/1109] Linking CXX executable TestHistoryIntegrity.exe; Deploying qoffscreen platform plugin and podofo 1.1.0 DLL for TestHistoryIntegrity; Deploying podofo 1.1.0 DLL for TestHistoryIntegrity
lto-wrapper.exe: warning: using serial compilation of 25 LTRANS jobs
lto-wrapper.exe: note: see the '-flto' option documentation for more information
[1071/1109] Linking CXX executable TestImageAppearance.exe; Deploying qoffscreen platform plugin for TestImageAppearance; Deploying podofo 1.1.0 DLL for TestImageAppearance
lto-wrapper.exe: warning: using serial compilation of 21 LTRANS jobs
lto-wrapper.exe: note: see the '-flto' option documentation for more information
[1072/1109] Linking CXX executable TestOfficeExport.exe; Deploying podofo 1.1.0 DLL for TestOfficeExport
lto-wrapper.exe: warning: using serial compilation of 4 LTRANS jobs
lto-wrapper.exe: note: see the '-flto' option documentation for more information
[1073/1109] Linking CXX executable TestCheckedMutationCoverage.exe
lto-wrapper.exe: warning: using serial compilation of 81 LTRANS jobs
lto-wrapper.exe: note: see the '-flto' option documentation for more information
[1074/1109] Linking CXX executable TestTextEditStyle.exe; Deploying podofo 1.1.0 DLL for TestTextEditStyle
lto-wrapper.exe: warning: using serial compilation of 17 LTRANS jobs
lto-wrapper.exe: note: see the '-flto' option documentation for more information
[1075/1109] Linking CXX executable TestEraserEngine.exe; Deploying podofo 1.1.0 DLL for TestEraserEngine
lto-wrapper.exe: warning: using serial compilation of 18 LTRANS jobs
lto-wrapper.exe: note: see the '-flto' option documentation for more information
[1076/1109] Linking CXX executable render_path_profile.exe; Deploying qoffscreen platform plugin for render_path_profile
lto-wrapper.exe: warning: using serial compilation of 4 LTRANS jobs
lto-wrapper.exe: note: see the '-flto' option documentation for more information
[1077/1109] Linking CXX executable TestRenderGuards.exe; Deploying qoffscreen platform plugin for TestRenderGuards
lto-wrapper.exe: warning: using serial compilation of 4 LTRANS jobs
lto-wrapper.exe: note: see the '-flto' option documentation for more information
[1078/1109] Linking CXX executable TestSep13LeadCapability.exe; Deploying qoffscreen platform plugin for TestSep13LeadCapability
[1079/1109] Linking CXX executable TestSep13LeadBatchMerge.exe; Deploying qoffscreen platform plugin for TestSep13LeadBatchMerge
lto-wrapper.exe: warning: using serial compilation of 30 LTRANS jobs
lto-wrapper.exe: note: see the '-flto' option documentation for more information
[1080/1109] Linking CXX executable TestSep13LeadOcrGuards.exe; Deploying qoffscreen platform plugin for TestSep13LeadOcrGuards
lto-wrapper.exe: warning: using serial compilation of 3 LTRANS jobs
lto-wrapper.exe: note: see the '-flto' option documentation for more information
[1081/1109] Linking CXX executable TestSep13LeadConversionExport.exe
lto-wrapper.exe: warning: using serial compilation of 4 LTRANS jobs
lto-wrapper.exe: note: see the '-flto' option documentation for more information
[1082/1109] Linking CXX executable TestSep13LeadRedactionProof.exe; Deploying qoffscreen platform plugin for TestSep13LeadRedactionProof
lto-wrapper.exe: warning: using serial compilation of 23 LTRANS jobs
lto-wrapper.exe: note: see the '-flto' option documentation for more information
[1083/1109] Linking CXX executable R14ProbeRedactSpace.exe; Deploying qoffscreen platform plugin for R14ProbeRedactSpace
lto-wrapper.exe: warning: using serial compilation of 23 LTRANS jobs
lto-wrapper.exe: note: see the '-flto' option documentation for more information
[1084/1109] Linking CXX executable TestPersistenceOutcomes.exe; Deploying qoffscreen platform plugin for TestPersistenceOutcomes
lto-wrapper.exe: warning: using serial compilation of 114 LTRANS jobs
lto-wrapper.exe: note: see the '-flto' option documentation for more information
In function 'memcpy',
    inlined from 'luaL_addlstring' at D:/pdf/pdf-f-tests/third_party/lua-5.4/src/lauxlib.c:586:5,
    inlined from 'luaL_addlstring' at D:/pdf/pdf-f-tests/third_party/lua-5.4/src/lauxlib.c:583:17,
    inlined from 'add_s' at D:/pdf/pdf-f-tests/third_party/lua-5.4/src/lstrlib.c:883:9,
    inlined from 'add_value' at D:/pdf/pdf-f-tests/third_party/lua-5.4/src/lstrlib.c:923:7,
    inlined from 'str_gsub' at D:/pdf/pdf-f-tests/third_party/lua-5.4/src/lstrlib.c:967:17:
D:/pdf/msys64/ucrt64/include/string.h:217:10: warning: '__builtin_memcpy' specified bound 18446744073709551614 exceeds maximum object size 9223372036854775807 [-Wstringop-overflow=]
  217 |   return __builtin___memcpy_chk(__dst, __src, __n, __mingw_bos(__dst, 0));
      |          ^
[1085/1109] Linking CXX executable TestSep13LeadBtDowngrade.exe; Deploying podofo 1.1.0 DLL for TestSep13LeadBtDowngrade; Deploying qoffscreen platform plugin for TestSep13LeadBtDowngrade
lto-wrapper.exe: warning: using serial compilation of 3 LTRANS jobs
lto-wrapper.exe: note: see the '-flto' option documentation for more information
[1086/1109] Linking CXX executable TestSep13LeadComparePerf.exe; Deploying qoffscreen platform plugin for TestSep13LeadComparePerf
lto-wrapper.exe: warning: using serial compilation of 5 LTRANS jobs
lto-wrapper.exe: note: see the '-flto' option documentation for more information
[1087/1109] Linking CXX executable TestSweepW1PresetAdversary.exe
lto-wrapper.exe: warning: using serial compilation of 2 LTRANS jobs
lto-wrapper.exe: note: see the '-flto' option documentation for more information
[1088/1109] Linking CXX executable TestSweepW1SigningAdversary.exe; Deploying podofo 1.1.0 DLL for TestSweepW1SigningAdversary
lto-wrapper.exe: warning: using serial compilation of 6 LTRANS jobs
lto-wrapper.exe: note: see the '-flto' option documentation for more information
[1089/1109] Linking CXX executable TestSweepW1SummaryPolicyAdversary.exe; Deploying podofo 1.1.0 DLL for TestSweepW1SummaryPolicyAdversary
lto-wrapper.exe: warning: using serial compilation of 3 LTRANS jobs
lto-wrapper.exe: note: see the '-flto' option documentation for more information
[1090/1109] Linking CXX executable TestSweepW1SecProbe.exe; Deploying podofo 1.1.0 DLL for TestSweepW1SecProbe
lto-wrapper.exe: warning: using serial compilation of 5 LTRANS jobs
lto-wrapper.exe: note: see the '-flto' option documentation for more information
[1091/1109] Linking CXX executable W2BProbeNaming.exe; Deploying podofo 1.1.0 DLL for W2BProbeNaming
lto-wrapper.exe: warning: using serial compilation of 3 LTRANS jobs
lto-wrapper.exe: note: see the '-flto' option documentation for more information
[1092/1109] Linking CXX executable R14ProbeSep13Fixes-r2.exe; Deploying qoffscreen platform plugin for R14ProbeSep13Fixes
lto-wrapper.exe: warning: using serial compilation of 31 LTRANS jobs
lto-wrapper.exe: note: see the '-flto' option documentation for more information
