[1/729] Automatic MOC and UIC for target pdfws_commands
[2/727] Automatic MOC and UIC for target TestInterfaces
[3/725] Automatic MOC and UIC for target TestSignatureValidationMock
[4/723] Automatic MOC and UIC for target TestChain1
[5/721] Automatic MOC and UIC for target TestPageLabels
[6/720] Automatic MOC and UIC for target TestDjotRoundtrip
[7/718] Automatic MOC and UIC for target TestDjotFuzz
[8/716] Automatic MOC and UIC for target TestUpdateChecker
[9/714] Automatic MOC and UIC for target pdfws_engines
[10/714] Automatic MOC and UIC for target TestOcrLanguage
[11/712] Automatic MOC and UIC for target TestMeasureCore
[12/710] Automatic MOC and UIC for target TestEncryptedPackageSafeWrite
[13/709] Automatic MOC and UIC for target TestPrintJob
[14/707] Automatic MOC and UIC for target TestTempOwnership
[15/705] Automatic MOC and UIC for target TestCleanupCli
[16/703] Automatic MOC and UIC for target fake_soffice
[17/701] Building CXX object CMakeFiles/TestPageLabels.dir/src/engines/SafeSave.cpp.obj
[18/701] Building CXX object CMakeFiles/pdfws_engines.dir/cmake_pch.hxx.gch
[19/701] Building CXX object CMakeFiles/TestEncryptedPackageSafeWrite.dir/src/engines/SafeSave.cpp.obj
[20/701] Building CXX object CMakeFiles/pdfws_engines.dir/src/core/AnnotationSerializer.cpp.obj
[21/701] Building CXX object CMakeFiles/pdfws_engines.dir/pdfws_engines_autogen/mocs_compilation.cpp.obj
[22/701] Building CXX object CMakeFiles/pdfws_engines.dir/src/core/ErrorInfo.cpp.obj
[23/701] Building CXX object CMakeFiles/pdfws_engines.dir/src/core/Capability.cpp.obj
[24/701] Building CXX object CMakeFiles/pdfws_engines.dir/src/core/PolicyController.cpp.obj
[25/701] Building CXX object CMakeFiles/pdfws_engines.dir/src/core/PageLabels.cpp.obj
[26/701] Building CXX object CMakeFiles/pdfws_engines.dir/src/core/FormStaleFieldTracker.cpp.obj
[27/701] Building CXX object CMakeFiles/pdfws_engines.dir/src/core/TempFileManager.cpp.obj
[28/701] Building CXX object CMakeFiles/pdfws_engines.dir/src/core/CredentialManager.cpp.obj
[29/701] Building CXX object CMakeFiles/pdfws_engines.dir/src/core/VersionedJson.cpp.obj
[30/701] Building CXX object CMakeFiles/pdfws_engines.dir/src/core/BatchPreset.cpp.obj
[31/701] Building CXX object CMakeFiles/pdfws_engines.dir/src/core/EncryptedFileSecretStore.cpp.obj
D:/pdf/pdf-r3-sec/src/core/EncryptedFileSecretStore.cpp:70:6: warning: 'bool {anonymous}::permsAreOwnerOnlyFile(const QString&)' defined but not used [-Wunused-function]
   70 | bool permsAreOwnerOnlyFile(const QString& path)
      |      ^~~~~~~~~~~~~~~~~~~~~
[32/701] Building CXX object CMakeFiles/pdfws_engines.dir/src/engines/OcrEngine.cpp.obj
[33/701] Building CXX object CMakeFiles/pdfws_engines.dir/src/engines/FormManager.cpp.obj
[34/701] Building CXX object CMakeFiles/pdfws_engines.dir/src/engines/SafeSave.cpp.obj
[35/701] Building CXX object CMakeFiles/pdfws_engines.dir/src/engines/PdfEditorEngine.cpp.obj
[36/701] Building CXX object CMakeFiles/pdfws_engines.dir/src/engines/AccessibilityChecker.cpp.obj
[37/701] Building CXX object CMakeFiles/pdfws_engines.dir/src/engines/AccessibilityFixes.cpp.obj
[38/701] Building CXX object CMakeFiles/pdfws_engines.dir/src/engines/formjs/AFormShim.cpp.obj
[39/701] Building CXX object CMakeFiles/pdfws_engines.dir/src/engines/formjs/FormJsSandbox.cpp.obj
D:/pdf/pdf-r3-sec/src/engines/formjs/FormJsSandbox.cpp: In member function 'gp::formjs::JsEvalResult gp::formjs::FormJsSandbox::runScriptedEvent(const QString&, const QString&, const QString&, const QJsonObject&, int)':
D:/pdf/pdf-r3-sec/src/engines/formjs/FormJsSandbox.cpp:458:40: warning: comparison of integer expressions of different signedness: 'int64_t' {aka 'long long int'} and 'size_t' {aka 'long long unsigned int'} [-Wsign-compare]
  458 |                     if (mu.malloc_size >= size_t(m_limits.memoryLimitBytes * 0.9)) {
      |                         ~~~~~~~~~~~~~~~^~~~~~~~~~~~~~~~~~~~~~~~~~~~~~~~~~~~~~~~~~
[40/701] Building CXX object CMakeFiles/pdfws_engines.dir/src/engines/AccessibilityTagger.cpp.obj
D:/pdf/pdf-r3-sec/src/engines/AccessibilityTagger.cpp: In function 'std::map<int, std::map<int, gp::{anonymous}::GroupEdge> > gp::{anonymous}::assignGroups(WalkOutput&, QList<ElementRec>&)':
D:/pdf/pdf-r3-sec/src/engines/AccessibilityTagger.cpp:1269:18: warning: comparison of integer expressions of different signedness: 'size_t' {aka 'long long unsigned int'} and 'qsizetype' {aka 'long long int'} [-Wsign-compare]
 1269 |         while (i < evs.size()) {
      |                ~~^~~~~~~~~~~~
D:/pdf/pdf-r3-sec/src/engines/AccessibilityTagger.cpp:1272:26: warning: comparison of integer expressions of different signedness: 'size_t' {aka 'long long unsigned int'} and 'qsizetype' {aka 'long long int'} [-Wsign-compare]
 1272 |             while (j + 1 < evs.size()
      |                    ~~~~~~^~~~~~~~~~~~
D:/pdf/pdf-r3-sec/src/engines/AccessibilityTagger.cpp: At global scope:
D:/pdf/pdf-r3-sec/src/engines/AccessibilityTagger.cpp:127:5: warning: 'gp::{anonymous}::Mat gp::{anonymous}::dictMatrix(const PoDoFo::PdfDictionary&, const char*)' defined but not used [-Wunused-function]
  127 | Mat dictMatrix(const PdfDictionary& dict, const char* key) {
      |     ^~~~~~~~~~
[41/701] Building CXX object CMakeFiles/pdfws_engines.dir/src/engines/formjs/FormJsRunner.cpp.obj
D:/pdf/pdf-r3-sec/src/engines/formjs/FormJsRunner.cpp:40:24: warning: 'PoDoFo::PdfDictionary& gp::formjs::{anonymous}::fieldDict(PoDoFo::PdfField&)' defined but not used [-Wunused-function]
   40 | PoDoFo::PdfDictionary& fieldDict(PoDoFo::PdfField& f) { return f.GetDictionary(); }
      |                        ^~~~~~~~~
[42/701] Building CXX object CMakeFiles/pdfws_engines.dir/src/engines/RedactOperation.cpp.obj
[43/701] Building CXX object CMakeFiles/pdfws_engines.dir/src/core/RedactionProof.cpp.obj
D:/pdf/pdf-r3-sec/src/core/RedactionProof.cpp: In function 'QString gp::RedactionProof::{anonymous}::sha256Hex(const QString&, qint64*)':
D:/pdf/pdf-r3-sec/src/core/RedactionProof.cpp:49:21: warning: 'void QCryptographicHash::addData(const char*, qsizetype)' is deprecated: Use the QByteArrayView overload instead [-Wdeprecated-declarations]
   49 |         hash.addData(buf, int(n));
      |         ~~~~~~~~~~~~^~~~~~~~~~~~~
In file included from C:/msys64/ucrt64/include/qt6/QtCore/QCryptographicHash:1,
                 from D:/pdf/pdf-r3-sec/src/core/RedactionProof.cpp:4:
C:/msys64/ucrt64/include/qt6/QtCore/qcryptographichash.h:77:10: note: declared here
   77 |     void addData(const char *data, qsizetype length);
      |          ^~~~~~~
In file included from C:/msys64/ucrt64/include/qt6/QtCore/qstringview.h:11,
                 from C:/msys64/ucrt64/include/qt6/QtCore/qchar.h:730,
                 from C:/msys64/ucrt64/include/qt6/QtCore/qstring.h:15,
                 from C:/msys64/ucrt64/include/qt6/QtCore/QString:1,
                 from D:/pdf/pdf-r3-sec/build-rel/CMakeFiles/pdfws_engines.dir/cmake_pch.hxx:5,
                 from <command-line>:
D:/pdf/pdf-r3-sec/src/core/RedactionProof.cpp: In function 'bool gp::RedactionProof::{anonymous}::hasCompressedContainerSignature(const QByteArray&)':
D:/pdf/pdf-r3-sec/src/core/RedactionProof.cpp:370:27: warning: hex escape sequence out of range
  370 |         QByteArrayLiteral("\xfd7zXZ\x00"),
      |                           ^~~~~~~~~~~~~~
D:/pdf/pdf-r3-sec/src/core/RedactionProof.cpp:370:27: warning: hex escape sequence out of range
  370 |         QByteArrayLiteral("\xfd7zXZ\x00"),
      |                           ^~~~~~~~~~~~~~
[44/701] Building CXX object CMakeFiles/pdfws_engines.dir/src/engines/SignatureManager.cpp.obj
[45/701] Building CXX object CMakeFiles/pdfws_engines.dir/src/core/SigningRequestModel.cpp.obj
[46/701] Building CXX object CMakeFiles/pdfws_engines.dir/src/core/SigningLabels.cpp.obj
[47/701] Building CXX object CMakeFiles/pdfws_engines.dir/src/core/SigningRequestRunner.cpp.obj
[48/701] Building CXX object CMakeFiles/pdfws_engines.dir/src/engines/SignatureFieldCreator.cpp.obj
[49/701] Building CXX object CMakeFiles/pdfws_engines.dir/src/engines/DocumentSession.cpp.obj
[50/701] Building CXX object CMakeFiles/pdfws_engines.dir/src/engines/ConversionManager.cpp.obj
[51/701] Building CXX object CMakeFiles/pdfws_engines.dir/src/engines/AutosaveManager.cpp.obj
[52/701] Building CXX object CMakeFiles/pdfws_engines.dir/src/engines/BackendRouter.cpp.obj
[53/701] Building CXX object CMakeFiles/pdfws_engines.dir/src/engines/PatternRedactor.cpp.obj
[54/701] Building CXX object CMakeFiles/pdfws_engines.dir/src/engines/ReviewSummaryWriter.cpp.obj
[55/701] Building CXX object CMakeFiles/pdfws_engines.dir/src/engines/TextMatchFinder.cpp.obj
D:/pdf/pdf-r3-sec/src/engines/TextMatchFinder.cpp: In static member function 'static QList<QRectF> TextMatchFinder::lineRectsInRegion(const QString&, int, const QRectF&, MatchBudget*)':
D:/pdf/pdf-r3-sec/src/engines/TextMatchFinder.cpp:294:18: warning: unused variable 'effectiveBudget' [-Wunused-variable]
  294 |     MatchBudget* effectiveBudget = budget ? budget : &defaultBudget;
      |                  ^~~~~~~~~~~~~~~
[56/701] Building CXX object CMakeFiles/pdfws_engines.dir/src/engines/A11yReportWriter.cpp.obj
[57/701] Building CXX object CMakeFiles/pdfws_engines.dir/src/engines/HeadingOutlineDetector.cpp.obj
[58/701] Building CXX object CMakeFiles/pdfws_engines.dir/src/engines/podofo/PdfStringEscape.cpp.obj
[59/701] Building CXX object CMakeFiles/pdfws_engines.dir/src/core/StampLibrary.cpp.obj
D:/pdf/pdf-r3-sec/src/core/StampLibrary.cpp: In static member function 'static QList<StampTemplate> StampLibrary::builtIns()':
D:/pdf/pdf-r3-sec/src/core/StampLibrary.cpp:26:5: warning: missing initializer for member 'StampTemplate::imagePath' [-Wmissing-field-initializers]
   26 |     };
      |     ^
D:/pdf/pdf-r3-sec/src/core/StampLibrary.cpp:26:5: warning: missing initializer for member 'StampTemplate::imagePath' [-Wmissing-field-initializers]
D:/pdf/pdf-r3-sec/src/core/StampLibrary.cpp:26:5: warning: missing initializer for member 'StampTemplate::imagePath' [-Wmissing-field-initializers]
D:/pdf/pdf-r3-sec/src/core/StampLibrary.cpp:26:5: warning: missing initializer for member 'StampTemplate::imagePath' [-Wmissing-field-initializers]
D:/pdf/pdf-r3-sec/src/core/StampLibrary.cpp:26:5: warning: missing initializer for member 'StampTemplate::imagePath' [-Wmissing-field-initializers]
[60/701] Building CXX object CMakeFiles/pdfws_engines.dir/src/engines/podofo/GlyphAdvanceCalculator.cpp.obj
[61/701] Building CXX object CMakeFiles/pdfws_engines.dir/src/engines/podofo/ContentSpans.cpp.obj
D:/pdf/pdf-r3-sec/src/engines/podofo/ContentSpans.cpp:344:5: warning: 'int gp::content::{anonymous}::innermostBlockOpen(const QList<gp::content::Token>&, int)' defined but not used [-Wunused-function]
  344 | int innermostBlockOpen(const QList<Token> &toks, int at)
      |     ^~~~~~~~~~~~~~~~~~
[62/701] Building CXX object CMakeFiles/pdfws_engines.dir/src/engines/podofo/PdfEncryptPubSec.cpp.obj
[63/701] Building CXX object CMakeFiles/pdfws_engines.dir/src/engines/podofo/PdfPageOps.cpp.obj
[64/701] Building CXX object CMakeFiles/pdfws_engines.dir/src/engines/pdfium/PdfiumEnvironment.cpp.obj
[65/701] Building CXX object CMakeFiles/pdfws_engines.dir/src/engines/podofo/PoDoFoBackend.cpp.obj
[66/701] Building CXX object CMakeFiles/pdfws_engines.dir/src/engines/qpdf/QpdfBackend.cpp.obj
[67/701] Building CXX object CMakeFiles/pdfws_engines.dir/src/engines/pdfium/PdfiumBackend.cpp.obj
[68/701] Building CXX object CMakeFiles/pdfws_engines.dir/src/engines/DiffEngine.cpp.obj
[69/701] Building CXX object CMakeFiles/pdfws_engines.dir/src/engines/MyersDiff.cpp.obj
[70/701] Building CXX object CMakeFiles/pdfws_engines.dir/src/engines/RenderCache.cpp.obj
[71/701] Building CXX object CMakeFiles/pdfws_engines.dir/src/engines/VeraPdfValidator.cpp.obj
[72/701] Building CXX object CMakeFiles/pdfws_engines.dir/src/engines/ocr/PpDocLayoutDetector.cpp.obj
D:/pdf/pdf-r3-sec/src/engines/ocr/PpDocLayoutDetector.cpp:45:12: warning: 'RegionType {anonymous}::classToRegionType(int)' defined but not used [-Wunused-function]
   45 | RegionType classToRegionType(int classIdx)
      |            ^~~~~~~~~~~~~~~~~
[73/701] Building CXX object CMakeFiles/pdfws_engines.dir/src/engines/scheduling/LaneScheduler.cpp.obj
[74/701] Building CXX object CMakeFiles/pdfws_engines.dir/src/engines/ocr/SuryaDetector.cpp.obj
[75/701] Building CXX object CMakeFiles/pdfws_engines.dir/src/engines/ocr/OcrPreprocessor.cpp.obj
[76/701] Building CXX object CMakeFiles/pdfws_engines.dir/src/engines/ocr/LayoutEnsemble.cpp.obj
[77/701] Building CXX object CMakeFiles/pdfws_engines.dir/src/engines/ocr/OcrPipeline.cpp.obj
[78/701] Building CXX object CMakeFiles/pdfws_engines.dir/src/engines/ocr/PpOcrDecoder.cpp.obj
[79/701] Building CXX object CMakeFiles/pdfws_engines.dir/src/engines/ocr/OcrDjotMapper.cpp.obj
[80/701] Building CXX object CMakeFiles/pdfws_engines.dir/src/engines/ocr/RapidOcrEngine.cpp.obj
[81/701] Building CXX object CMakeFiles/pdfws_engines.dir/src/engines/conversion/DjvuImporter.cpp.obj
[82/701] Building CXX object CMakeFiles/pdfws_engines.dir/src/engines/mrc/MrcPageProcessor.cpp.obj
[83/701] Linking CXX static library libpdfws_engines.a
[84/701] Linking CXX executable TestPageLabels.exe; Deploying podofo 1.1.0 DLL for TestPageLabels
lto-wrapper.exe: warning: using serial compilation of 2 LTRANS jobs
lto-wrapper.exe: note: see the '-flto' option documentation for more information
[85/701] Automatic MOC and UIC for target UnitTests
[86/700] Automatic MOC and UIC for target pdfws_ui
[87/700] Automatic MOC and UIC for target TestExpiryInterface
[88/699] Building CXX object CMakeFiles/pdfws_ui.dir/src/shell/controllers/HomeController.cpp.obj
[89/699] Building CXX object CMakeFiles/pdfws_ui.dir/pdfws_ui_autogen/mocs_compilation.cpp.obj
[90/699] Building CXX object CMakeFiles/pdfws_ui.dir/src/modes/ModeController.cpp.obj
[91/699] Building CXX object CMakeFiles/pdfws_ui.dir/src/modes/HotFolderController.cpp.obj
[92/699] Automatic MOC and UIC for target SmokeTest
[93/698] Automatic MOC and UIC for target TestSanitization
[94/697] Automatic MOC and UIC for target TestSanitizeTrailerUaf
[95/696] Automatic MOC and UIC for target TestAutosave
[96/695] Automatic MOC and UIC for target TestRobustness
[97/694] Automatic MOC and UIC for target TestSecretStore
[98/693] Building CXX object CMakeFiles/pdfws_ui.dir/src/modes/BatchMode.cpp.obj
[99/693] Automatic MOC and UIC for target TestSignatureValidation
[100/692] Linking CXX static library libpdfws_ui.a
[101/692] Automatic MOC and UIC for target TestEraseSignedGuard
[102/691] Automatic MOC and UIC for target PdfWorkstation
[103/690] Automatic MOC and UIC for target TestViewParity
[104/689] Automatic MOC and UIC for target TestSanitizeSelective
[105/688] Automatic MOC and UIC for target TestDocumentIdentity
[106/687] Automatic MOC and UIC for target TestBatesBatchSafety
[107/686] Automatic MOC and UIC for target TestRecoverySave
[108/685] Automatic MOC and UIC for target TestReadOnlyGate
[109/684] Automatic MOC and UIC for target TestSidecarReopenState
[110/683] Automatic MOC and UIC for target TestSignatureRealCrypto
[111/682] Automatic MOC and UIC for target TestSendForSigning
[112/681] Automatic MOC and UIC for target TestSignatureAppearance
[113/680] Automatic MOC and UIC for target TestOptimizeSignedGuard
[114/679] Automatic MOC and UIC for target TestImageDedup
[115/678] Automatic MOC and UIC for target TestRedaction
[116/677] Automatic MOC and UIC for target TestDedupSMask
[117/676] Automatic MOC and UIC for target TestCompressJpegReencode
[118/675] Automatic MOC and UIC for target TestOptimizeEstimate
[119/674] Automatic MOC and UIC for target TestLayoutEnsemble
[120/673] Automatic MOC and UIC for target TestOcrReviewLifecycle
[121/672] Automatic MOC and UIC for target TestOcrPipeline
[122/671] Automatic MOC and UIC for target TestOcrRegionReocr
[123/670] Automatic MOC and UIC for target TestOcrOutputMode
[124/669] Automatic MOC and UIC for target TestOcrVerifyNavigation
[125/668] Automatic MOC and UIC for target TestOcrVerifyPort
[126/667] Automatic MOC and UIC for target TestOcrPreprocessor
[127/666] Automatic MOC and UIC for target TestOcrDjotMapper
[128/665] Automatic MOC and UIC for target TestThreadSafety
[129/664] Automatic MOC and UIC for target TestEncryption
[130/663] Automatic MOC and UIC for target TestResourceLimits
[131/662] Automatic MOC and UIC for target TestControllers
[132/661] Automatic MOC and UIC for target TestSevenZipBundle
[133/660] Automatic MOC and UIC for target TestRibbonIntegrity
[134/659] Automatic MOC and UIC for target TestMenuBarIntegrity
[135/658] Automatic MOC and UIC for target TestCommandBinding
[136/657] Automatic MOC and UIC for target TestWelcomeRoutes
[137/656] Automatic MOC and UIC for target TestUiAccessibility
[138/655] Automatic MOC and UIC for target TestIntegration
[139/654] Automatic MOC and UIC for target TestSweepW3UxFlows
[140/653] Automatic MOC and UIC for target TestPerformance
[141/652] Automatic MOC and UIC for target TestVeraPdf
[142/651] Automatic MOC and UIC for target TestReadingOrderAsync
[143/650] Automatic MOC and UIC for target TestAccessibilityChecker
[144/649] Automatic MOC and UIC for target TestAccessibilityPanel
[145/648] Automatic MOC and UIC for target TestA11yReportWriter
[146/647] Automatic MOC and UIC for target TestAccessibilityFixes
[147/646] Automatic MOC and UIC for target TestLaneScheduler
[148/645] Automatic MOC and UIC for target TestAccessibilityTagger
[149/644] Automatic MOC and UIC for target TestFormBuilder
[150/643] Automatic MOC and UIC for target TestFormPersistence
[151/642] Automatic MOC and UIC for target TestCompareEntry
[152/641] Automatic MOC and UIC for target TestCompareIntegration
[153/640] Automatic MOC and UIC for target TestPagesMode
[154/639] Automatic MOC and UIC for target TestBatchMode
[155/638] Automatic MOC and UIC for target TestBatchPresets
[156/637] Automatic MOC and UIC for target TestBatchPresetsP2
[157/636] Automatic MOC and UIC for target TestHotFolder
[158/635] Automatic MOC and UIC for target TestBatchOcrLanguage
[159/634] Automatic MOC and UIC for target TestOcrPreprocessPrefs
[160/633] Automatic MOC and UIC for target TestBatchOcrSkipText
[161/632] Automatic MOC and UIC for target TestBatesCrossDoc
[162/631] Automatic MOC and UIC for target TestOpenRouting
[163/630] Automatic MOC and UIC for target TestExcisionCorruption
[164/629] Automatic MOC and UIC for target TestPdfACidSetSafety
[165/628] Automatic MOC and UIC for target TestReadingOrderThreshold
[166/627] Automatic MOC and UIC for target TestBatchOpsCoverage
[167/626] Automatic MOC and UIC for target TestReadingOrderMcid
[168/625] Automatic MOC and UIC for target TestReadingOrderDepthCap
[169/624] Automatic MOC and UIC for target TestLinkBookmarkRoundTrip
[170/623] Automatic MOC and UIC for target TestSignatureSessionCache
[171/622] Automatic MOC and UIC for target TestCapabilityRegistry
[172/621] Automatic MOC and UIC for target TestXfaHonestyBanner
[173/620] Automatic MOC and UIC for target TestTaskNavRegistry
[174/619] Automatic MOC and UIC for target TestScreenStateSync
[175/618] Automatic MOC and UIC for target TestRibbonCollapse
[176/617] Automatic MOC and UIC for target TestModeStripPins
[177/616] Automatic MOC and UIC for target TestStatusBarSlim
[178/615] Automatic MOC and UIC for target TestCommentsReview
[179/614] Automatic MOC and UIC for target TestWelcomeLayout
[180/613] Automatic MOC and UIC for target TestSignatureBadges
[181/612] Automatic MOC and UIC for target TestInspector
[182/611] Automatic MOC and UIC for target TestPatternRedact
[183/610] Automatic MOC and UIC for target TestBatchOcrConfidence
[184/609] Automatic MOC and UIC for target TestFindReplace
[185/608] Automatic MOC and UIC for target TestReviewSummary
[186/607] Automatic MOC and UIC for target TestPrintableSummary
[187/606] Automatic MOC and UIC for target TestDynamicStamps
[188/605] Automatic MOC and UIC for target TestStampImageImport
[189/604] Automatic MOC and UIC for target TestAutoBookmarks
[190/603] Automatic MOC and UIC for target TestWatermarkFont
[191/602] Automatic MOC and UIC for target TestRedactClearMarks
[192/601] Automatic MOC and UIC for target TestLinkSchemeSafety
[193/600] Automatic MOC and UIC for target TestThumbnailZoom
[194/599] Automatic MOC and UIC for target TestThumbnailOffGui
[195/598] Automatic MOC and UIC for target TestMergeSuccess
[196/597] Automatic MOC and UIC for target TestFillFormLock
[197/596] Automatic MOC and UIC for target TestFillFormNoOp
[198/595] Automatic MOC and UIC for target TestReadingOrderInheritance
[199/594] Automatic MOC and UIC for target TestShapeInkPersistence
[200/593] Automatic MOC and UIC for target TestQuadPointsMarkup
[201/592] Automatic MOC and UIC for target TestMeasurePanelHonesty
[202/591] Automatic MOC and UIC for target TestMeasureRoundTrip
[203/590] Automatic MOC and UIC for target TestLegacyOriginSpace
[204/589] Automatic MOC and UIC for target TestMeasureCsvExport
[205/588] Automatic MOC and UIC for target TestCompressStripSanitize
[206/587] Automatic MOC and UIC for target TestCompressDialogHonesty
[207/586] Automatic MOC and UIC for target TestFieldMetadata
[208/585] Automatic MOC and UIC for target TestFormSafety
[209/584] Automatic MOC and UIC for target TestFormJsCalc
[210/583] Automatic MOC and UIC for target TestFormJsAdversarial
[211/582] Automatic MOC and UIC for target TestFormStaleDisclosure
[212/581] Automatic MOC and UIC for target TestFormKeystroke
[213/580] Automatic MOC and UIC for target TestEngineSave
[214/579] Automatic MOC and UIC for target TestFormUndo
[215/578] Automatic MOC and UIC for target TestValidateAllSignatures
[216/577] Automatic MOC and UIC for target TestExportPathBadge
[217/576] Automatic MOC and UIC for target TestImageEditWiring
[218/575] Automatic MOC and UIC for target TestRedactSanitizeBundle
[219/574] Automatic MOC and UIC for target TestRedactTransaction
[220/573] Automatic MOC and UIC for target TestRedactionProof
[221/572] Automatic MOC and UIC for target TestPptxOverlayAlpha
[222/571] Automatic MOC and UIC for target TestAutoDetectHeuristic
[223/570] Automatic MOC and UIC for target TestConversionExtraction
[224/569] Automatic MOC and UIC for target TestTextExtractionCoords
[225/568] Automatic MOC and UIC for target TestEraseWiring
[226/567] Automatic MOC and UIC for target TestRibbonMarkupTools
[227/566] Automatic MOC and UIC for target TestViewerRotation
[228/565] Automatic MOC and UIC for target TestRotateView
[229/564] Automatic MOC and UIC for target TestTwoPageOverlay
[230/563] Automatic MOC and UIC for target TestViewingModes
[231/562] Automatic MOC and UIC for target TestSignaturePicker
[232/561] Automatic MOC and UIC for target TestCertEncryptPicker
[233/560] Automatic MOC and UIC for target TestCertifySelector
[234/559] Automatic MOC and UIC for target TestPolicyController
[235/558] Automatic MOC and UIC for target TestPolicyWiring
[236/557] Automatic MOC and UIC for target TestOcspConsent
[237/556] Automatic MOC and UIC for target TestSupportBundle
[238/555] Automatic MOC and UIC for target TestNetworkDisclosure
[239/554] Automatic MOC and UIC for target TestOcrAcceptSeam
[240/553] Automatic MOC and UIC for target TestSearchFlags
[241/552] Automatic MOC and UIC for target TestExportPresets
[242/551] Automatic MOC and UIC for target TestOcrAcceptScope
[243/550] Automatic MOC and UIC for target TestViewerLinkSeam
[244/549] Automatic MOC and UIC for target TestHyperlinkNavigation
[245/548] Automatic MOC and UIC for target TestRedactMarkAll
[246/547] Automatic MOC and UIC for target TestRedactApplyMarks
[247/546] Automatic MOC and UIC for target TestAnnotationDjot
[248/545] Automatic MOC and UIC for target TestAiProvider
[249/544] Automatic MOC and UIC for target TestOllamaProvider
[250/543] Automatic MOC and UIC for target TestDiffEngine
[251/542] Automatic MOC and UIC for target TestOfficeImport
[252/541] Automatic MOC and UIC for target TestMrcPipeline
[253/540] Automatic MOC and UIC for target TestCheckedMutationCoverage
[254/539] Automatic MOC and UIC for target TestHistoryIntegrity
[255/538] Automatic MOC and UIC for target TestImageAppearance
[256/537] Automatic MOC and UIC for target TestOfficeExport
[257/536] Automatic MOC and UIC for target TestTextEditStyle
[258/535] Automatic MOC and UIC for target TestEraserEngine
[259/534] Automatic MOC and UIC for target TestPersistenceOutcomes
[260/533] Automatic MOC and UIC for target render_path_profile
[261/532] Automatic MOC and UIC for target TestRenderGuards
[262/531] Automatic MOC and UIC for target TestSep13LeadCapability
[263/530] Automatic MOC and UIC for target TestSep13LeadOcrGuards
[264/529] Automatic MOC and UIC for target TestSep13LeadBatchMerge
[265/528] Automatic MOC and UIC for target TestSep13LeadConversionExport
[266/527] Automatic MOC and UIC for target R14ProbeRedactSpace
[267/526] Automatic MOC and UIC for target TestSep13LeadRedactionProof
[268/525] Automatic MOC and UIC for target TestSep13LeadBtDowngrade
[269/524] Automatic MOC and UIC for target TestSep13LeadComparePerf
[270/523] Automatic MOC and UIC for target R14ProbeSep13Fixes
[271/522] Automatic MOC and UIC for target TestSweepW1PresetAdversary
[272/521] Automatic MOC and UIC for target TestSweepW1SigningAdversary
[273/520] Automatic MOC and UIC for target TestSweepW1SummaryPolicyAdversary
[274/519] Automatic MOC and UIC for target TestSweepW1SecProbe
[275/518] Automatic MOC and UIC for target W2BProbeNaming
[276/517] Automatic MOC and UIC for target W2BProbeSigning
[277/516] Automatic MOC and UIC for target W2BProbeSummaryPolicy
[278/515] Automatic MOC and UIC for target W2BProbeA11y
[279/514] Automatic MOC and UIC for target W2BProbeLegacySpace
[280/513] Automatic MOC and UIC for target W2BProbeOfficeSave
[281/512] Automatic MOC and UIC for target TestRotate270PageSpace
[282/511] Automatic MOC and UIC for target R14ProbeBatchSkip
[283/510] Automatic MOC and UIC for target TestGsdW2Probe
[284/509] Automatic MOC and UIC for target W2CProbeRotate270
[285/508] Automatic MOC and UIC for target TestPgr37PageSpaceLaw
[286/507] Automatic MOC and UIC for target TestPgr36StaleSigningPanel
[287/506] Automatic MOC and UIC for target TestPgr35BatchCollision
[288/505] Automatic MOC and UIC for target TestFileHandleCoordination
[289/504] Automatic MOC and UIC for target TestCommandRegistry
[290/503] Building CXX object CMakeFiles/TestBatchMode.dir/tests/TestBatchMode.cpp.obj
[291/503] Building CXX object CMakeFiles/TestSweepW3UxFlows.dir/tests/TestSweepW3UxFlows.cpp.obj
D:/pdf/pdf-r3-sec/tests/TestSweepW3UxFlows.cpp:257:6: warning: 'void {anonymous}::pickMultiFilesByTitle(const QString&, const QStringList&, int)' defined but not used [-Wunused-function]
  257 | void pickMultiFilesByTitle(const QString &title, const QStringList &paths, int budgetMs = 60000)
      |      ^~~~~~~~~~~~~~~~~~~~~
[292/503] Building CXX object CMakeFiles/TestBatchPresets.dir/tests/TestBatchPresets.cpp.obj
[293/503] Building CXX object CMakeFiles/TestBatchPresetsP2.dir/tests/TestBatchPresetsP2.cpp.obj
[294/503] Building CXX object CMakeFiles/TestHotFolder.dir/tests/TestHotFolder.cpp.obj
[295/503] Building CXX object CMakeFiles/TestBatchOcrLanguage.dir/tests/TestBatchOcrLanguage.cpp.obj
[296/503] Building CXX object CMakeFiles/TestBatchOcrSkipText.dir/tests/TestBatchOcrSkipText.cpp.obj
[297/503] Building CXX object CMakeFiles/TestBatchOpsCoverage.dir/tests/TestBatchOpsCoverage.cpp.obj
[298/503] Building CXX object CMakeFiles/TestBatchOcrConfidence.dir/tests/TestBatchOcrConfidence.cpp.obj
[299/503] Building CXX object CMakeFiles/TestSep13LeadBatchMerge.dir/tests/TestSep13LeadBatchMerge.cpp.obj
[300/503] Building CXX object CMakeFiles/R14ProbeSep13Fixes.dir/tests/R14ProbeSep13Fixes.cpp.obj
[301/503] Building CXX object CMakeFiles/R14ProbeBatchSkip.dir/tests/R14ProbeBatchSkip.cpp.obj
[302/503] Building CXX object CMakeFiles/TestGsdW2Probe.dir/tests/TestGsdW2Probe.cpp.obj
[303/503] Building CXX object CMakeFiles/TestPgr35BatchCollision.dir/tests/TestPgr35BatchCollision.cpp.obj
[304/503] Linking CXX executable UnitTests.exe
lto-wrapper.exe: warning: using serial compilation of 6 LTRANS jobs
lto-wrapper.exe: note: see the '-flto' option documentation for more information
[305/503] Linking CXX executable TestExpiryInterface.exe; Deploying podofo 1.1.0 DLL for TestExpiryInterface
lto-wrapper.exe: warning: using serial compilation of 18 LTRANS jobs
lto-wrapper.exe: note: see the '-flto' option documentation for more information
[306/503] Linking CXX executable SmokeTest.exe
lto-wrapper.exe: warning: using serial compilation of 25 LTRANS jobs
lto-wrapper.exe: note: see the '-flto' option documentation for more information
[307/503] Linking CXX executable TestSanitization.exe
lto-wrapper.exe: warning: using serial compilation of 19 LTRANS jobs
lto-wrapper.exe: note: see the '-flto' option documentation for more information
[308/503] Linking CXX executable TestSanitizeSelective.exe; Deploying podofo 1.1.0 DLL for TestSanitizeSelective
lto-wrapper.exe: warning: using serial compilation of 19 LTRANS jobs
lto-wrapper.exe: note: see the '-flto' option documentation for more information
[309/503] Linking CXX executable TestSanitizeTrailerUaf.exe
lto-wrapper.exe: warning: using serial compilation of 18 LTRANS jobs
lto-wrapper.exe: note: see the '-flto' option documentation for more information
[310/503] Linking CXX executable PdfWorkstation.exe; AR-11 D4: Stripping DWARF paths from Release PdfWorkstation.exe
lto-wrapper.exe: warning: using serial compilation of 116 LTRANS jobs
lto-wrapper.exe: note: see the '-flto' option documentation for more information
In function 'memcpy',
    inlined from 'luaL_addlstring' at D:/pdf/pdf-r3-sec/third_party/lua-5.4/src/lauxlib.c:586:5,
    inlined from 'luaL_addlstring' at D:/pdf/pdf-r3-sec/third_party/lua-5.4/src/lauxlib.c:583:17,
    inlined from 'add_s' at D:/pdf/pdf-r3-sec/third_party/lua-5.4/src/lstrlib.c:883:9,
    inlined from 'add_value' at D:/pdf/pdf-r3-sec/third_party/lua-5.4/src/lstrlib.c:923:7,
    inlined from 'str_gsub' at D:/pdf/pdf-r3-sec/third_party/lua-5.4/src/lstrlib.c:967:17:
D:/pdf/msys64/ucrt64/include/string.h:217:10: warning: '__builtin_memcpy' specified bound 18446744073709551614 exceeds maximum object size 9223372036854775807 [-Wstringop-overflow=]
  217 |   return __builtin___memcpy_chk(__dst, __src, __n, __mingw_bos(__dst, 0));
      |          ^
[311/503] Linking CXX executable TestAutosave.exe
lto-wrapper.exe: warning: using serial compilation of 19 LTRANS jobs
lto-wrapper.exe: note: see the '-flto' option documentation for more information
[312/503] Linking CXX executable TestDocumentIdentity.exe; Deploying qoffscreen platform plugin for TestDocumentIdentity
D:/pdf/pdf-r3-sec/src/modes/PdfAValidationPanel.h:68:7: warning: type 'struct PdfAValidationPanel' violates the C++ One Definition Rule [-Wodr]
   68 | class PdfAValidationPanel : public QFrame {
      |       ^
D:/pdf/pdf-r3-sec/src/modes/PdfAValidationPanel.h:68:7: note: a different type is defined in another translation unit
   68 | class PdfAValidationPanel : public QFrame {
      |       ^
D:/pdf/pdf-r3-sec/src/modes/PdfAValidationPanel.h:120:24: note: the first difference of corresponding definitions is field 'm_issuesLayout'
  120 |     class QVBoxLayout* m_issuesLayout{nullptr};
      |                        ^
D:/pdf/pdf-r3-sec/src/modes/PdfAValidationPanel.h:120:24: note: a field of same name but different type is defined in another translation unit
  120 |     class QVBoxLayout* m_issuesLayout{nullptr};
      |                        ^
D:/pdf/pdf-r3-sec/src/modes/PdfAValidationPanel.h:120:11: note: type name 'gp::QVBoxLayout' should match type name 'QVBoxLayout'
  120 |     class QVBoxLayout* m_issuesLayout{nullptr};
      |           ^
C:/msys64/ucrt64/include/qt6/QtWidgets/qboxlayout.h:91:24: note: the incompatible type is defined here
   91 | class Q_WIDGETS_EXPORT QVBoxLayout : public QBoxLayout
      |                        ^
lto-wrapper.exe: warning: using serial compilation of 116 LTRANS jobs
lto-wrapper.exe: note: see the '-flto' option documentation for more information
In function 'memcpy',
    inlined from 'luaL_addlstring' at D:/pdf/pdf-r3-sec/third_party/lua-5.4/src/lauxlib.c:586:5,
    inlined from 'luaL_addlstring' at D:/pdf/pdf-r3-sec/third_party/lua-5.4/src/lauxlib.c:583:17,
    inlined from 'add_s' at D:/pdf/pdf-r3-sec/third_party/lua-5.4/src/lstrlib.c:883:9,
    inlined from 'add_value' at D:/pdf/pdf-r3-sec/third_party/lua-5.4/src/lstrlib.c:923:7,
    inlined from 'str_gsub' at D:/pdf/pdf-r3-sec/third_party/lua-5.4/src/lstrlib.c:967:17:
D:/pdf/msys64/ucrt64/include/string.h:217:10: warning: '__builtin_memcpy' specified bound 18446744073709551614 exceeds maximum object size 9223372036854775807 [-Wstringop-overflow=]
  217 |   return __builtin___memcpy_chk(__dst, __src, __n, __mingw_bos(__dst, 0));
      |          ^
[313/503] Linking CXX executable TestBatesBatchSafety.exe; Deploying qoffscreen platform plugin for TestBatesBatchSafety
lto-wrapper.exe: warning: using serial compilation of 118 LTRANS jobs
lto-wrapper.exe: note: see the '-flto' option documentation for more information
In function 'memcpy',
    inlined from 'luaL_addlstring' at D:/pdf/pdf-r3-sec/third_party/lua-5.4/src/lauxlib.c:586:5,
    inlined from 'luaL_addlstring' at D:/pdf/pdf-r3-sec/third_party/lua-5.4/src/lauxlib.c:583:17,
    inlined from 'add_s' at D:/pdf/pdf-r3-sec/third_party/lua-5.4/src/lstrlib.c:883:9,
    inlined from 'add_value' at D:/pdf/pdf-r3-sec/third_party/lua-5.4/src/lstrlib.c:923:7,
    inlined from 'str_gsub' at D:/pdf/pdf-r3-sec/third_party/lua-5.4/src/lstrlib.c:967:17:
D:/pdf/msys64/ucrt64/include/string.h:217:10: warning: '__builtin_memcpy' specified bound 18446744073709551614 exceeds maximum object size 9223372036854775807 [-Wstringop-overflow=]
  217 |   return __builtin___memcpy_chk(__dst, __src, __n, __mingw_bos(__dst, 0));
      |          ^
[314/503] Linking CXX executable TestRecoverySave.exe; Deploying qoffscreen platform plugin for TestRecoverySave
lto-wrapper.exe: warning: using serial compilation of 117 LTRANS jobs
lto-wrapper.exe: note: see the '-flto' option documentation for more information
In function 'memcpy',
    inlined from 'luaL_addlstring' at D:/pdf/pdf-r3-sec/third_party/lua-5.4/src/lauxlib.c:586:5,
    inlined from 'luaL_addlstring' at D:/pdf/pdf-r3-sec/third_party/lua-5.4/src/lauxlib.c:583:17,
    inlined from 'add_s' at D:/pdf/pdf-r3-sec/third_party/lua-5.4/src/lstrlib.c:883:9,
    inlined from 'add_value' at D:/pdf/pdf-r3-sec/third_party/lua-5.4/src/lstrlib.c:923:7,
    inlined from 'str_gsub' at D:/pdf/pdf-r3-sec/third_party/lua-5.4/src/lstrlib.c:967:17:
D:/pdf/msys64/ucrt64/include/string.h:217:10: warning: '__builtin_memcpy' specified bound 18446744073709551614 exceeds maximum object size 9223372036854775807 [-Wstringop-overflow=]
  217 |   return __builtin___memcpy_chk(__dst, __src, __n, __mingw_bos(__dst, 0));
      |          ^
[315/503] Linking CXX executable TestReadOnlyGate.exe; Deploying qoffscreen platform plugin for TestReadOnlyGate
lto-wrapper.exe: warning: using serial compilation of 116 LTRANS jobs
lto-wrapper.exe: note: see the '-flto' option documentation for more information
In function 'memcpy',
    inlined from 'luaL_addlstring' at D:/pdf/pdf-r3-sec/third_party/lua-5.4/src/lauxlib.c:586:5,
    inlined from 'luaL_addlstring' at D:/pdf/pdf-r3-sec/third_party/lua-5.4/src/lauxlib.c:583:17,
    inlined from 'add_s' at D:/pdf/pdf-r3-sec/third_party/lua-5.4/src/lstrlib.c:883:9,
    inlined from 'add_value' at D:/pdf/pdf-r3-sec/third_party/lua-5.4/src/lstrlib.c:923:7,
    inlined from 'str_gsub' at D:/pdf/pdf-r3-sec/third_party/lua-5.4/src/lstrlib.c:967:17:
D:/pdf/msys64/ucrt64/include/string.h:217:10: warning: '__builtin_memcpy' specified bound 18446744073709551614 exceeds maximum object size 9223372036854775807 [-Wstringop-overflow=]
  217 |   return __builtin___memcpy_chk(__dst, __src, __n, __mingw_bos(__dst, 0));
      |          ^
[316/503] Linking CXX executable TestRobustness.exe
lto-wrapper.exe: warning: using serial compilation of 18 LTRANS jobs
lto-wrapper.exe: note: see the '-flto' option documentation for more information
[317/503] Linking CXX executable TestSecretStore.exe
lto-wrapper.exe: warning: using serial compilation of 2 LTRANS jobs
lto-wrapper.exe: note: see the '-flto' option documentation for more information
[318/503] Linking CXX executable TestSignatureValidation.exe
lto-wrapper.exe: warning: using serial compilation of 3 LTRANS jobs
lto-wrapper.exe: note: see the '-flto' option documentation for more information
[319/503] Linking CXX executable TestSignatureRealCrypto.exe; Deploying podofo 1.1.0 DLL for TestSignatureRealCrypto
lto-wrapper.exe: warning: using serial compilation of 9 LTRANS jobs
lto-wrapper.exe: note: see the '-flto' option documentation for more information
[320/503] Linking CXX executable TestSendForSigning.exe; Deploying podofo 1.1.0 DLL for TestSendForSigning
lto-wrapper.exe: warning: using serial compilation of 11 LTRANS jobs
lto-wrapper.exe: note: see the '-flto' option documentation for more information
[321/503] Linking CXX executable TestEraseSignedGuard.exe; Deploying podofo 1.1.0 DLL for TestEraseSignedGuard
lto-wrapper.exe: warning: using serial compilation of 18 LTRANS jobs
lto-wrapper.exe: note: see the '-flto' option documentation for more information
[322/503] Linking CXX executable TestSignatureAppearance.exe; Deploying podofo 1.1.0 DLL for TestSignatureAppearance
lto-wrapper.exe: warning: using serial compilation of 4 LTRANS jobs
lto-wrapper.exe: note: see the '-flto' option documentation for more information
[323/503] Linking CXX executable TestOptimizeSignedGuard.exe; Deploying podofo 1.1.0 DLL for TestOptimizeSignedGuard
lto-wrapper.exe: warning: using serial compilation of 17 LTRANS jobs
lto-wrapper.exe: note: see the '-flto' option documentation for more information
[324/503] Linking CXX executable TestImageDedup.exe; Deploying podofo 1.1.0 DLL for TestImageDedup
lto-wrapper.exe: warning: using serial compilation of 3 LTRANS jobs
lto-wrapper.exe: note: see the '-flto' option documentation for more information
[325/503] Linking CXX executable TestSidecarReopenState.exe; Deploying qoffscreen platform plugin for TestSidecarReopenState
lto-wrapper.exe: warning: using serial compilation of 116 LTRANS jobs
lto-wrapper.exe: note: see the '-flto' option documentation for more information
In function 'memcpy',
    inlined from 'luaL_addlstring' at D:/pdf/pdf-r3-sec/third_party/lua-5.4/src/lauxlib.c:586:5,
    inlined from 'luaL_addlstring' at D:/pdf/pdf-r3-sec/third_party/lua-5.4/src/lauxlib.c:583:17,
    inlined from 'add_s' at D:/pdf/pdf-r3-sec/third_party/lua-5.4/src/lstrlib.c:883:9,
    inlined from 'add_value' at D:/pdf/pdf-r3-sec/third_party/lua-5.4/src/lstrlib.c:923:7,
    inlined from 'str_gsub' at D:/pdf/pdf-r3-sec/third_party/lua-5.4/src/lstrlib.c:967:17:
D:/pdf/msys64/ucrt64/include/string.h:217:10: warning: '__builtin_memcpy' specified bound 18446744073709551614 exceeds maximum object size 9223372036854775807 [-Wstringop-overflow=]
  217 |   return __builtin___memcpy_chk(__dst, __src, __n, __mingw_bos(__dst, 0));
      |          ^
[326/503] Linking CXX executable TestRedaction.exe
lto-wrapper.exe: warning: using serial compilation of 18 LTRANS jobs
lto-wrapper.exe: note: see the '-flto' option documentation for more information
[327/503] Linking CXX executable TestDedupSMask.exe; Deploying podofo 1.1.0 DLL for TestDedupSMask
lto-wrapper.exe: warning: using serial compilation of 18 LTRANS jobs
lto-wrapper.exe: note: see the '-flto' option documentation for more information
[328/503] Linking CXX executable TestCompressJpegReencode.exe; Deploying podofo 1.1.0 DLL for TestCompressJpegReencode
lto-wrapper.exe: warning: using serial compilation of 19 LTRANS jobs
lto-wrapper.exe: note: see the '-flto' option documentation for more information
[329/503] Linking CXX executable TestLayoutEnsemble.exe
lto-wrapper.exe: warning: using serial compilation of 2 LTRANS jobs
lto-wrapper.exe: note: see the '-flto' option documentation for more information
[330/503] Linking CXX executable TestOptimizeEstimate.exe; Deploying podofo 1.1.0 DLL for TestOptimizeEstimate
lto-wrapper.exe: warning: using serial compilation of 18 LTRANS jobs
lto-wrapper.exe: note: see the '-flto' option documentation for more information
[331/503] Linking CXX executable TestOcrPipeline.exe
lto-wrapper.exe: warning: using serial compilation of 4 LTRANS jobs
lto-wrapper.exe: note: see the '-flto' option documentation for more information
[332/503] Linking CXX executable TestOcrRegionReocr.exe; Deploying qoffscreen platform plugin for TestOcrRegionReocr
lto-wrapper.exe: warning: using serial compilation of 18 LTRANS jobs
lto-wrapper.exe: note: see the '-flto' option documentation for more information
[333/503] Linking CXX executable TestOcrReviewLifecycle.exe; Deploying qoffscreen platform plugin for TestOcrReviewLifecycle
lto-wrapper.exe: warning: using serial compilation of 33 LTRANS jobs
lto-wrapper.exe: note: see the '-flto' option documentation for more information
In function 'memcpy',
    inlined from 'luaL_addlstring' at D:/pdf/pdf-r3-sec/third_party/lua-5.4/src/lauxlib.c:586:5,
    inlined from 'luaL_addlstring' at D:/pdf/pdf-r3-sec/third_party/lua-5.4/src/lauxlib.c:583:17,
    inlined from 'add_s' at D:/pdf/pdf-r3-sec/third_party/lua-5.4/src/lstrlib.c:883:9,
    inlined from 'add_value' at D:/pdf/pdf-r3-sec/third_party/lua-5.4/src/lstrlib.c:923:7,
    inlined from 'str_gsub' at D:/pdf/pdf-r3-sec/third_party/lua-5.4/src/lstrlib.c:967:17:
D:/pdf/msys64/ucrt64/include/string.h:217:10: warning: '__builtin_memcpy' specified bound 18446744073709551614 exceeds maximum object size 9223372036854775807 [-Wstringop-overflow=]
  217 |   return __builtin___memcpy_chk(__dst, __src, __n, __mingw_bos(__dst, 0));
      |          ^
[334/503] Linking CXX executable TestOcrOutputMode.exe; Deploying qoffscreen platform plugin for TestOcrOutputMode
lto-wrapper.exe: warning: using serial compilation of 26 LTRANS jobs
lto-wrapper.exe: note: see the '-flto' option documentation for more information
[335/503] Linking CXX executable TestOcrVerifyPort.exe; Deploying qoffscreen platform plugin for TestOcrVerifyPort
lto-wrapper.exe: warning: using serial compilation of 4 LTRANS jobs
lto-wrapper.exe: note: see the '-flto' option documentation for more information
[336/503] Linking CXX executable TestOcrPreprocessor.exe
[337/503] Linking CXX executable TestOcrDjotMapper.exe
lto-wrapper.exe: warning: using serial compilation of 8 LTRANS jobs
lto-wrapper.exe: note: see the '-flto' option documentation for more information
In function 'memcpy',
    inlined from 'luaL_addlstring' at D:/pdf/pdf-r3-sec/third_party/lua-5.4/src/lauxlib.c:586:5,
    inlined from 'luaL_addlstring' at D:/pdf/pdf-r3-sec/third_party/lua-5.4/src/lauxlib.c:583:17,
    inlined from 'add_s' at D:/pdf/pdf-r3-sec/third_party/lua-5.4/src/lstrlib.c:883:9,
    inlined from 'add_value' at D:/pdf/pdf-r3-sec/third_party/lua-5.4/src/lstrlib.c:923:7,
    inlined from 'str_gsub' at D:/pdf/pdf-r3-sec/third_party/lua-5.4/src/lstrlib.c:967:17:
D:/pdf/msys64/ucrt64/include/string.h:217:10: warning: '__builtin_memcpy' specified bound 18446744073709551614 exceeds maximum object size 9223372036854775807 [-Wstringop-overflow=]
  217 |   return __builtin___memcpy_chk(__dst, __src, __n, __mingw_bos(__dst, 0));
      |          ^
[338/503] Linking CXX executable TestThreadSafety.exe
lto-wrapper.exe: warning: using serial compilation of 19 LTRANS jobs
lto-wrapper.exe: note: see the '-flto' option documentation for more information
[339/503] Linking CXX executable TestOcrVerifyNavigation.exe; Deploying qoffscreen platform plugin for TestOcrVerifyNavigation
lto-wrapper.exe: warning: using serial compilation of 50 LTRANS jobs
lto-wrapper.exe: note: see the '-flto' option documentation for more information
[340/503] Linking CXX executable TestEncryption.exe
lto-wrapper.exe: warning: using serial compilation of 18 LTRANS jobs
lto-wrapper.exe: note: see the '-flto' option documentation for more information
[341/503] Linking CXX executable TestResourceLimits.exe
lto-wrapper.exe: warning: using serial compilation of 18 LTRANS jobs
lto-wrapper.exe: note: see the '-flto' option documentation for more information
[342/503] Linking CXX executable TestSevenZipBundle.exe
[343/503] Linking CXX executable TestControllers.exe; Deploying qoffscreen platform plugin for TestControllers
lto-wrapper.exe: warning: using serial compilation of 94 LTRANS jobs
lto-wrapper.exe: note: see the '-flto' option documentation for more information
[344/503] Linking CXX executable TestRibbonIntegrity.exe; Deploying qoffscreen platform plugin for TestRibbonIntegrity
lto-wrapper.exe: warning: using serial compilation of 93 LTRANS jobs
lto-wrapper.exe: note: see the '-flto' option documentation for more information
[345/503] Linking CXX executable TestMenuBarIntegrity.exe; Deploying qoffscreen platform plugin for TestMenuBarIntegrity
lto-wrapper.exe: warning: using serial compilation of 93 LTRANS jobs
lto-wrapper.exe: note: see the '-flto' option documentation for more information
[346/503] Linking CXX executable TestCommandBinding.exe; Deploying qoffscreen platform plugin for TestCommandBinding
lto-wrapper.exe: warning: using serial compilation of 116 LTRANS jobs
lto-wrapper.exe: note: see the '-flto' option documentation for more information
In function 'memcpy',
    inlined from 'luaL_addlstring' at D:/pdf/pdf-r3-sec/third_party/lua-5.4/src/lauxlib.c:586:5,
    inlined from 'luaL_addlstring' at D:/pdf/pdf-r3-sec/third_party/lua-5.4/src/lauxlib.c:583:17,
    inlined from 'add_s' at D:/pdf/pdf-r3-sec/third_party/lua-5.4/src/lstrlib.c:883:9,
    inlined from 'add_value' at D:/pdf/pdf-r3-sec/third_party/lua-5.4/src/lstrlib.c:923:7,
    inlined from 'str_gsub' at D:/pdf/pdf-r3-sec/third_party/lua-5.4/src/lstrlib.c:967:17:
D:/pdf/msys64/ucrt64/include/string.h:217:10: warning: '__builtin_memcpy' specified bound 18446744073709551614 exceeds maximum object size 9223372036854775807 [-Wstringop-overflow=]
  217 |   return __builtin___memcpy_chk(__dst, __src, __n, __mingw_bos(__dst, 0));
      |          ^
[347/503] Linking CXX executable TestWelcomeRoutes.exe; Deploying qoffscreen platform plugin for TestWelcomeRoutes
lto-wrapper.exe: warning: using serial compilation of 117 LTRANS jobs
lto-wrapper.exe: note: see the '-flto' option documentation for more information
In function 'memcpy',
    inlined from 'luaL_addlstring' at D:/pdf/pdf-r3-sec/third_party/lua-5.4/src/lauxlib.c:586:5,
    inlined from 'luaL_addlstring' at D:/pdf/pdf-r3-sec/third_party/lua-5.4/src/lauxlib.c:583:17,
    inlined from 'add_s' at D:/pdf/pdf-r3-sec/third_party/lua-5.4/src/lstrlib.c:883:9,
    inlined from 'add_value' at D:/pdf/pdf-r3-sec/third_party/lua-5.4/src/lstrlib.c:923:7,
    inlined from 'str_gsub' at D:/pdf/pdf-r3-sec/third_party/lua-5.4/src/lstrlib.c:967:17:
D:/pdf/msys64/ucrt64/include/string.h:217:10: warning: '__builtin_memcpy' specified bound 18446744073709551614 exceeds maximum object size 9223372036854775807 [-Wstringop-overflow=]
  217 |   return __builtin___memcpy_chk(__dst, __src, __n, __mingw_bos(__dst, 0));
      |          ^
[348/503] Linking CXX executable TestSweepW3UxFlows.exe; Deploying qoffscreen platform plugin for TestSweepW3UxFlows
lto-wrapper.exe: warning: using serial compilation of 119 LTRANS jobs
lto-wrapper.exe: note: see the '-flto' option documentation for more information
In function 'memcpy',
    inlined from 'luaL_addlstring' at D:/pdf/pdf-r3-sec/third_party/lua-5.4/src/lauxlib.c:586:5,
    inlined from 'luaL_addlstring' at D:/pdf/pdf-r3-sec/third_party/lua-5.4/src/lauxlib.c:583:17,
    inlined from 'add_s' at D:/pdf/pdf-r3-sec/third_party/lua-5.4/src/lstrlib.c:883:9,
    inlined from 'add_value' at D:/pdf/pdf-r3-sec/third_party/lua-5.4/src/lstrlib.c:923:7,
    inlined from 'str_gsub' at D:/pdf/pdf-r3-sec/third_party/lua-5.4/src/lstrlib.c:967:17:
D:/pdf/msys64/ucrt64/include/string.h:217:10: warning: '__builtin_memcpy' specified bound 18446744073709551614 exceeds maximum object size 9223372036854775807 [-Wstringop-overflow=]
  217 |   return __builtin___memcpy_chk(__dst, __src, __n, __mingw_bos(__dst, 0));
      |          ^
[349/503] Linking CXX executable TestIntegration.exe
lto-wrapper.exe: warning: using serial compilation of 18 LTRANS jobs
lto-wrapper.exe: note: see the '-flto' option documentation for more information
[350/503] Linking CXX executable TestPerformance.exe
lto-wrapper.exe: warning: using serial compilation of 20 LTRANS jobs
lto-wrapper.exe: note: see the '-flto' option documentation for more information
[351/503] Linking CXX executable TestVeraPdf.exe
lto-wrapper.exe: warning: using serial compilation of 2 LTRANS jobs
lto-wrapper.exe: note: see the '-flto' option documentation for more information
[352/503] Linking CXX executable TestUiAccessibility.exe; Deploying qoffscreen platform plugin for TestUiAccessibility
lto-wrapper.exe: warning: using serial compilation of 117 LTRANS jobs
lto-wrapper.exe: note: see the '-flto' option documentation for more information
In function 'memcpy',
    inlined from 'luaL_addlstring' at D:/pdf/pdf-r3-sec/third_party/lua-5.4/src/lauxlib.c:586:5,
    inlined from 'luaL_addlstring' at D:/pdf/pdf-r3-sec/third_party/lua-5.4/src/lauxlib.c:583:17,
    inlined from 'add_s' at D:/pdf/pdf-r3-sec/third_party/lua-5.4/src/lstrlib.c:883:9,
    inlined from 'add_value' at D:/pdf/pdf-r3-sec/third_party/lua-5.4/src/lstrlib.c:923:7,
    inlined from 'str_gsub' at D:/pdf/pdf-r3-sec/third_party/lua-5.4/src/lstrlib.c:967:17:
D:/pdf/msys64/ucrt64/include/string.h:217:10: warning: '__builtin_memcpy' specified bound 18446744073709551614 exceeds maximum object size 9223372036854775807 [-Wstringop-overflow=]
  217 |   return __builtin___memcpy_chk(__dst, __src, __n, __mingw_bos(__dst, 0));
      |          ^
[353/503] Linking CXX executable TestAccessibilityChecker.exe
[354/503] Linking CXX executable TestAccessibilityPanel.exe
lto-wrapper.exe: warning: using serial compilation of 9 LTRANS jobs
lto-wrapper.exe: note: see the '-flto' option documentation for more information
[355/503] Linking CXX executable TestA11yReportWriter.exe; Deploying qoffscreen platform plugin for TestA11yReportWriter
lto-wrapper.exe: warning: using serial compilation of 2 LTRANS jobs
lto-wrapper.exe: note: see the '-flto' option documentation for more information
[356/503] Linking CXX executable TestAccessibilityFixes.exe
lto-wrapper.exe: warning: using serial compilation of 5 LTRANS jobs
lto-wrapper.exe: note: see the '-flto' option documentation for more information
[357/503] Linking CXX executable TestReadingOrderAsync.exe
D:/pdf/pdf-r3-sec/src/modes/PdfAValidationPanel.h:68:7: warning: type 'struct PdfAValidationPanel' violates the C++ One Definition Rule [-Wodr]
   68 | class PdfAValidationPanel : public QFrame {
      |       ^
D:/pdf/pdf-r3-sec/src/modes/PdfAValidationPanel.h:68:7: note: a different type is defined in another translation unit
   68 | class PdfAValidationPanel : public QFrame {
      |       ^
D:/pdf/pdf-r3-sec/src/modes/PdfAValidationPanel.h:117:19: note: the first difference of corresponding definitions is field 'm_statusLabel'
  117 |     class QLabel* m_statusLabel{nullptr};
      |                   ^
D:/pdf/pdf-r3-sec/src/modes/PdfAValidationPanel.h:117:19: note: a field of same name but different type is defined in another translation unit
  117 |     class QLabel* m_statusLabel{nullptr};
      |                   ^
D:/pdf/pdf-r3-sec/src/modes/PdfAValidationPanel.h:117:11: note: type name 'gp::QLabel' should match type name 'QLabel'
  117 |     class QLabel* m_statusLabel{nullptr};
      |           ^
C:/msys64/ucrt64/include/qt6/QtWidgets/qlabel.h:20:24: note: the incompatible type is defined here
   20 | class Q_WIDGETS_EXPORT QLabel : public QFrame
      |                        ^
lto-wrapper.exe: warning: using serial compilation of 72 LTRANS jobs
lto-wrapper.exe: note: see the '-flto' option documentation for more information
[358/503] Linking CXX executable TestLaneScheduler.exe
lto-wrapper.exe: warning: using serial compilation of 3 LTRANS jobs
lto-wrapper.exe: note: see the '-flto' option documentation for more information
[359/503] Linking CXX executable TestAccessibilityTagger.exe
lto-wrapper.exe: warning: using serial compilation of 9 LTRANS jobs
lto-wrapper.exe: note: see the '-flto' option documentation for more information
[360/503] Linking CXX executable TestFormBuilder.exe; Deploying qoffscreen platform plugin and podofo 1.1.0 DLL for TestFormBuilder; Deploying podofo 1.1.0 DLL for TestFormBuilder
lto-wrapper.exe: warning: using serial compilation of 6 LTRANS jobs
lto-wrapper.exe: note: see the '-flto' option documentation for more information
[361/503] Linking CXX executable TestFormPersistence.exe; Deploying qoffscreen platform plugin and podofo 1.1.0 DLL for TestFormPersistence; Deploying podofo 1.1.0 DLL for TestFormPersistence
lto-wrapper.exe: warning: using serial compilation of 6 LTRANS jobs
lto-wrapper.exe: note: see the '-flto' option documentation for more information
[362/503] Linking CXX executable TestCompareEntry.exe; Deploying qoffscreen platform plugin for TestCompareEntry
lto-wrapper.exe: warning: using serial compilation of 11 LTRANS jobs
lto-wrapper.exe: note: see the '-flto' option documentation for more information
[363/503] Linking CXX executable TestCompareIntegration.exe; Deploying qoffscreen platform plugin for TestCompareIntegration
lto-wrapper.exe: warning: using serial compilation of 10 LTRANS jobs
lto-wrapper.exe: note: see the '-flto' option documentation for more information
[1/140] Linking CXX executable TestPagesMode.exe; Deploying qoffscreen platform plugin for TestPagesMode
lto-wrapper.exe: warning: using serial compilation of 24 LTRANS jobs
lto-wrapper.exe: note: see the '-flto' option documentation for more information
[2/140] Linking CXX executable TestBatchMode.exe; Deploying qoffscreen platform plugin for TestBatchMode
lto-wrapper.exe: warning: using serial compilation of 31 LTRANS jobs
lto-wrapper.exe: note: see the '-flto' option documentation for more information
[3/140] Linking CXX executable TestBatchPresets.exe; Deploying qoffscreen platform plugin for TestBatchPresets; Deploying podofo 1.1.0 DLL for TestBatchPresets
lto-wrapper.exe: warning: using serial compilation of 32 LTRANS jobs
lto-wrapper.exe: note: see the '-flto' option documentation for more information
[4/140] Linking CXX executable TestBatchPresetsP2.exe; Deploying qoffscreen platform plugin for TestBatchPresetsP2; Deploying podofo 1.1.0 DLL for TestBatchPresetsP2
lto-wrapper.exe: warning: using serial compilation of 35 LTRANS jobs
lto-wrapper.exe: note: see the '-flto' option documentation for more information
[5/140] Linking CXX executable TestHotFolder.exe; Deploying qoffscreen platform plugin for TestHotFolder
lto-wrapper.exe: warning: using serial compilation of 31 LTRANS jobs
lto-wrapper.exe: note: see the '-flto' option documentation for more information
[6/140] Linking CXX executable TestBatchOcrLanguage.exe; Deploying qoffscreen platform plugin for TestBatchOcrLanguage
lto-wrapper.exe: warning: using serial compilation of 30 LTRANS jobs
lto-wrapper.exe: note: see the '-flto' option documentation for more information
[7/140] Linking CXX executable TestOcrPreprocessPrefs.exe; Deploying qoffscreen platform plugin for TestOcrPreprocessPrefs
lto-wrapper.exe: warning: using serial compilation of 3 LTRANS jobs
lto-wrapper.exe: note: see the '-flto' option documentation for more information
[8/140] Linking CXX executable TestBatesCrossDoc.exe; Deploying qoffscreen platform plugin for TestBatesCrossDoc
lto-wrapper.exe: warning: using serial compilation of 18 LTRANS jobs
lto-wrapper.exe: note: see the '-flto' option documentation for more information
[9/140] Linking CXX executable TestBatchOcrSkipText.exe; Deploying qoffscreen platform plugin for TestBatchOcrSkipText
lto-wrapper.exe: warning: using serial compilation of 31 LTRANS jobs
lto-wrapper.exe: note: see the '-flto' option documentation for more information
[10/140] Linking CXX executable TestOpenRouting.exe; Deploying qoffscreen platform plugin for TestOpenRouting
[11/140] Linking CXX executable TestExcisionCorruption.exe; Deploying qoffscreen platform plugin for TestExcisionCorruption
lto-wrapper.exe: warning: using serial compilation of 18 LTRANS jobs
lto-wrapper.exe: note: see the '-flto' option documentation for more information
[12/140] Linking CXX executable TestPdfACidSetSafety.exe; Deploying podofo 1.1.0 DLL for TestPdfACidSetSafety
lto-wrapper.exe: warning: using serial compilation of 18 LTRANS jobs
lto-wrapper.exe: note: see the '-flto' option documentation for more information
[13/140] Linking CXX executable TestBatchOpsCoverage.exe; Deploying qoffscreen platform plugin for TestBatchOpsCoverage; Deploying podofo 1.1.0 DLL for TestBatchOpsCoverage
lto-wrapper.exe: warning: using serial compilation of 34 LTRANS jobs
lto-wrapper.exe: note: see the '-flto' option documentation for more information
[14/140] Linking CXX executable TestReadingOrderThreshold.exe; Deploying qoffscreen platform plugin for TestReadingOrderThreshold
lto-wrapper.exe: warning: using serial compilation of 2 LTRANS jobs
lto-wrapper.exe: note: see the '-flto' option documentation for more information
[15/140] Linking CXX executable TestReadingOrderMcid.exe; Deploying podofo 1.1.0 DLL for TestReadingOrderMcid; Deploying pdfium DLL for TestReadingOrderMcid; Deploying qoffscreen platform plugin for TestReadingOrderMcid
lto-wrapper.exe: warning: using serial compilation of 2 LTRANS jobs
lto-wrapper.exe: note: see the '-flto' option documentation for more information
[16/140] Linking CXX executable TestLinkBookmarkRoundTrip.exe; Deploying qoffscreen platform plugin for TestLinkBookmarkRoundTrip
lto-wrapper.exe: warning: using serial compilation of 2 LTRANS jobs
lto-wrapper.exe: note: see the '-flto' option documentation for more information
[17/140] Linking CXX executable TestSignatureSessionCache.exe; Deploying qoffscreen platform plugin for TestSignatureSessionCache
lto-wrapper.exe: warning: using serial compilation of 2 LTRANS jobs
lto-wrapper.exe: note: see the '-flto' option documentation for more information
[18/140] Linking CXX executable TestCapabilityRegistry.exe; Deploying qoffscreen platform plugin for TestCapabilityRegistry
lto-wrapper.exe: warning: using serial compilation of 2 LTRANS jobs
lto-wrapper.exe: note: see the '-flto' option documentation for more information
[19/140] Linking CXX executable TestXfaHonestyBanner.exe; Deploying qoffscreen platform plugin for TestXfaHonestyBanner; Deploying podofo 1.1.0 DLL for TestXfaHonestyBanner
lto-wrapper.exe: warning: using serial compilation of 6 LTRANS jobs
lto-wrapper.exe: note: see the '-flto' option documentation for more information
[20/140] Linking CXX executable TestTaskNavRegistry.exe; Deploying qoffscreen platform plugin for TestTaskNavRegistry
lto-wrapper.exe: warning: using serial compilation of 2 LTRANS jobs
lto-wrapper.exe: note: see the '-flto' option documentation for more information
[21/140] Linking CXX executable TestScreenStateSync.exe; Deploying qoffscreen platform plugin for TestScreenStateSync
lto-wrapper.exe: warning: using serial compilation of 5 LTRANS jobs
lto-wrapper.exe: note: see the '-flto' option documentation for more information
[22/140] Linking CXX executable TestRibbonCollapse.exe; Deploying qoffscreen platform plugin for TestRibbonCollapse
lto-wrapper.exe: warning: using serial compilation of 4 LTRANS jobs
lto-wrapper.exe: note: see the '-flto' option documentation for more information
[23/140] Linking CXX executable TestModeStripPins.exe; Deploying qoffscreen platform plugin for TestModeStripPins
lto-wrapper.exe: warning: using serial compilation of 2 LTRANS jobs
lto-wrapper.exe: note: see the '-flto' option documentation for more information
[24/140] Linking CXX executable TestReadingOrderDepthCap.exe; Deploying podofo 1.1.0 DLL for TestReadingOrderDepthCap; Deploying pdfium DLL for TestReadingOrderDepthCap; Deploying qoffscreen platform plugin for TestReadingOrderDepthCap
D:/pdf/pdf-r3-sec/src/modes/PdfAValidationPanel.h:68:7: warning: type 'struct PdfAValidationPanel' violates the C++ One Definition Rule [-Wodr]
   68 | class PdfAValidationPanel : public QFrame {
      |       ^
D:/pdf/pdf-r3-sec/src/modes/PdfAValidationPanel.h:68:7: note: a different type is defined in another translation unit
   68 | class PdfAValidationPanel : public QFrame {
      |       ^
D:/pdf/pdf-r3-sec/src/modes/PdfAValidationPanel.h:120:24: note: the first difference of corresponding definitions is field 'm_issuesLayout'
  120 |     class QVBoxLayout* m_issuesLayout{nullptr};
      |                        ^
D:/pdf/pdf-r3-sec/src/modes/PdfAValidationPanel.h:120:24: note: a field of same name but different type is defined in another translation unit
  120 |     class QVBoxLayout* m_issuesLayout{nullptr};
      |                        ^
D:/pdf/pdf-r3-sec/src/modes/PdfAValidationPanel.h:120:11: note: type name 'gp::QVBoxLayout' should match type name 'QVBoxLayout'
  120 |     class QVBoxLayout* m_issuesLayout{nullptr};
      |           ^
C:/msys64/ucrt64/include/qt6/QtWidgets/qboxlayout.h:91:24: note: the incompatible type is defined here
   91 | class Q_WIDGETS_EXPORT QVBoxLayout : public QBoxLayout
      |                        ^
lto-wrapper.exe: warning: using serial compilation of 72 LTRANS jobs
lto-wrapper.exe: note: see the '-flto' option documentation for more information
[25/140] Linking CXX executable TestCommentsReview.exe; Deploying qoffscreen platform plugin for TestCommentsReview
lto-wrapper.exe: warning: using serial compilation of 8 LTRANS jobs
lto-wrapper.exe: note: see the '-flto' option documentation for more information
[26/140] Linking CXX executable TestWelcomeLayout.exe; Deploying qoffscreen platform plugin for TestWelcomeLayout
lto-wrapper.exe: warning: using serial compilation of 2 LTRANS jobs
lto-wrapper.exe: note: see the '-flto' option documentation for more information
[27/140] Linking CXX executable TestStatusBarSlim.exe; Deploying qoffscreen platform plugin for TestStatusBarSlim
lto-wrapper.exe: warning: using serial compilation of 72 LTRANS jobs
lto-wrapper.exe: note: see the '-flto' option documentation for more information
[28/140] Linking CXX executable TestBatchOcrConfidence.exe; Deploying qoffscreen platform plugin for TestBatchOcrConfidence
lto-wrapper.exe: warning: using serial compilation of 28 LTRANS jobs
lto-wrapper.exe: note: see the '-flto' option documentation for more information
[29/140] Linking CXX executable TestInspector.exe; Deploying qoffscreen platform plugin for TestInspector
lto-wrapper.exe: warning: using serial compilation of 3 LTRANS jobs
lto-wrapper.exe: note: see the '-flto' option documentation for more information
[30/140] Linking CXX executable TestSignatureBadges.exe; Deploying qoffscreen platform plugin for TestSignatureBadges
lto-wrapper.exe: warning: using serial compilation of 76 LTRANS jobs
lto-wrapper.exe: note: see the '-flto' option documentation for more information
[31/140] Linking CXX executable TestPatternRedact.exe; Deploying qoffscreen platform plugin for TestPatternRedact
lto-wrapper.exe: warning: using serial compilation of 18 LTRANS jobs
lto-wrapper.exe: note: see the '-flto' option documentation for more information
[32/140] Linking CXX executable TestReviewSummary.exe; Deploying qoffscreen platform plugin for TestReviewSummary
lto-wrapper.exe: warning: using serial compilation of 7 LTRANS jobs
lto-wrapper.exe: note: see the '-flto' option documentation for more information
[33/140] Linking CXX executable TestPrintableSummary.exe; Deploying qoffscreen platform plugin for TestPrintableSummary
lto-wrapper.exe: warning: using serial compilation of 7 LTRANS jobs
lto-wrapper.exe: note: see the '-flto' option documentation for more information
[34/140] Linking CXX executable TestDynamicStamps.exe; Deploying qoffscreen platform plugin for TestDynamicStamps
lto-wrapper.exe: warning: using serial compilation of 7 LTRANS jobs
lto-wrapper.exe: note: see the '-flto' option documentation for more information
[35/140] Linking CXX executable TestStampImageImport.exe; Deploying qoffscreen platform plugin for TestStampImageImport
lto-wrapper.exe: warning: using serial compilation of 6 LTRANS jobs
lto-wrapper.exe: note: see the '-flto' option documentation for more information
[36/140] Linking CXX executable TestFindReplace.exe; Deploying qoffscreen platform plugin for TestFindReplace
lto-wrapper.exe: warning: using serial compilation of 117 LTRANS jobs
lto-wrapper.exe: note: see the '-flto' option documentation for more information
In function 'memcpy',
    inlined from 'luaL_addlstring' at D:/pdf/pdf-r3-sec/third_party/lua-5.4/src/lauxlib.c:586:5,
    inlined from 'luaL_addlstring' at D:/pdf/pdf-r3-sec/third_party/lua-5.4/src/lauxlib.c:583:17,
    inlined from 'add_s' at D:/pdf/pdf-r3-sec/third_party/lua-5.4/src/lstrlib.c:883:9,
    inlined from 'add_value' at D:/pdf/pdf-r3-sec/third_party/lua-5.4/src/lstrlib.c:923:7,
    inlined from 'str_gsub' at D:/pdf/pdf-r3-sec/third_party/lua-5.4/src/lstrlib.c:967:17:
D:/pdf/msys64/ucrt64/include/string.h:217:10: warning: '__builtin_memcpy' specified bound 18446744073709551614 exceeds maximum object size 9223372036854775807 [-Wstringop-overflow=]
  217 |   return __builtin___memcpy_chk(__dst, __src, __n, __mingw_bos(__dst, 0));
      |          ^
[37/140] Linking CXX executable TestWatermarkFont.exe; Deploying qoffscreen platform plugin for TestWatermarkFont
lto-wrapper.exe: warning: using serial compilation of 2 LTRANS jobs
lto-wrapper.exe: note: see the '-flto' option documentation for more information
[38/140] Linking CXX executable TestRedactClearMarks.exe
lto-wrapper.exe: warning: using serial compilation of 30 LTRANS jobs
lto-wrapper.exe: note: see the '-flto' option documentation for more information
[39/140] Linking CXX executable TestLinkSchemeSafety.exe
[40/140] Linking CXX executable TestThumbnailZoom.exe
lto-wrapper.exe: warning: using serial compilation of 2 LTRANS jobs
lto-wrapper.exe: note: see the '-flto' option documentation for more information
[41/140] Linking CXX executable TestAutoBookmarks.exe; Deploying qoffscreen platform plugin for TestAutoBookmarks
lto-wrapper.exe: warning: using serial compilation of 116 LTRANS jobs
lto-wrapper.exe: note: see the '-flto' option documentation for more information
In function 'memcpy',
    inlined from 'luaL_addlstring' at D:/pdf/pdf-r3-sec/third_party/lua-5.4/src/lauxlib.c:586:5,
    inlined from 'luaL_addlstring' at D:/pdf/pdf-r3-sec/third_party/lua-5.4/src/lauxlib.c:583:17,
    inlined from 'add_s' at D:/pdf/pdf-r3-sec/third_party/lua-5.4/src/lstrlib.c:883:9,
    inlined from 'add_value' at D:/pdf/pdf-r3-sec/third_party/lua-5.4/src/lstrlib.c:923:7,
    inlined from 'str_gsub' at D:/pdf/pdf-r3-sec/third_party/lua-5.4/src/lstrlib.c:967:17:
D:/pdf/msys64/ucrt64/include/string.h:217:10: warning: '__builtin_memcpy' specified bound 18446744073709551614 exceeds maximum object size 9223372036854775807 [-Wstringop-overflow=]
  217 |   return __builtin___memcpy_chk(__dst, __src, __n, __mingw_bos(__dst, 0));
      |          ^
[42/140] Linking CXX executable TestThumbnailOffGui.exe; Deploying qoffscreen platform plugin for TestThumbnailOffGui
lto-wrapper.exe: warning: using serial compilation of 5 LTRANS jobs
lto-wrapper.exe: note: see the '-flto' option documentation for more information
[43/140] Linking CXX executable TestMergeSuccess.exe
[44/140] Linking CXX executable TestFillFormLock.exe; Deploying qoffscreen platform plugin and podofo 1.1.0 DLL for TestFillFormLock; Deploying podofo 1.1.0 DLL for TestFillFormLock
lto-wrapper.exe: warning: using serial compilation of 5 LTRANS jobs
lto-wrapper.exe: note: see the '-flto' option documentation for more information
[45/140] Linking CXX executable TestFillFormNoOp.exe; Deploying qoffscreen platform plugin and podofo 1.1.0 DLL for TestFillFormNoOp; Deploying podofo 1.1.0 DLL for TestFillFormNoOp
lto-wrapper.exe: warning: using serial compilation of 6 LTRANS jobs
lto-wrapper.exe: note: see the '-flto' option documentation for more information
[46/140] Linking CXX executable TestReadingOrderInheritance.exe
lto-wrapper.exe: warning: using serial compilation of 2 LTRANS jobs
lto-wrapper.exe: note: see the '-flto' option documentation for more information
[47/140] Linking CXX executable TestShapeInkPersistence.exe; Deploying podofo 1.1.0 DLL for TestShapeInkPersistence
lto-wrapper.exe: warning: using serial compilation of 3 LTRANS jobs
lto-wrapper.exe: note: see the '-flto' option documentation for more information
[48/140] Linking CXX executable TestMeasurePanelHonesty.exe
lto-wrapper.exe: warning: using serial compilation of 3 LTRANS jobs
lto-wrapper.exe: note: see the '-flto' option documentation for more information
[49/140] Linking CXX executable TestQuadPointsMarkup.exe; Deploying podofo 1.1.0 DLL for TestQuadPointsMarkup
lto-wrapper.exe: warning: using serial compilation of 5 LTRANS jobs
lto-wrapper.exe: note: see the '-flto' option documentation for more information
[50/140] Linking CXX executable TestMeasureRoundTrip.exe; Deploying podofo 1.1.0 DLL for TestMeasureRoundTrip
lto-wrapper.exe: warning: using serial compilation of 4 LTRANS jobs
lto-wrapper.exe: note: see the '-flto' option documentation for more information
[51/140] Linking CXX executable TestMeasureCsvExport.exe
lto-wrapper.exe: warning: using serial compilation of 3 LTRANS jobs
lto-wrapper.exe: note: see the '-flto' option documentation for more information
[52/140] Linking CXX executable TestLegacyOriginSpace.exe; Deploying podofo 1.1.0 DLL for TestLegacyOriginSpace
lto-wrapper.exe: warning: using serial compilation of 9 LTRANS jobs
lto-wrapper.exe: note: see the '-flto' option documentation for more information
[53/140] Linking CXX executable TestCompressStripSanitize.exe; Deploying podofo 1.1.0 DLL for TestCompressStripSanitize
lto-wrapper.exe: warning: using serial compilation of 3 LTRANS jobs
lto-wrapper.exe: note: see the '-flto' option documentation for more information
[54/140] Linking CXX executable TestCompressDialogHonesty.exe; Deploying qoffscreen platform plugin for TestCompressDialogHonesty
lto-wrapper.exe: warning: using serial compilation of 5 LTRANS jobs
lto-wrapper.exe: note: see the '-flto' option documentation for more information
[55/140] Linking CXX executable TestFieldMetadata.exe; Deploying qoffscreen platform plugin and podofo 1.1.0 DLL for TestFieldMetadata; Deploying podofo 1.1.0 DLL for TestFieldMetadata
lto-wrapper.exe: warning: using serial compilation of 5 LTRANS jobs
lto-wrapper.exe: note: see the '-flto' option documentation for more information
[56/140] Linking CXX executable TestFormJsCalc.exe; Deploying qoffscreen platform plugin and podofo 1.1.0 DLL for TestFormJsCalc; Deploying podofo 1.1.0 DLL for TestFormJsCalc; Deploying quickjs-ng runtime DLL for TestFormJsCalc
lto-wrapper.exe: warning: using serial compilation of 11 LTRANS jobs
lto-wrapper.exe: note: see the '-flto' option documentation for more information
[57/140] Linking CXX executable TestFormSafety.exe; Deploying qoffscreen platform plugin and podofo 1.1.0 DLL for TestFormSafety; Deploying podofo 1.1.0 DLL for TestFormSafety
lto-wrapper.exe: warning: using serial compilation of 12 LTRANS jobs
lto-wrapper.exe: note: see the '-flto' option documentation for more information
[58/140] Linking CXX executable TestFormJsAdversarial.exe; Deploying qoffscreen platform plugin and podofo 1.1.0 DLL for TestFormJsAdversarial; Deploying podofo 1.1.0 DLL for TestFormJsAdversarial; Deploying quickjs-ng runtime DLL for TestFormJsAdversarial
lto-wrapper.exe: warning: using serial compilation of 8 LTRANS jobs
lto-wrapper.exe: note: see the '-flto' option documentation for more information
[59/140] Linking CXX executable TestFormStaleDisclosure.exe; Deploying qoffscreen platform plugin and podofo 1.1.0 DLL for TestFormStaleDisclosure; Deploying podofo 1.1.0 DLL for TestFormStaleDisclosure; Deploying quickjs-ng runtime DLL for TestFormStaleDisclosure
lto-wrapper.exe: warning: using serial compilation of 7 LTRANS jobs
lto-wrapper.exe: note: see the '-flto' option documentation for more information
[60/140] Linking CXX executable TestFormKeystroke.exe; Deploying qoffscreen platform plugin and podofo 1.1.0 DLL for TestFormKeystroke; Deploying podofo 1.1.0 DLL for TestFormKeystroke; Deploying quickjs-ng runtime DLL for TestFormKeystroke
lto-wrapper.exe: warning: using serial compilation of 8 LTRANS jobs
lto-wrapper.exe: note: see the '-flto' option documentation for more information
[61/140] Linking CXX executable TestEncryptedPackageSafeWrite.exe
lto-wrapper.exe: warning: using serial compilation of 2 LTRANS jobs
lto-wrapper.exe: note: see the '-flto' option documentation for more information
[62/140] Linking CXX executable TestFormUndo.exe; Deploying qoffscreen platform plugin and podofo 1.1.0 DLL for TestFormUndo; Deploying podofo 1.1.0 DLL for TestFormUndo
lto-wrapper.exe: warning: using serial compilation of 7 LTRANS jobs
lto-wrapper.exe: note: see the '-flto' option documentation for more information
[63/140] Linking CXX executable TestValidateAllSignatures.exe
[64/140] Linking CXX executable TestEngineSave.exe; Deploying qoffscreen platform plugin and podofo 1.1.0 DLL for TestEngineSave; Deploying podofo 1.1.0 DLL for TestEngineSave
lto-wrapper.exe: warning: using serial compilation of 19 LTRANS jobs
lto-wrapper.exe: note: see the '-flto' option documentation for more information
[65/140] Linking CXX executable TestImageEditWiring.exe
lto-wrapper.exe: warning: using serial compilation of 3 LTRANS jobs
lto-wrapper.exe: note: see the '-flto' option documentation for more information
[66/140] Linking CXX executable TestExportPathBadge.exe
lto-wrapper.exe: warning: using serial compilation of 6 LTRANS jobs
lto-wrapper.exe: note: see the '-flto' option documentation for more information
[67/140] Linking CXX executable TestRedactSanitizeBundle.exe; Deploying podofo 1.1.0 DLL for TestRedactSanitizeBundle
lto-wrapper.exe: warning: using serial compilation of 18 LTRANS jobs
lto-wrapper.exe: note: see the '-flto' option documentation for more information
[68/140] Linking CXX executable TestRedactTransaction.exe; Deploying qoffscreen platform plugin and podofo DLL for TestRedactTransaction; Deploying podofo 1.1.0 DLL for TestRedactTransaction
lto-wrapper.exe: warning: using serial compilation of 27 LTRANS jobs
lto-wrapper.exe: note: see the '-flto' option documentation for more information
[69/140] Linking CXX executable TestPptxOverlayAlpha.exe
lto-wrapper.exe: warning: using serial compilation of 4 LTRANS jobs
lto-wrapper.exe: note: see the '-flto' option documentation for more information
[70/140] Linking CXX executable TestAutoDetectHeuristic.exe; Deploying qoffscreen platform plugin and podofo 1.1.0 DLL for TestAutoDetectHeuristic; Deploying podofo 1.1.0 DLL for TestAutoDetectHeuristic
lto-wrapper.exe: warning: using serial compilation of 5 LTRANS jobs
lto-wrapper.exe: note: see the '-flto' option documentation for more information
[71/140] Linking CXX executable TestRedactionProof.exe; Deploying qoffscreen platform plugin and podofo DLL for TestRedactionProof; Deploying podofo 1.1.0 DLL for TestRedactionProof
lto-wrapper.exe: warning: using serial compilation of 26 LTRANS jobs
lto-wrapper.exe: note: see the '-flto' option documentation for more information
[72/140] Linking CXX executable TestConversionExtraction.exe
lto-wrapper.exe: warning: using serial compilation of 6 LTRANS jobs
lto-wrapper.exe: note: see the '-flto' option documentation for more information
[73/140] Linking CXX executable TestTextExtractionCoords.exe
lto-wrapper.exe: warning: using serial compilation of 4 LTRANS jobs
lto-wrapper.exe: note: see the '-flto' option documentation for more information
[74/140] Linking CXX executable TestRibbonMarkupTools.exe
lto-wrapper.exe: warning: using serial compilation of 2 LTRANS jobs
lto-wrapper.exe: note: see the '-flto' option documentation for more information
[75/140] Linking CXX executable TestEraseWiring.exe
lto-wrapper.exe: warning: using serial compilation of 2 LTRANS jobs
lto-wrapper.exe: note: see the '-flto' option documentation for more information
[76/140] Linking CXX executable TestViewerRotation.exe
lto-wrapper.exe: warning: using serial compilation of 4 LTRANS jobs
lto-wrapper.exe: note: see the '-flto' option documentation for more information
[77/140] Linking CXX executable TestRotateView.exe
lto-wrapper.exe: warning: using serial compilation of 4 LTRANS jobs
lto-wrapper.exe: note: see the '-flto' option documentation for more information
[78/140] Linking CXX executable TestTwoPageOverlay.exe; Deploying podofo 1.1.0 DLL for TestTwoPageOverlay
lto-wrapper.exe: warning: using serial compilation of 4 LTRANS jobs
lto-wrapper.exe: note: see the '-flto' option documentation for more information
[79/140] Linking CXX executable TestViewingModes.exe; Deploying podofo 1.1.0 DLL for TestViewingModes
lto-wrapper.exe: warning: using serial compilation of 4 LTRANS jobs
lto-wrapper.exe: note: see the '-flto' option documentation for more information
[80/140] Linking CXX executable TestSignaturePicker.exe; Deploying podofo 1.1.0 DLL for TestSignaturePicker
lto-wrapper.exe: warning: using serial compilation of 6 LTRANS jobs
lto-wrapper.exe: note: see the '-flto' option documentation for more information
[81/140] Linking CXX executable TestCertEncryptPicker.exe; Deploying podofo 1.1.0 DLL for TestCertEncryptPicker
lto-wrapper.exe: warning: using serial compilation of 20 LTRANS jobs
lto-wrapper.exe: note: see the '-flto' option documentation for more information
[82/140] Linking CXX executable TestCertifySelector.exe; Deploying podofo 1.1.0 DLL for TestCertifySelector
lto-wrapper.exe: warning: using serial compilation of 3 LTRANS jobs
lto-wrapper.exe: note: see the '-flto' option documentation for more information
[83/140] Linking CXX executable TestPolicyController.exe
lto-wrapper.exe: warning: using serial compilation of 76 LTRANS jobs
lto-wrapper.exe: note: see the '-flto' option documentation for more information
[84/140] Linking CXX executable TestViewParity.exe; Deploying qoffscreen platform plugin for TestViewParity
lto-wrapper.exe: warning: using serial compilation of 116 LTRANS jobs
lto-wrapper.exe: note: see the '-flto' option documentation for more information
In function 'memcpy',
    inlined from 'luaL_addlstring' at D:/pdf/pdf-r3-sec/third_party/lua-5.4/src/lauxlib.c:586:5,
    inlined from 'luaL_addlstring' at D:/pdf/pdf-r3-sec/third_party/lua-5.4/src/lauxlib.c:583:17,
    inlined from 'add_s' at D:/pdf/pdf-r3-sec/third_party/lua-5.4/src/lstrlib.c:883:9,
    inlined from 'add_value' at D:/pdf/pdf-r3-sec/third_party/lua-5.4/src/lstrlib.c:923:7,
    inlined from 'str_gsub' at D:/pdf/pdf-r3-sec/third_party/lua-5.4/src/lstrlib.c:967:17:
D:/pdf/msys64/ucrt64/include/string.h:217:10: warning: '__builtin_memcpy' specified bound 18446744073709551614 exceeds maximum object size 9223372036854775807 [-Wstringop-overflow=]
  217 |   return __builtin___memcpy_chk(__dst, __src, __n, __mingw_bos(__dst, 0));
      |          ^
[85/140] Linking CXX executable TestPolicyWiring.exe
lto-wrapper.exe: warning: using serial compilation of 3 LTRANS jobs
lto-wrapper.exe: note: see the '-flto' option documentation for more information
[86/140] Linking CXX executable TestOcspConsent.exe
lto-wrapper.exe: warning: using serial compilation of 75 LTRANS jobs
lto-wrapper.exe: note: see the '-flto' option documentation for more information
[87/140] Linking CXX executable TestSupportBundle.exe
lto-wrapper.exe: warning: using serial compilation of 75 LTRANS jobs
lto-wrapper.exe: note: see the '-flto' option documentation for more information
[88/140] Linking CXX executable TestOcrAcceptSeam.exe
[89/140] Linking CXX executable TestSearchFlags.exe
[90/140] Linking CXX executable TestExportPresets.exe
[91/140] Linking CXX executable TestOcrAcceptScope.exe
lto-wrapper.exe: warning: using serial compilation of 13 LTRANS jobs
lto-wrapper.exe: note: see the '-flto' option documentation for more information
[92/140] Linking CXX executable TestViewerLinkSeam.exe
lto-wrapper.exe: warning: using serial compilation of 4 LTRANS jobs
lto-wrapper.exe: note: see the '-flto' option documentation for more information
[93/140] Linking CXX executable TestHyperlinkNavigation.exe; Deploying podofo 1.1.0 DLL for TestHyperlinkNavigation
[94/140] Linking CXX executable TestRedactMarkAll.exe; Deploying podofo 1.1.0 DLL for TestRedactMarkAll
lto-wrapper.exe: warning: using serial compilation of 31 LTRANS jobs
lto-wrapper.exe: note: see the '-flto' option documentation for more information
[95/140] Linking CXX executable TestNetworkDisclosure.exe
lto-wrapper.exe: warning: using serial compilation of 75 LTRANS jobs
lto-wrapper.exe: note: see the '-flto' option documentation for more information
[96/140] Linking CXX executable TestAnnotationDjot.exe; Deploying qoffscreen platform plugin for TestAnnotationDjot
lto-wrapper.exe: warning: using serial compilation of 4 LTRANS jobs
lto-wrapper.exe: note: see the '-flto' option documentation for more information
[97/140] Linking CXX executable TestAiProvider.exe
lto-wrapper.exe: warning: using serial compilation of 2 LTRANS jobs
lto-wrapper.exe: note: see the '-flto' option documentation for more information
[98/140] Linking CXX executable TestRedactApplyMarks.exe; Deploying podofo 1.1.0 DLL for TestRedactApplyMarks
lto-wrapper.exe: warning: using serial compilation of 17 LTRANS jobs
lto-wrapper.exe: note: see the '-flto' option documentation for more information
[99/140] Linking CXX executable TestOllamaProvider.exe
lto-wrapper.exe: warning: using serial compilation of 3 LTRANS jobs
lto-wrapper.exe: note: see the '-flto' option documentation for more information
[100/140] Linking CXX executable TestDiffEngine.exe
lto-wrapper.exe: warning: using serial compilation of 5 LTRANS jobs
lto-wrapper.exe: note: see the '-flto' option documentation for more information
[101/140] Linking CXX executable TestOfficeImport.exe
lto-wrapper.exe: warning: using serial compilation of 4 LTRANS jobs
lto-wrapper.exe: note: see the '-flto' option documentation for more information
[102/140] Linking CXX executable TestMrcPipeline.exe
lto-wrapper.exe: warning: using serial compilation of 18 LTRANS jobs
lto-wrapper.exe: note: see the '-flto' option documentation for more information
[103/140] Linking CXX executable TestHistoryIntegrity.exe; Deploying qoffscreen platform plugin and podofo 1.1.0 DLL for TestHistoryIntegrity; Deploying podofo 1.1.0 DLL for TestHistoryIntegrity
lto-wrapper.exe: warning: using serial compilation of 25 LTRANS jobs
lto-wrapper.exe: note: see the '-flto' option documentation for more information
[104/140] Linking CXX executable TestImageAppearance.exe; Deploying qoffscreen platform plugin for TestImageAppearance; Deploying podofo 1.1.0 DLL for TestImageAppearance
lto-wrapper.exe: warning: using serial compilation of 21 LTRANS jobs
lto-wrapper.exe: note: see the '-flto' option documentation for more information
[105/140] Linking CXX executable TestOfficeExport.exe; Deploying podofo 1.1.0 DLL for TestOfficeExport
lto-wrapper.exe: warning: using serial compilation of 4 LTRANS jobs
lto-wrapper.exe: note: see the '-flto' option documentation for more information
[106/140] Linking CXX executable TestCheckedMutationCoverage.exe
lto-wrapper.exe: warning: using serial compilation of 82 LTRANS jobs
lto-wrapper.exe: note: see the '-flto' option documentation for more information
[107/140] Linking CXX executable TestTextEditStyle.exe; Deploying podofo 1.1.0 DLL for TestTextEditStyle
lto-wrapper.exe: warning: using serial compilation of 17 LTRANS jobs
lto-wrapper.exe: note: see the '-flto' option documentation for more information
[108/140] Linking CXX executable TestEraserEngine.exe; Deploying podofo 1.1.0 DLL for TestEraserEngine
lto-wrapper.exe: warning: using serial compilation of 18 LTRANS jobs
lto-wrapper.exe: note: see the '-flto' option documentation for more information
[109/140] Linking CXX executable render_path_profile.exe; Deploying qoffscreen platform plugin for render_path_profile
lto-wrapper.exe: warning: using serial compilation of 4 LTRANS jobs
lto-wrapper.exe: note: see the '-flto' option documentation for more information
[110/140] Linking CXX executable TestRenderGuards.exe; Deploying qoffscreen platform plugin for TestRenderGuards
lto-wrapper.exe: warning: using serial compilation of 4 LTRANS jobs
lto-wrapper.exe: note: see the '-flto' option documentation for more information
[111/140] Linking CXX executable TestSep13LeadCapability.exe; Deploying qoffscreen platform plugin for TestSep13LeadCapability
[112/140] Linking CXX executable TestSep13LeadBatchMerge.exe; Deploying qoffscreen platform plugin for TestSep13LeadBatchMerge
lto-wrapper.exe: warning: using serial compilation of 30 LTRANS jobs
lto-wrapper.exe: note: see the '-flto' option documentation for more information
[113/140] Linking CXX executable TestSep13LeadOcrGuards.exe; Deploying qoffscreen platform plugin for TestSep13LeadOcrGuards
lto-wrapper.exe: warning: using serial compilation of 3 LTRANS jobs
lto-wrapper.exe: note: see the '-flto' option documentation for more information
[114/140] Linking CXX executable TestSep13LeadConversionExport.exe
lto-wrapper.exe: warning: using serial compilation of 4 LTRANS jobs
lto-wrapper.exe: note: see the '-flto' option documentation for more information
[115/140] Linking CXX executable TestSep13LeadRedactionProof.exe; Deploying qoffscreen platform plugin for TestSep13LeadRedactionProof
lto-wrapper.exe: warning: using serial compilation of 23 LTRANS jobs
lto-wrapper.exe: note: see the '-flto' option documentation for more information
[116/140] Linking CXX executable R14ProbeRedactSpace.exe; Deploying qoffscreen platform plugin for R14ProbeRedactSpace
lto-wrapper.exe: warning: using serial compilation of 23 LTRANS jobs
lto-wrapper.exe: note: see the '-flto' option documentation for more information
[117/140] Linking CXX executable TestPersistenceOutcomes.exe; Deploying qoffscreen platform plugin for TestPersistenceOutcomes
lto-wrapper.exe: warning: using serial compilation of 116 LTRANS jobs
lto-wrapper.exe: note: see the '-flto' option documentation for more information
In function 'memcpy',
    inlined from 'luaL_addlstring' at D:/pdf/pdf-r3-sec/third_party/lua-5.4/src/lauxlib.c:586:5,
    inlined from 'luaL_addlstring' at D:/pdf/pdf-r3-sec/third_party/lua-5.4/src/lauxlib.c:583:17,
    inlined from 'add_s' at D:/pdf/pdf-r3-sec/third_party/lua-5.4/src/lstrlib.c:883:9,
    inlined from 'add_value' at D:/pdf/pdf-r3-sec/third_party/lua-5.4/src/lstrlib.c:923:7,
    inlined from 'str_gsub' at D:/pdf/pdf-r3-sec/third_party/lua-5.4/src/lstrlib.c:967:17:
D:/pdf/msys64/ucrt64/include/string.h:217:10: warning: '__builtin_memcpy' specified bound 18446744073709551614 exceeds maximum object size 9223372036854775807 [-Wstringop-overflow=]
  217 |   return __builtin___memcpy_chk(__dst, __src, __n, __mingw_bos(__dst, 0));
      |          ^
[118/140] Linking CXX executable TestSep13LeadBtDowngrade.exe; Deploying podofo 1.1.0 DLL for TestSep13LeadBtDowngrade; Deploying qoffscreen platform plugin for TestSep13LeadBtDowngrade
lto-wrapper.exe: warning: using serial compilation of 3 LTRANS jobs
lto-wrapper.exe: note: see the '-flto' option documentation for more information
[119/140] Linking CXX executable TestSep13LeadComparePerf.exe; Deploying qoffscreen platform plugin for TestSep13LeadComparePerf
lto-wrapper.exe: warning: using serial compilation of 5 LTRANS jobs
lto-wrapper.exe: note: see the '-flto' option documentation for more information
[120/140] Linking CXX executable TestSweepW1PresetAdversary.exe
lto-wrapper.exe: warning: using serial compilation of 2 LTRANS jobs
lto-wrapper.exe: note: see the '-flto' option documentation for more information
[121/140] Linking CXX executable TestSweepW1SigningAdversary.exe; Deploying podofo 1.1.0 DLL for TestSweepW1SigningAdversary
lto-wrapper.exe: warning: using serial compilation of 6 LTRANS jobs
lto-wrapper.exe: note: see the '-flto' option documentation for more information
[122/140] Linking CXX executable TestSweepW1SummaryPolicyAdversary.exe; Deploying podofo 1.1.0 DLL for TestSweepW1SummaryPolicyAdversary
lto-wrapper.exe: warning: using serial compilation of 3 LTRANS jobs
lto-wrapper.exe: note: see the '-flto' option documentation for more information
[123/140] Linking CXX executable TestSweepW1SecProbe.exe; Deploying podofo 1.1.0 DLL for TestSweepW1SecProbe
lto-wrapper.exe: warning: using serial compilation of 5 LTRANS jobs
lto-wrapper.exe: note: see the '-flto' option documentation for more information
[124/140] Linking CXX executable W2BProbeNaming.exe; Deploying podofo 1.1.0 DLL for W2BProbeNaming
lto-wrapper.exe: warning: using serial compilation of 3 LTRANS jobs
lto-wrapper.exe: note: see the '-flto' option documentation for more information
[125/140] Linking CXX executable R14ProbeSep13Fixes-r2.exe; Deploying qoffscreen platform plugin for R14ProbeSep13Fixes
lto-wrapper.exe: warning: using serial compilation of 33 LTRANS jobs
lto-wrapper.exe: note: see the '-flto' option documentation for more information
[126/140] Linking CXX executable W2BProbeSummaryPolicy.exe; Deploying podofo 1.1.0 DLL for W2BProbeSummaryPolicy; Deploying qoffscreen platform plugin for W2BProbeSummaryPolicy
lto-wrapper.exe: warning: using serial compilation of 4 LTRANS jobs
lto-wrapper.exe: note: see the '-flto' option documentation for more information
[127/140] Linking CXX executable W2BProbeSigning.exe; Deploying podofo 1.1.0 DLL for W2BProbeSigning; Deploying qoffscreen platform plugin for W2BProbeSigning
lto-wrapper.exe: warning: using serial compilation of 5 LTRANS jobs
lto-wrapper.exe: note: see the '-flto' option documentation for more information
[128/140] Linking CXX executable W2BProbeA11y.exe; Deploying podofo 1.1.0 DLL for W2BProbeA11y; Deploying qoffscreen platform plugin for W2BProbeA11y
lto-wrapper.exe: warning: using serial compilation of 2 LTRANS jobs
lto-wrapper.exe: note: see the '-flto' option documentation for more information
[129/140] Linking CXX executable W2BProbeOfficeSave.exe; Deploying podofo 1.1.0 DLL for W2BProbeOfficeSave; Deploying qoffscreen platform plugin for W2BProbeOfficeSave
lto-wrapper.exe: warning: using serial compilation of 5 LTRANS jobs
lto-wrapper.exe: note: see the '-flto' option documentation for more information
[130/140] Linking CXX executable W2BProbeLegacySpace.exe; Deploying podofo 1.1.0 DLL for W2BProbeLegacySpace; Deploying qoffscreen platform plugin for W2BProbeLegacySpace
lto-wrapper.exe: warning: using serial compilation of 9 LTRANS jobs
lto-wrapper.exe: note: see the '-flto' option documentation for more information
[131/140] Linking CXX executable TestRotate270PageSpace.exe; Deploying podofo 1.1.0 DLL for TestRotate270PageSpace
lto-wrapper.exe: warning: using serial compilation of 11 LTRANS jobs
lto-wrapper.exe: note: see the '-flto' option documentation for more information
[132/140] Linking CXX executable R14ProbeBatchSkip.exe; Deploying podofo 1.1.0 DLL for R14ProbeBatchSkip
lto-wrapper.exe: warning: using serial compilation of 30 LTRANS jobs
lto-wrapper.exe: note: see the '-flto' option documentation for more information
[133/140] Linking CXX executable TestGsdW2Probe.exe; Deploying podofo 1.1.0 DLL for TestGsdW2Probe
lto-wrapper.exe: warning: using serial compilation of 41 LTRANS jobs
lto-wrapper.exe: note: see the '-flto' option documentation for more information
[134/140] Linking CXX executable W2CProbeRotate270.exe; Deploying podofo 1.1.0 DLL for W2CProbeRotate270; Deploying qoffscreen platform plugin for W2CProbeRotate270
lto-wrapper.exe: warning: using serial compilation of 30 LTRANS jobs
lto-wrapper.exe: note: see the '-flto' option documentation for more information
[135/140] Linking CXX executable TestPgr37PageSpaceLaw.exe; Deploying qoffscreen platform plugin for TestPgr37PageSpaceLaw
lto-wrapper.exe: warning: using serial compilation of 19 LTRANS jobs
lto-wrapper.exe: note: see the '-flto' option documentation for more information
[136/140] Linking CXX executable TestPgr35BatchCollision.exe
lto-wrapper.exe: warning: using serial compilation of 30 LTRANS jobs
lto-wrapper.exe: note: see the '-flto' option documentation for more information
[137/140] Linking CXX executable TestPgr36StaleSigningPanel.exe
lto-wrapper.exe: warning: using serial compilation of 75 LTRANS jobs
lto-wrapper.exe: note: see the '-flto' option documentation for more information
[138/140] Linking CXX executable TestCommandRegistry.exe
lto-wrapper.exe: warning: using serial compilation of 2 LTRANS jobs
lto-wrapper.exe: note: see the '-flto' option documentation for more information
[139/140] Staging runtime DLLs into build dir
[140/140] Linking CXX executable TestFileHandleCoordination.exe
lto-wrapper.exe: warning: using serial compilation of 116 LTRANS jobs
lto-wrapper.exe: note: see the '-flto' option documentation for more information
In function 'memcpy',
    inlined from 'luaL_addlstring' at D:/pdf/pdf-r3-sec/third_party/lua-5.4/src/lauxlib.c:586:5,
    inlined from 'luaL_addlstring' at D:/pdf/pdf-r3-sec/third_party/lua-5.4/src/lauxlib.c:583:17,
    inlined from 'add_s' at D:/pdf/pdf-r3-sec/third_party/lua-5.4/src/lstrlib.c:883:9,
    inlined from 'add_value' at D:/pdf/pdf-r3-sec/third_party/lua-5.4/src/lstrlib.c:923:7,
    inlined from 'str_gsub' at D:/pdf/pdf-r3-sec/third_party/lua-5.4/src/lstrlib.c:967:17:
D:/pdf/msys64/ucrt64/include/string.h:217:10: warning: '__builtin_memcpy' specified bound 18446744073709551614 exceeds maximum object size 9223372036854775807 [-Wstringop-overflow=]
  217 |   return __builtin___memcpy_chk(__dst, __src, __n, __mingw_bos(__dst, 0));
      |          ^
BUILD_RC=0
[1/211] Automatic MOC and UIC for target pdfws_engines
[2/210] Automatic MOC and UIC for target TestPageLabels
[3/209] Automatic MOC and UIC for target TestEncryptedPackageSafeWrite
[4/208] Building CXX object CMakeFiles/TestPageLabels.dir/src/engines/SafeSave.cpp.obj
[5/208] Building CXX object CMakeFiles/pdfws_engines.dir/src/engines/SafeSave.cpp.obj
[6/208] Linking CXX static library libpdfws_engines.a
[7/208] Building CXX object CMakeFiles/TestEncryptedPackageSafeWrite.dir/src/engines/SafeSave.cpp.obj
[8/208] Linking CXX executable UnitTests.exe
lto-wrapper.exe: warning: using serial compilation of 6 LTRANS jobs
lto-wrapper.exe: note: see the '-flto' option documentation for more information
[9/208] Linking CXX executable TestExpiryInterface.exe; Deploying podofo 1.1.0 DLL for TestExpiryInterface
lto-wrapper.exe: warning: using serial compilation of 18 LTRANS jobs
lto-wrapper.exe: note: see the '-flto' option documentation for more information
[10/208] Linking CXX executable SmokeTest.exe
lto-wrapper.exe: warning: using serial compilation of 25 LTRANS jobs
lto-wrapper.exe: note: see the '-flto' option documentation for more information
[11/208] Linking CXX executable TestSanitization.exe
lto-wrapper.exe: warning: using serial compilation of 19 LTRANS jobs
lto-wrapper.exe: note: see the '-flto' option documentation for more information
[12/208] Linking CXX executable TestSanitizeSelective.exe; Deploying podofo 1.1.0 DLL for TestSanitizeSelective
lto-wrapper.exe: warning: using serial compilation of 19 LTRANS jobs
lto-wrapper.exe: note: see the '-flto' option documentation for more information
[13/208] Linking CXX executable TestSanitizeTrailerUaf.exe
lto-wrapper.exe: warning: using serial compilation of 18 LTRANS jobs
lto-wrapper.exe: note: see the '-flto' option documentation for more information
[14/208] Linking CXX executable PdfWorkstation.exe; AR-11 D4: Stripping DWARF paths from Release PdfWorkstation.exe
lto-wrapper.exe: warning: using serial compilation of 116 LTRANS jobs
lto-wrapper.exe: note: see the '-flto' option documentation for more information
In function 'memcpy',
    inlined from 'luaL_addlstring' at D:/pdf/pdf-r3-sec/third_party/lua-5.4/src/lauxlib.c:586:5,
    inlined from 'luaL_addlstring' at D:/pdf/pdf-r3-sec/third_party/lua-5.4/src/lauxlib.c:583:17,
    inlined from 'add_s' at D:/pdf/pdf-r3-sec/third_party/lua-5.4/src/lstrlib.c:883:9,
    inlined from 'add_value' at D:/pdf/pdf-r3-sec/third_party/lua-5.4/src/lstrlib.c:923:7,
    inlined from 'str_gsub' at D:/pdf/pdf-r3-sec/third_party/lua-5.4/src/lstrlib.c:967:17:
D:/pdf/msys64/ucrt64/include/string.h:217:10: warning: '__builtin_memcpy' specified bound 18446744073709551614 exceeds maximum object size 9223372036854775807 [-Wstringop-overflow=]
  217 |   return __builtin___memcpy_chk(__dst, __src, __n, __mingw_bos(__dst, 0));
      |          ^
[15/208] Linking CXX executable TestAutosave.exe
lto-wrapper.exe: warning: using serial compilation of 19 LTRANS jobs
lto-wrapper.exe: note: see the '-flto' option documentation for more information
[16/208] Linking CXX executable TestDocumentIdentity.exe; Deploying qoffscreen platform plugin for TestDocumentIdentity
D:/pdf/pdf-r3-sec/src/modes/PdfAValidationPanel.h:68:7: warning: type 'struct PdfAValidationPanel' violates the C++ One Definition Rule [-Wodr]
   68 | class PdfAValidationPanel : public QFrame {
      |       ^
D:/pdf/pdf-r3-sec/src/modes/PdfAValidationPanel.h:68:7: note: a different type is defined in another translation unit
   68 | class PdfAValidationPanel : public QFrame {
      |       ^
D:/pdf/pdf-r3-sec/src/modes/PdfAValidationPanel.h:120:24: note: the first difference of corresponding definitions is field 'm_issuesLayout'
  120 |     class QVBoxLayout* m_issuesLayout{nullptr};
      |                        ^
D:/pdf/pdf-r3-sec/src/modes/PdfAValidationPanel.h:120:24: note: a field of same name but different type is defined in another translation unit
  120 |     class QVBoxLayout* m_issuesLayout{nullptr};
      |                        ^
D:/pdf/pdf-r3-sec/src/modes/PdfAValidationPanel.h:120:11: note: type name 'gp::QVBoxLayout' should match type name 'QVBoxLayout'
  120 |     class QVBoxLayout* m_issuesLayout{nullptr};
      |           ^
C:/msys64/ucrt64/include/qt6/QtWidgets/qboxlayout.h:91:24: note: the incompatible type is defined here
   91 | class Q_WIDGETS_EXPORT QVBoxLayout : public QBoxLayout
      |                        ^
lto-wrapper.exe: warning: using serial compilation of 116 LTRANS jobs
lto-wrapper.exe: note: see the '-flto' option documentation for more information
In function 'memcpy',
    inlined from 'luaL_addlstring' at D:/pdf/pdf-r3-sec/third_party/lua-5.4/src/lauxlib.c:586:5,
    inlined from 'luaL_addlstring' at D:/pdf/pdf-r3-sec/third_party/lua-5.4/src/lauxlib.c:583:17,
    inlined from 'add_s' at D:/pdf/pdf-r3-sec/third_party/lua-5.4/src/lstrlib.c:883:9,
    inlined from 'add_value' at D:/pdf/pdf-r3-sec/third_party/lua-5.4/src/lstrlib.c:923:7,
    inlined from 'str_gsub' at D:/pdf/pdf-r3-sec/third_party/lua-5.4/src/lstrlib.c:967:17:
D:/pdf/msys64/ucrt64/include/string.h:217:10: warning: '__builtin_memcpy' specified bound 18446744073709551614 exceeds maximum object size 9223372036854775807 [-Wstringop-overflow=]
  217 |   return __builtin___memcpy_chk(__dst, __src, __n, __mingw_bos(__dst, 0));
      |          ^
[17/208] Linking CXX executable TestBatesBatchSafety.exe; Deploying qoffscreen platform plugin for TestBatesBatchSafety
lto-wrapper.exe: warning: using serial compilation of 118 LTRANS jobs
lto-wrapper.exe: note: see the '-flto' option documentation for more information
In function 'memcpy',
    inlined from 'luaL_addlstring' at D:/pdf/pdf-r3-sec/third_party/lua-5.4/src/lauxlib.c:586:5,
    inlined from 'luaL_addlstring' at D:/pdf/pdf-r3-sec/third_party/lua-5.4/src/lauxlib.c:583:17,
    inlined from 'add_s' at D:/pdf/pdf-r3-sec/third_party/lua-5.4/src/lstrlib.c:883:9,
    inlined from 'add_value' at D:/pdf/pdf-r3-sec/third_party/lua-5.4/src/lstrlib.c:923:7,
    inlined from 'str_gsub' at D:/pdf/pdf-r3-sec/third_party/lua-5.4/src/lstrlib.c:967:17:
D:/pdf/msys64/ucrt64/include/string.h:217:10: warning: '__builtin_memcpy' specified bound 18446744073709551614 exceeds maximum object size 9223372036854775807 [-Wstringop-overflow=]
  217 |   return __builtin___memcpy_chk(__dst, __src, __n, __mingw_bos(__dst, 0));
      |          ^
[18/208] Linking CXX executable TestRecoverySave.exe; Deploying qoffscreen platform plugin for TestRecoverySave
lto-wrapper.exe: warning: using serial compilation of 117 LTRANS jobs
lto-wrapper.exe: note: see the '-flto' option documentation for more information
In function 'memcpy',
    inlined from 'luaL_addlstring' at D:/pdf/pdf-r3-sec/third_party/lua-5.4/src/lauxlib.c:586:5,
    inlined from 'luaL_addlstring' at D:/pdf/pdf-r3-sec/third_party/lua-5.4/src/lauxlib.c:583:17,
    inlined from 'add_s' at D:/pdf/pdf-r3-sec/third_party/lua-5.4/src/lstrlib.c:883:9,
    inlined from 'add_value' at D:/pdf/pdf-r3-sec/third_party/lua-5.4/src/lstrlib.c:923:7,
    inlined from 'str_gsub' at D:/pdf/pdf-r3-sec/third_party/lua-5.4/src/lstrlib.c:967:17:
D:/pdf/msys64/ucrt64/include/string.h:217:10: warning: '__builtin_memcpy' specified bound 18446744073709551614 exceeds maximum object size 9223372036854775807 [-Wstringop-overflow=]
  217 |   return __builtin___memcpy_chk(__dst, __src, __n, __mingw_bos(__dst, 0));
      |          ^
[19/208] Linking CXX executable TestReadOnlyGate.exe; Deploying qoffscreen platform plugin for TestReadOnlyGate
lto-wrapper.exe: warning: using serial compilation of 116 LTRANS jobs
lto-wrapper.exe: note: see the '-flto' option documentation for more information
In function 'memcpy',
    inlined from 'luaL_addlstring' at D:/pdf/pdf-r3-sec/third_party/lua-5.4/src/lauxlib.c:586:5,
    inlined from 'luaL_addlstring' at D:/pdf/pdf-r3-sec/third_party/lua-5.4/src/lauxlib.c:583:17,
    inlined from 'add_s' at D:/pdf/pdf-r3-sec/third_party/lua-5.4/src/lstrlib.c:883:9,
    inlined from 'add_value' at D:/pdf/pdf-r3-sec/third_party/lua-5.4/src/lstrlib.c:923:7,
    inlined from 'str_gsub' at D:/pdf/pdf-r3-sec/third_party/lua-5.4/src/lstrlib.c:967:17:
D:/pdf/msys64/ucrt64/include/string.h:217:10: warning: '__builtin_memcpy' specified bound 18446744073709551614 exceeds maximum object size 9223372036854775807 [-Wstringop-overflow=]
  217 |   return __builtin___memcpy_chk(__dst, __src, __n, __mingw_bos(__dst, 0));
      |          ^
[20/208] Linking CXX executable TestRobustness.exe
lto-wrapper.exe: warning: using serial compilation of 18 LTRANS jobs
lto-wrapper.exe: note: see the '-flto' option documentation for more information
[21/208] Linking CXX executable TestSecretStore.exe
lto-wrapper.exe: warning: using serial compilation of 2 LTRANS jobs
lto-wrapper.exe: note: see the '-flto' option documentation for more information
[22/208] Linking CXX executable TestSignatureValidation.exe
lto-wrapper.exe: warning: using serial compilation of 3 LTRANS jobs
lto-wrapper.exe: note: see the '-flto' option documentation for more information
[23/208] Linking CXX executable TestSignatureRealCrypto.exe; Deploying podofo 1.1.0 DLL for TestSignatureRealCrypto
lto-wrapper.exe: warning: using serial compilation of 9 LTRANS jobs
lto-wrapper.exe: note: see the '-flto' option documentation for more information
[24/208] Linking CXX executable TestSendForSigning.exe; Deploying podofo 1.1.0 DLL for TestSendForSigning
lto-wrapper.exe: warning: using serial compilation of 11 LTRANS jobs
lto-wrapper.exe: note: see the '-flto' option documentation for more information
[25/208] Linking CXX executable TestEraseSignedGuard.exe; Deploying podofo 1.1.0 DLL for TestEraseSignedGuard
lto-wrapper.exe: warning: using serial compilation of 18 LTRANS jobs
lto-wrapper.exe: note: see the '-flto' option documentation for more information
[26/208] Linking CXX executable TestSignatureAppearance.exe; Deploying podofo 1.1.0 DLL for TestSignatureAppearance
lto-wrapper.exe: warning: using serial compilation of 4 LTRANS jobs
lto-wrapper.exe: note: see the '-flto' option documentation for more information
[27/208] Linking CXX executable TestOptimizeSignedGuard.exe; Deploying podofo 1.1.0 DLL for TestOptimizeSignedGuard
lto-wrapper.exe: warning: using serial compilation of 17 LTRANS jobs
lto-wrapper.exe: note: see the '-flto' option documentation for more information
[28/208] Linking CXX executable TestImageDedup.exe; Deploying podofo 1.1.0 DLL for TestImageDedup
lto-wrapper.exe: warning: using serial compilation of 3 LTRANS jobs
lto-wrapper.exe: note: see the '-flto' option documentation for more information
[29/208] Linking CXX executable TestSidecarReopenState.exe; Deploying qoffscreen platform plugin for TestSidecarReopenState
lto-wrapper.exe: warning: using serial compilation of 116 LTRANS jobs
lto-wrapper.exe: note: see the '-flto' option documentation for more information
In function 'memcpy',
    inlined from 'luaL_addlstring' at D:/pdf/pdf-r3-sec/third_party/lua-5.4/src/lauxlib.c:586:5,
    inlined from 'luaL_addlstring' at D:/pdf/pdf-r3-sec/third_party/lua-5.4/src/lauxlib.c:583:17,
    inlined from 'add_s' at D:/pdf/pdf-r3-sec/third_party/lua-5.4/src/lstrlib.c:883:9,
    inlined from 'add_value' at D:/pdf/pdf-r3-sec/third_party/lua-5.4/src/lstrlib.c:923:7,
    inlined from 'str_gsub' at D:/pdf/pdf-r3-sec/third_party/lua-5.4/src/lstrlib.c:967:17:
D:/pdf/msys64/ucrt64/include/string.h:217:10: warning: '__builtin_memcpy' specified bound 18446744073709551614 exceeds maximum object size 9223372036854775807 [-Wstringop-overflow=]
  217 |   return __builtin___memcpy_chk(__dst, __src, __n, __mingw_bos(__dst, 0));
      |          ^
[30/208] Linking CXX executable TestRedaction.exe
lto-wrapper.exe: warning: using serial compilation of 18 LTRANS jobs
lto-wrapper.exe: note: see the '-flto' option documentation for more information
[31/208] Linking CXX executable TestDedupSMask.exe; Deploying podofo 1.1.0 DLL for TestDedupSMask
lto-wrapper.exe: warning: using serial compilation of 18 LTRANS jobs
lto-wrapper.exe: note: see the '-flto' option documentation for more information
[32/208] Linking CXX executable TestCompressJpegReencode.exe; Deploying podofo 1.1.0 DLL for TestCompressJpegReencode
lto-wrapper.exe: warning: using serial compilation of 19 LTRANS jobs
lto-wrapper.exe: note: see the '-flto' option documentation for more information
[33/208] Linking CXX executable TestLayoutEnsemble.exe
lto-wrapper.exe: warning: using serial compilation of 2 LTRANS jobs
lto-wrapper.exe: note: see the '-flto' option documentation for more information
[34/208] Linking CXX executable TestOcrPipeline.exe
lto-wrapper.exe: warning: using serial compilation of 4 LTRANS jobs
lto-wrapper.exe: note: see the '-flto' option documentation for more information
[35/208] Linking CXX executable TestOptimizeEstimate.exe; Deploying podofo 1.1.0 DLL for TestOptimizeEstimate
lto-wrapper.exe: warning: using serial compilation of 18 LTRANS jobs
lto-wrapper.exe: note: see the '-flto' option documentation for more information
[36/208] Linking CXX executable TestOcrRegionReocr.exe; Deploying qoffscreen platform plugin for TestOcrRegionReocr
lto-wrapper.exe: warning: using serial compilation of 18 LTRANS jobs
lto-wrapper.exe: note: see the '-flto' option documentation for more information
[37/208] Linking CXX executable TestOcrReviewLifecycle.exe; Deploying qoffscreen platform plugin for TestOcrReviewLifecycle
lto-wrapper.exe: warning: using serial compilation of 33 LTRANS jobs
lto-wrapper.exe: note: see the '-flto' option documentation for more information
In function 'memcpy',
    inlined from 'luaL_addlstring' at D:/pdf/pdf-r3-sec/third_party/lua-5.4/src/lauxlib.c:586:5,
    inlined from 'luaL_addlstring' at D:/pdf/pdf-r3-sec/third_party/lua-5.4/src/lauxlib.c:583:17,
    inlined from 'add_s' at D:/pdf/pdf-r3-sec/third_party/lua-5.4/src/lstrlib.c:883:9,
    inlined from 'add_value' at D:/pdf/pdf-r3-sec/third_party/lua-5.4/src/lstrlib.c:923:7,
    inlined from 'str_gsub' at D:/pdf/pdf-r3-sec/third_party/lua-5.4/src/lstrlib.c:967:17:
D:/pdf/msys64/ucrt64/include/string.h:217:10: warning: '__builtin_memcpy' specified bound 18446744073709551614 exceeds maximum object size 9223372036854775807 [-Wstringop-overflow=]
  217 |   return __builtin___memcpy_chk(__dst, __src, __n, __mingw_bos(__dst, 0));
      |          ^
[38/208] Linking CXX executable TestOcrOutputMode.exe; Deploying qoffscreen platform plugin for TestOcrOutputMode
lto-wrapper.exe: warning: using serial compilation of 26 LTRANS jobs
lto-wrapper.exe: note: see the '-flto' option documentation for more information
[39/208] Linking CXX executable TestOcrVerifyPort.exe; Deploying qoffscreen platform plugin for TestOcrVerifyPort
lto-wrapper.exe: warning: using serial compilation of 4 LTRANS jobs
lto-wrapper.exe: note: see the '-flto' option documentation for more information
[40/208] Linking CXX executable TestOcrPreprocessor.exe
[41/208] Linking CXX executable TestOcrDjotMapper.exe
lto-wrapper.exe: warning: using serial compilation of 8 LTRANS jobs
lto-wrapper.exe: note: see the '-flto' option documentation for more information
In function 'memcpy',
    inlined from 'luaL_addlstring' at D:/pdf/pdf-r3-sec/third_party/lua-5.4/src/lauxlib.c:586:5,
    inlined from 'luaL_addlstring' at D:/pdf/pdf-r3-sec/third_party/lua-5.4/src/lauxlib.c:583:17,
    inlined from 'add_s' at D:/pdf/pdf-r3-sec/third_party/lua-5.4/src/lstrlib.c:883:9,
    inlined from 'add_value' at D:/pdf/pdf-r3-sec/third_party/lua-5.4/src/lstrlib.c:923:7,
    inlined from 'str_gsub' at D:/pdf/pdf-r3-sec/third_party/lua-5.4/src/lstrlib.c:967:17:
D:/pdf/msys64/ucrt64/include/string.h:217:10: warning: '__builtin_memcpy' specified bound 18446744073709551614 exceeds maximum object size 9223372036854775807 [-Wstringop-overflow=]
  217 |   return __builtin___memcpy_chk(__dst, __src, __n, __mingw_bos(__dst, 0));
      |          ^
[42/208] Linking CXX executable TestThreadSafety.exe
lto-wrapper.exe: warning: using serial compilation of 19 LTRANS jobs
lto-wrapper.exe: note: see the '-flto' option documentation for more information
[43/208] Linking CXX executable TestOcrVerifyNavigation.exe; Deploying qoffscreen platform plugin for TestOcrVerifyNavigation
lto-wrapper.exe: warning: using serial compilation of 50 LTRANS jobs
lto-wrapper.exe: note: see the '-flto' option documentation for more information
[44/208] Linking CXX executable TestEncryption.exe
lto-wrapper.exe: warning: using serial compilation of 18 LTRANS jobs
lto-wrapper.exe: note: see the '-flto' option documentation for more information
[45/208] Linking CXX executable TestResourceLimits.exe
lto-wrapper.exe: warning: using serial compilation of 18 LTRANS jobs
lto-wrapper.exe: note: see the '-flto' option documentation for more information
[46/208] Linking CXX executable TestSevenZipBundle.exe
[47/208] Linking CXX executable TestControllers.exe; Deploying qoffscreen platform plugin for TestControllers
lto-wrapper.exe: warning: using serial compilation of 94 LTRANS jobs
lto-wrapper.exe: note: see the '-flto' option documentation for more information
[48/208] Linking CXX executable TestRibbonIntegrity.exe; Deploying qoffscreen platform plugin for TestRibbonIntegrity
lto-wrapper.exe: warning: using serial compilation of 93 LTRANS jobs
lto-wrapper.exe: note: see the '-flto' option documentation for more information
[49/208] Linking CXX executable TestMenuBarIntegrity.exe; Deploying qoffscreen platform plugin for TestMenuBarIntegrity
lto-wrapper.exe: warning: using serial compilation of 93 LTRANS jobs
lto-wrapper.exe: note: see the '-flto' option documentation for more information
[50/208] Linking CXX executable TestCommandBinding.exe; Deploying qoffscreen platform plugin for TestCommandBinding
lto-wrapper.exe: warning: using serial compilation of 116 LTRANS jobs
lto-wrapper.exe: note: see the '-flto' option documentation for more information
In function 'memcpy',
    inlined from 'luaL_addlstring' at D:/pdf/pdf-r3-sec/third_party/lua-5.4/src/lauxlib.c:586:5,
    inlined from 'luaL_addlstring' at D:/pdf/pdf-r3-sec/third_party/lua-5.4/src/lauxlib.c:583:17,
    inlined from 'add_s' at D:/pdf/pdf-r3-sec/third_party/lua-5.4/src/lstrlib.c:883:9,
    inlined from 'add_value' at D:/pdf/pdf-r3-sec/third_party/lua-5.4/src/lstrlib.c:923:7,
    inlined from 'str_gsub' at D:/pdf/pdf-r3-sec/third_party/lua-5.4/src/lstrlib.c:967:17:
D:/pdf/msys64/ucrt64/include/string.h:217:10: warning: '__builtin_memcpy' specified bound 18446744073709551614 exceeds maximum object size 9223372036854775807 [-Wstringop-overflow=]
  217 |   return __builtin___memcpy_chk(__dst, __src, __n, __mingw_bos(__dst, 0));
      |          ^
[51/208] Linking CXX executable TestWelcomeRoutes.exe; Deploying qoffscreen platform plugin for TestWelcomeRoutes
lto-wrapper.exe: warning: using serial compilation of 117 LTRANS jobs
lto-wrapper.exe: note: see the '-flto' option documentation for more information
In function 'memcpy',
    inlined from 'luaL_addlstring' at D:/pdf/pdf-r3-sec/third_party/lua-5.4/src/lauxlib.c:586:5,
    inlined from 'luaL_addlstring' at D:/pdf/pdf-r3-sec/third_party/lua-5.4/src/lauxlib.c:583:17,
    inlined from 'add_s' at D:/pdf/pdf-r3-sec/third_party/lua-5.4/src/lstrlib.c:883:9,
    inlined from 'add_value' at D:/pdf/pdf-r3-sec/third_party/lua-5.4/src/lstrlib.c:923:7,
    inlined from 'str_gsub' at D:/pdf/pdf-r3-sec/third_party/lua-5.4/src/lstrlib.c:967:17:
D:/pdf/msys64/ucrt64/include/string.h:217:10: warning: '__builtin_memcpy' specified bound 18446744073709551614 exceeds maximum object size 9223372036854775807 [-Wstringop-overflow=]
  217 |   return __builtin___memcpy_chk(__dst, __src, __n, __mingw_bos(__dst, 0));
      |          ^
[52/208] Linking CXX executable TestSweepW3UxFlows.exe; Deploying qoffscreen platform plugin for TestSweepW3UxFlows
lto-wrapper.exe: warning: using serial compilation of 119 LTRANS jobs
lto-wrapper.exe: note: see the '-flto' option documentation for more information
In function 'memcpy',
    inlined from 'luaL_addlstring' at D:/pdf/pdf-r3-sec/third_party/lua-5.4/src/lauxlib.c:586:5,
    inlined from 'luaL_addlstring' at D:/pdf/pdf-r3-sec/third_party/lua-5.4/src/lauxlib.c:583:17,
    inlined from 'add_s' at D:/pdf/pdf-r3-sec/third_party/lua-5.4/src/lstrlib.c:883:9,
    inlined from 'add_value' at D:/pdf/pdf-r3-sec/third_party/lua-5.4/src/lstrlib.c:923:7,
    inlined from 'str_gsub' at D:/pdf/pdf-r3-sec/third_party/lua-5.4/src/lstrlib.c:967:17:
D:/pdf/msys64/ucrt64/include/string.h:217:10: warning: '__builtin_memcpy' specified bound 18446744073709551614 exceeds maximum object size 9223372036854775807 [-Wstringop-overflow=]
  217 |   return __builtin___memcpy_chk(__dst, __src, __n, __mingw_bos(__dst, 0));
      |          ^
[53/208] Linking CXX executable TestIntegration.exe
lto-wrapper.exe: warning: using serial compilation of 18 LTRANS jobs
lto-wrapper.exe: note: see the '-flto' option documentation for more information
[54/208] Linking CXX executable TestPerformance.exe
lto-wrapper.exe: warning: using serial compilation of 20 LTRANS jobs
lto-wrapper.exe: note: see the '-flto' option documentation for more information
[55/208] Linking CXX executable TestVeraPdf.exe
lto-wrapper.exe: warning: using serial compilation of 2 LTRANS jobs
lto-wrapper.exe: note: see the '-flto' option documentation for more information
[56/208] Linking CXX executable TestUiAccessibility.exe; Deploying qoffscreen platform plugin for TestUiAccessibility
lto-wrapper.exe: warning: using serial compilation of 117 LTRANS jobs
lto-wrapper.exe: note: see the '-flto' option documentation for more information
In function 'memcpy',
    inlined from 'luaL_addlstring' at D:/pdf/pdf-r3-sec/third_party/lua-5.4/src/lauxlib.c:586:5,
    inlined from 'luaL_addlstring' at D:/pdf/pdf-r3-sec/third_party/lua-5.4/src/lauxlib.c:583:17,
    inlined from 'add_s' at D:/pdf/pdf-r3-sec/third_party/lua-5.4/src/lstrlib.c:883:9,
    inlined from 'add_value' at D:/pdf/pdf-r3-sec/third_party/lua-5.4/src/lstrlib.c:923:7,
    inlined from 'str_gsub' at D:/pdf/pdf-r3-sec/third_party/lua-5.4/src/lstrlib.c:967:17:
D:/pdf/msys64/ucrt64/include/string.h:217:10: warning: '__builtin_memcpy' specified bound 18446744073709551614 exceeds maximum object size 9223372036854775807 [-Wstringop-overflow=]
  217 |   return __builtin___memcpy_chk(__dst, __src, __n, __mingw_bos(__dst, 0));
      |          ^
[57/208] Linking CXX executable TestAccessibilityChecker.exe
[58/208] Linking CXX executable TestAccessibilityPanel.exe
lto-wrapper.exe: warning: using serial compilation of 9 LTRANS jobs
lto-wrapper.exe: note: see the '-flto' option documentation for more information
[59/208] Linking CXX executable TestA11yReportWriter.exe; Deploying qoffscreen platform plugin for TestA11yReportWriter
lto-wrapper.exe: warning: using serial compilation of 2 LTRANS jobs
lto-wrapper.exe: note: see the '-flto' option documentation for more information
[60/208] Linking CXX executable TestAccessibilityFixes.exe
lto-wrapper.exe: warning: using serial compilation of 5 LTRANS jobs
lto-wrapper.exe: note: see the '-flto' option documentation for more information
[61/208] Linking CXX executable TestReadingOrderAsync.exe
D:/pdf/pdf-r3-sec/src/modes/PdfAValidationPanel.h:68:7: warning: type 'struct PdfAValidationPanel' violates the C++ One Definition Rule [-Wodr]
   68 | class PdfAValidationPanel : public QFrame {
      |       ^
D:/pdf/pdf-r3-sec/src/modes/PdfAValidationPanel.h:68:7: note: a different type is defined in another translation unit
   68 | class PdfAValidationPanel : public QFrame {
      |       ^
D:/pdf/pdf-r3-sec/src/modes/PdfAValidationPanel.h:117:19: note: the first difference of corresponding definitions is field 'm_statusLabel'
  117 |     class QLabel* m_statusLabel{nullptr};
      |                   ^
D:/pdf/pdf-r3-sec/src/modes/PdfAValidationPanel.h:117:19: note: a field of same name but different type is defined in another translation unit
  117 |     class QLabel* m_statusLabel{nullptr};
      |                   ^
D:/pdf/pdf-r3-sec/src/modes/PdfAValidationPanel.h:117:11: note: type name 'gp::QLabel' should match type name 'QLabel'
  117 |     class QLabel* m_statusLabel{nullptr};
      |           ^
C:/msys64/ucrt64/include/qt6/QtWidgets/qlabel.h:20:24: note: the incompatible type is defined here
   20 | class Q_WIDGETS_EXPORT QLabel : public QFrame
      |                        ^
lto-wrapper.exe: warning: using serial compilation of 72 LTRANS jobs
lto-wrapper.exe: note: see the '-flto' option documentation for more information
[62/208] Linking CXX executable TestAccessibilityTagger.exe
lto-wrapper.exe: warning: using serial compilation of 9 LTRANS jobs
lto-wrapper.exe: note: see the '-flto' option documentation for more information
[63/208] Linking CXX executable TestLaneScheduler.exe
lto-wrapper.exe: warning: using serial compilation of 3 LTRANS jobs
lto-wrapper.exe: note: see the '-flto' option documentation for more information
[64/208] Linking CXX executable TestFormBuilder.exe; Deploying qoffscreen platform plugin and podofo 1.1.0 DLL for TestFormBuilder; Deploying podofo 1.1.0 DLL for TestFormBuilder
lto-wrapper.exe: warning: using serial compilation of 6 LTRANS jobs
lto-wrapper.exe: note: see the '-flto' option documentation for more information
[65/208] Linking CXX executable TestFormPersistence.exe; Deploying qoffscreen platform plugin and podofo 1.1.0 DLL for TestFormPersistence; Deploying podofo 1.1.0 DLL for TestFormPersistence
lto-wrapper.exe: warning: using serial compilation of 6 LTRANS jobs
lto-wrapper.exe: note: see the '-flto' option documentation for more information
[66/208] Linking CXX executable TestCompareEntry.exe; Deploying qoffscreen platform plugin for TestCompareEntry
lto-wrapper.exe: warning: using serial compilation of 11 LTRANS jobs
lto-wrapper.exe: note: see the '-flto' option documentation for more information
[67/208] Linking CXX executable TestCompareIntegration.exe; Deploying qoffscreen platform plugin for TestCompareIntegration
lto-wrapper.exe: warning: using serial compilation of 10 LTRANS jobs
lto-wrapper.exe: note: see the '-flto' option documentation for more information
[68/208] Linking CXX executable TestPageLabels.exe; Deploying podofo 1.1.0 DLL for TestPageLabels
lto-wrapper.exe: warning: using serial compilation of 2 LTRANS jobs
lto-wrapper.exe: note: see the '-flto' option documentation for more information
[69/208] Linking CXX executable TestPagesMode.exe; Deploying qoffscreen platform plugin for TestPagesMode
lto-wrapper.exe: warning: using serial compilation of 24 LTRANS jobs
lto-wrapper.exe: note: see the '-flto' option documentation for more information
[70/208] Linking CXX executable TestBatchMode.exe; Deploying qoffscreen platform plugin for TestBatchMode
lto-wrapper.exe: warning: using serial compilation of 31 LTRANS jobs
lto-wrapper.exe: note: see the '-flto' option documentation for more information
[71/208] Linking CXX executable TestBatchPresets.exe; Deploying qoffscreen platform plugin for TestBatchPresets; Deploying podofo 1.1.0 DLL for TestBatchPresets
lto-wrapper.exe: warning: using serial compilation of 32 LTRANS jobs
lto-wrapper.exe: note: see the '-flto' option documentation for more information
[72/208] Linking CXX executable TestBatchPresetsP2.exe; Deploying qoffscreen platform plugin for TestBatchPresetsP2; Deploying podofo 1.1.0 DLL for TestBatchPresetsP2
lto-wrapper.exe: warning: using serial compilation of 35 LTRANS jobs
lto-wrapper.exe: note: see the '-flto' option documentation for more information
[73/208] Linking CXX executable TestHotFolder.exe; Deploying qoffscreen platform plugin for TestHotFolder
lto-wrapper.exe: warning: using serial compilation of 31 LTRANS jobs
lto-wrapper.exe: note: see the '-flto' option documentation for more information
[74/208] Linking CXX executable TestBatchOcrLanguage.exe; Deploying qoffscreen platform plugin for TestBatchOcrLanguage
lto-wrapper.exe: warning: using serial compilation of 30 LTRANS jobs
lto-wrapper.exe: note: see the '-flto' option documentation for more information
[75/208] Linking CXX executable TestOcrPreprocessPrefs.exe; Deploying qoffscreen platform plugin for TestOcrPreprocessPrefs
lto-wrapper.exe: warning: using serial compilation of 3 LTRANS jobs
lto-wrapper.exe: note: see the '-flto' option documentation for more information
[76/208] Linking CXX executable TestBatchOcrSkipText.exe; Deploying qoffscreen platform plugin for TestBatchOcrSkipText
lto-wrapper.exe: warning: using serial compilation of 31 LTRANS jobs
lto-wrapper.exe: note: see the '-flto' option documentation for more information
[77/208] Linking CXX executable TestBatesCrossDoc.exe; Deploying qoffscreen platform plugin for TestBatesCrossDoc
lto-wrapper.exe: warning: using serial compilation of 18 LTRANS jobs
lto-wrapper.exe: note: see the '-flto' option documentation for more information
[78/208] Linking CXX executable TestOpenRouting.exe; Deploying qoffscreen platform plugin for TestOpenRouting
[79/208] Linking CXX executable TestExcisionCorruption.exe; Deploying qoffscreen platform plugin for TestExcisionCorruption
lto-wrapper.exe: warning: using serial compilation of 18 LTRANS jobs
lto-wrapper.exe: note: see the '-flto' option documentation for more information
[80/208] Linking CXX executable TestBatchOpsCoverage.exe; Deploying qoffscreen platform plugin for TestBatchOpsCoverage; Deploying podofo 1.1.0 DLL for TestBatchOpsCoverage
lto-wrapper.exe: warning: using serial compilation of 34 LTRANS jobs
lto-wrapper.exe: note: see the '-flto' option documentation for more information
[81/208] Linking CXX executable TestPdfACidSetSafety.exe; Deploying podofo 1.1.0 DLL for TestPdfACidSetSafety
lto-wrapper.exe: warning: using serial compilation of 18 LTRANS jobs
lto-wrapper.exe: note: see the '-flto' option documentation for more information
[82/208] Linking CXX executable TestReadingOrderThreshold.exe; Deploying qoffscreen platform plugin for TestReadingOrderThreshold
lto-wrapper.exe: warning: using serial compilation of 2 LTRANS jobs
lto-wrapper.exe: note: see the '-flto' option documentation for more information
[83/208] Linking CXX executable TestReadingOrderMcid.exe; Deploying podofo 1.1.0 DLL for TestReadingOrderMcid; Deploying pdfium DLL for TestReadingOrderMcid; Deploying qoffscreen platform plugin for TestReadingOrderMcid
lto-wrapper.exe: warning: using serial compilation of 2 LTRANS jobs
lto-wrapper.exe: note: see the '-flto' option documentation for more information
[84/208] Linking CXX executable TestLinkBookmarkRoundTrip.exe; Deploying qoffscreen platform plugin for TestLinkBookmarkRoundTrip
lto-wrapper.exe: warning: using serial compilation of 2 LTRANS jobs
lto-wrapper.exe: note: see the '-flto' option documentation for more information
[85/208] Linking CXX executable TestSignatureSessionCache.exe; Deploying qoffscreen platform plugin for TestSignatureSessionCache
lto-wrapper.exe: warning: using serial compilation of 2 LTRANS jobs
lto-wrapper.exe: note: see the '-flto' option documentation for more information
[86/208] Linking CXX executable TestCapabilityRegistry.exe; Deploying qoffscreen platform plugin for TestCapabilityRegistry
lto-wrapper.exe: warning: using serial compilation of 2 LTRANS jobs
lto-wrapper.exe: note: see the '-flto' option documentation for more information
[87/208] Linking CXX executable TestXfaHonestyBanner.exe; Deploying qoffscreen platform plugin for TestXfaHonestyBanner; Deploying podofo 1.1.0 DLL for TestXfaHonestyBanner
lto-wrapper.exe: warning: using serial compilation of 6 LTRANS jobs
lto-wrapper.exe: note: see the '-flto' option documentation for more information
[88/208] Linking CXX executable TestTaskNavRegistry.exe; Deploying qoffscreen platform plugin for TestTaskNavRegistry
lto-wrapper.exe: warning: using serial compilation of 2 LTRANS jobs
lto-wrapper.exe: note: see the '-flto' option documentation for more information
[89/208] Linking CXX executable TestScreenStateSync.exe; Deploying qoffscreen platform plugin for TestScreenStateSync
lto-wrapper.exe: warning: using serial compilation of 5 LTRANS jobs
lto-wrapper.exe: note: see the '-flto' option documentation for more information
[90/208] Linking CXX executable TestRibbonCollapse.exe; Deploying qoffscreen platform plugin for TestRibbonCollapse
lto-wrapper.exe: warning: using serial compilation of 4 LTRANS jobs
lto-wrapper.exe: note: see the '-flto' option documentation for more information
[91/208] Linking CXX executable TestModeStripPins.exe; Deploying qoffscreen platform plugin for TestModeStripPins
lto-wrapper.exe: warning: using serial compilation of 2 LTRANS jobs
lto-wrapper.exe: note: see the '-flto' option documentation for more information
[92/208] Linking CXX executable TestReadingOrderDepthCap.exe; Deploying podofo 1.1.0 DLL for TestReadingOrderDepthCap; Deploying pdfium DLL for TestReadingOrderDepthCap; Deploying qoffscreen platform plugin for TestReadingOrderDepthCap
D:/pdf/pdf-r3-sec/src/modes/PdfAValidationPanel.h:68:7: warning: type 'struct PdfAValidationPanel' violates the C++ One Definition Rule [-Wodr]
   68 | class PdfAValidationPanel : public QFrame {
      |       ^
D:/pdf/pdf-r3-sec/src/modes/PdfAValidationPanel.h:68:7: note: a different type is defined in another translation unit
   68 | class PdfAValidationPanel : public QFrame {
      |       ^
D:/pdf/pdf-r3-sec/src/modes/PdfAValidationPanel.h:120:24: note: the first difference of corresponding definitions is field 'm_issuesLayout'
  120 |     class QVBoxLayout* m_issuesLayout{nullptr};
      |                        ^
D:/pdf/pdf-r3-sec/src/modes/PdfAValidationPanel.h:120:24: note: a field of same name but different type is defined in another translation unit
  120 |     class QVBoxLayout* m_issuesLayout{nullptr};
      |                        ^
D:/pdf/pdf-r3-sec/src/modes/PdfAValidationPanel.h:120:11: note: type name 'gp::QVBoxLayout' should match type name 'QVBoxLayout'
  120 |     class QVBoxLayout* m_issuesLayout{nullptr};
      |           ^
C:/msys64/ucrt64/include/qt6/QtWidgets/qboxlayout.h:91:24: note: the incompatible type is defined here
   91 | class Q_WIDGETS_EXPORT QVBoxLayout : public QBoxLayout
      |                        ^
lto-wrapper.exe: warning: using serial compilation of 72 LTRANS jobs
lto-wrapper.exe: note: see the '-flto' option documentation for more information
[93/208] Linking CXX executable TestCommentsReview.exe; Deploying qoffscreen platform plugin for TestCommentsReview
lto-wrapper.exe: warning: using serial compilation of 8 LTRANS jobs
lto-wrapper.exe: note: see the '-flto' option documentation for more information
[94/208] Linking CXX executable TestWelcomeLayout.exe; Deploying qoffscreen platform plugin for TestWelcomeLayout
lto-wrapper.exe: warning: using serial compilation of 2 LTRANS jobs
lto-wrapper.exe: note: see the '-flto' option documentation for more information
[95/208] Linking CXX executable TestStatusBarSlim.exe; Deploying qoffscreen platform plugin for TestStatusBarSlim
lto-wrapper.exe: warning: using serial compilation of 72 LTRANS jobs
lto-wrapper.exe: note: see the '-flto' option documentation for more information
[96/208] Linking CXX executable TestBatchOcrConfidence.exe; Deploying qoffscreen platform plugin for TestBatchOcrConfidence
lto-wrapper.exe: warning: using serial compilation of 28 LTRANS jobs
lto-wrapper.exe: note: see the '-flto' option documentation for more information
[97/208] Linking CXX executable TestInspector.exe; Deploying qoffscreen platform plugin for TestInspector
lto-wrapper.exe: warning: using serial compilation of 3 LTRANS jobs
lto-wrapper.exe: note: see the '-flto' option documentation for more information
[98/208] Linking CXX executable TestSignatureBadges.exe; Deploying qoffscreen platform plugin for TestSignatureBadges
lto-wrapper.exe: warning: using serial compilation of 76 LTRANS jobs
lto-wrapper.exe: note: see the '-flto' option documentation for more information
[99/208] Linking CXX executable TestPatternRedact.exe; Deploying qoffscreen platform plugin for TestPatternRedact
lto-wrapper.exe: warning: using serial compilation of 18 LTRANS jobs
lto-wrapper.exe: note: see the '-flto' option documentation for more information
[100/208] Linking CXX executable TestReviewSummary.exe; Deploying qoffscreen platform plugin for TestReviewSummary
lto-wrapper.exe: warning: using serial compilation of 7 LTRANS jobs
lto-wrapper.exe: note: see the '-flto' option documentation for more information
[101/208] Linking CXX executable TestPrintableSummary.exe; Deploying qoffscreen platform plugin for TestPrintableSummary
lto-wrapper.exe: warning: using serial compilation of 7 LTRANS jobs
lto-wrapper.exe: note: see the '-flto' option documentation for more information
[102/208] Linking CXX executable TestDynamicStamps.exe; Deploying qoffscreen platform plugin for TestDynamicStamps
lto-wrapper.exe: warning: using serial compilation of 7 LTRANS jobs
lto-wrapper.exe: note: see the '-flto' option documentation for more information
[103/208] Linking CXX executable TestStampImageImport.exe; Deploying qoffscreen platform plugin for TestStampImageImport
lto-wrapper.exe: warning: using serial compilation of 6 LTRANS jobs
lto-wrapper.exe: note: see the '-flto' option documentation for more information
[104/208] Linking CXX executable TestFindReplace.exe; Deploying qoffscreen platform plugin for TestFindReplace
lto-wrapper.exe: warning: using serial compilation of 117 LTRANS jobs
lto-wrapper.exe: note: see the '-flto' option documentation for more information
In function 'memcpy',
    inlined from 'luaL_addlstring' at D:/pdf/pdf-r3-sec/third_party/lua-5.4/src/lauxlib.c:586:5,
    inlined from 'luaL_addlstring' at D:/pdf/pdf-r3-sec/third_party/lua-5.4/src/lauxlib.c:583:17,
    inlined from 'add_s' at D:/pdf/pdf-r3-sec/third_party/lua-5.4/src/lstrlib.c:883:9,
    inlined from 'add_value' at D:/pdf/pdf-r3-sec/third_party/lua-5.4/src/lstrlib.c:923:7,
    inlined from 'str_gsub' at D:/pdf/pdf-r3-sec/third_party/lua-5.4/src/lstrlib.c:967:17:
D:/pdf/msys64/ucrt64/include/string.h:217:10: warning: '__builtin_memcpy' specified bound 18446744073709551614 exceeds maximum object size 9223372036854775807 [-Wstringop-overflow=]
  217 |   return __builtin___memcpy_chk(__dst, __src, __n, __mingw_bos(__dst, 0));
      |          ^
[105/208] Linking CXX executable TestWatermarkFont.exe; Deploying qoffscreen platform plugin for TestWatermarkFont
lto-wrapper.exe: warning: using serial compilation of 2 LTRANS jobs
lto-wrapper.exe: note: see the '-flto' option documentation for more information
[106/208] Linking CXX executable TestRedactClearMarks.exe
lto-wrapper.exe: warning: using serial compilation of 30 LTRANS jobs
lto-wrapper.exe: note: see the '-flto' option documentation for more information
[107/208] Linking CXX executable TestLinkSchemeSafety.exe
[108/208] Linking CXX executable TestAutoBookmarks.exe; Deploying qoffscreen platform plugin for TestAutoBookmarks
lto-wrapper.exe: warning: using serial compilation of 116 LTRANS jobs
lto-wrapper.exe: note: see the '-flto' option documentation for more information
In function 'memcpy',
    inlined from 'luaL_addlstring' at D:/pdf/pdf-r3-sec/third_party/lua-5.4/src/lauxlib.c:586:5,
    inlined from 'luaL_addlstring' at D:/pdf/pdf-r3-sec/third_party/lua-5.4/src/lauxlib.c:583:17,
    inlined from 'add_s' at D:/pdf/pdf-r3-sec/third_party/lua-5.4/src/lstrlib.c:883:9,
    inlined from 'add_value' at D:/pdf/pdf-r3-sec/third_party/lua-5.4/src/lstrlib.c:923:7,
    inlined from 'str_gsub' at D:/pdf/pdf-r3-sec/third_party/lua-5.4/src/lstrlib.c:967:17:
D:/pdf/msys64/ucrt64/include/string.h:217:10: warning: '__builtin_memcpy' specified bound 18446744073709551614 exceeds maximum object size 9223372036854775807 [-Wstringop-overflow=]
  217 |   return __builtin___memcpy_chk(__dst, __src, __n, __mingw_bos(__dst, 0));
      |          ^
[109/208] Linking CXX executable TestThumbnailZoom.exe
lto-wrapper.exe: warning: using serial compilation of 2 LTRANS jobs
lto-wrapper.exe: note: see the '-flto' option documentation for more information
[110/208] Linking CXX executable TestMergeSuccess.exe
[111/208] Linking CXX executable TestThumbnailOffGui.exe; Deploying qoffscreen platform plugin for TestThumbnailOffGui
lto-wrapper.exe: warning: using serial compilation of 5 LTRANS jobs
lto-wrapper.exe: note: see the '-flto' option documentation for more information
[112/208] Linking CXX executable TestFillFormLock.exe; Deploying qoffscreen platform plugin and podofo 1.1.0 DLL for TestFillFormLock; Deploying podofo 1.1.0 DLL for TestFillFormLock
lto-wrapper.exe: warning: using serial compilation of 5 LTRANS jobs
lto-wrapper.exe: note: see the '-flto' option documentation for more information
[113/208] Linking CXX executable TestReadingOrderInheritance.exe
lto-wrapper.exe: warning: using serial compilation of 2 LTRANS jobs
lto-wrapper.exe: note: see the '-flto' option documentation for more information
[114/208] Linking CXX executable TestFillFormNoOp.exe; Deploying qoffscreen platform plugin and podofo 1.1.0 DLL for TestFillFormNoOp; Deploying podofo 1.1.0 DLL for TestFillFormNoOp
lto-wrapper.exe: warning: using serial compilation of 6 LTRANS jobs
lto-wrapper.exe: note: see the '-flto' option documentation for more information
[115/208] Linking CXX executable TestShapeInkPersistence.exe; Deploying podofo 1.1.0 DLL for TestShapeInkPersistence
lto-wrapper.exe: warning: using serial compilation of 3 LTRANS jobs
lto-wrapper.exe: note: see the '-flto' option documentation for more information
[116/208] Linking CXX executable TestQuadPointsMarkup.exe; Deploying podofo 1.1.0 DLL for TestQuadPointsMarkup
lto-wrapper.exe: warning: using serial compilation of 5 LTRANS jobs
lto-wrapper.exe: note: see the '-flto' option documentation for more information
[117/208] Linking CXX executable TestMeasurePanelHonesty.exe
lto-wrapper.exe: warning: using serial compilation of 3 LTRANS jobs
lto-wrapper.exe: note: see the '-flto' option documentation for more information
[118/208] Linking CXX executable TestMeasureRoundTrip.exe; Deploying podofo 1.1.0 DLL for TestMeasureRoundTrip
lto-wrapper.exe: warning: using serial compilation of 4 LTRANS jobs
lto-wrapper.exe: note: see the '-flto' option documentation for more information
[119/208] Linking CXX executable TestMeasureCsvExport.exe
lto-wrapper.exe: warning: using serial compilation of 3 LTRANS jobs
lto-wrapper.exe: note: see the '-flto' option documentation for more information
[120/208] Linking CXX executable TestLegacyOriginSpace.exe; Deploying podofo 1.1.0 DLL for TestLegacyOriginSpace
lto-wrapper.exe: warning: using serial compilation of 9 LTRANS jobs
lto-wrapper.exe: note: see the '-flto' option documentation for more information
[121/208] Linking CXX executable TestCompressStripSanitize.exe; Deploying podofo 1.1.0 DLL for TestCompressStripSanitize
lto-wrapper.exe: warning: using serial compilation of 3 LTRANS jobs
lto-wrapper.exe: note: see the '-flto' option documentation for more information
[122/208] Linking CXX executable TestCompressDialogHonesty.exe; Deploying qoffscreen platform plugin for TestCompressDialogHonesty
lto-wrapper.exe: warning: using serial compilation of 5 LTRANS jobs
lto-wrapper.exe: note: see the '-flto' option documentation for more information
[123/208] Linking CXX executable TestFieldMetadata.exe; Deploying qoffscreen platform plugin and podofo 1.1.0 DLL for TestFieldMetadata; Deploying podofo 1.1.0 DLL for TestFieldMetadata
lto-wrapper.exe: warning: using serial compilation of 5 LTRANS jobs
lto-wrapper.exe: note: see the '-flto' option documentation for more information
[124/208] Linking CXX executable TestFormJsCalc.exe; Deploying qoffscreen platform plugin and podofo 1.1.0 DLL for TestFormJsCalc; Deploying podofo 1.1.0 DLL for TestFormJsCalc; Deploying quickjs-ng runtime DLL for TestFormJsCalc
lto-wrapper.exe: warning: using serial compilation of 11 LTRANS jobs
lto-wrapper.exe: note: see the '-flto' option documentation for more information
[125/208] Linking CXX executable TestFormSafety.exe; Deploying qoffscreen platform plugin and podofo 1.1.0 DLL for TestFormSafety; Deploying podofo 1.1.0 DLL for TestFormSafety
lto-wrapper.exe: warning: using serial compilation of 12 LTRANS jobs
lto-wrapper.exe: note: see the '-flto' option documentation for more information
[126/208] Linking CXX executable TestFormJsAdversarial.exe; Deploying qoffscreen platform plugin and podofo 1.1.0 DLL for TestFormJsAdversarial; Deploying podofo 1.1.0 DLL for TestFormJsAdversarial; Deploying quickjs-ng runtime DLL for TestFormJsAdversarial
lto-wrapper.exe: warning: using serial compilation of 8 LTRANS jobs
lto-wrapper.exe: note: see the '-flto' option documentation for more information
[127/208] Linking CXX executable TestFormStaleDisclosure.exe; Deploying qoffscreen platform plugin and podofo 1.1.0 DLL for TestFormStaleDisclosure; Deploying podofo 1.1.0 DLL for TestFormStaleDisclosure; Deploying quickjs-ng runtime DLL for TestFormStaleDisclosure
lto-wrapper.exe: warning: using serial compilation of 7 LTRANS jobs
lto-wrapper.exe: note: see the '-flto' option documentation for more information
[128/208] Linking CXX executable TestFormKeystroke.exe; Deploying qoffscreen platform plugin and podofo 1.1.0 DLL for TestFormKeystroke; Deploying podofo 1.1.0 DLL for TestFormKeystroke; Deploying quickjs-ng runtime DLL for TestFormKeystroke
lto-wrapper.exe: warning: using serial compilation of 8 LTRANS jobs
lto-wrapper.exe: note: see the '-flto' option documentation for more information
[129/208] Linking CXX executable TestEncryptedPackageSafeWrite.exe
lto-wrapper.exe: warning: using serial compilation of 2 LTRANS jobs
lto-wrapper.exe: note: see the '-flto' option documentation for more information
[130/208] Linking CXX executable TestFormUndo.exe; Deploying qoffscreen platform plugin and podofo 1.1.0 DLL for TestFormUndo; Deploying podofo 1.1.0 DLL for TestFormUndo
lto-wrapper.exe: warning: using serial compilation of 7 LTRANS jobs
lto-wrapper.exe: note: see the '-flto' option documentation for more information
[131/208] Linking CXX executable TestValidateAllSignatures.exe
[132/208] Linking CXX executable TestEngineSave.exe; Deploying qoffscreen platform plugin and podofo 1.1.0 DLL for TestEngineSave; Deploying podofo 1.1.0 DLL for TestEngineSave
lto-wrapper.exe: warning: using serial compilation of 19 LTRANS jobs
lto-wrapper.exe: note: see the '-flto' option documentation for more information
[133/208] Linking CXX executable TestImageEditWiring.exe
lto-wrapper.exe: warning: using serial compilation of 3 LTRANS jobs
lto-wrapper.exe: note: see the '-flto' option documentation for more information
[134/208] Linking CXX executable TestExportPathBadge.exe
lto-wrapper.exe: warning: using serial compilation of 6 LTRANS jobs
lto-wrapper.exe: note: see the '-flto' option documentation for more information
[135/208] Linking CXX executable TestRedactSanitizeBundle.exe; Deploying podofo 1.1.0 DLL for TestRedactSanitizeBundle
lto-wrapper.exe: warning: using serial compilation of 18 LTRANS jobs
lto-wrapper.exe: note: see the '-flto' option documentation for more information
[136/208] Linking CXX executable TestRedactTransaction.exe; Deploying qoffscreen platform plugin and podofo DLL for TestRedactTransaction; Deploying podofo 1.1.0 DLL for TestRedactTransaction
lto-wrapper.exe: warning: using serial compilation of 27 LTRANS jobs
lto-wrapper.exe: note: see the '-flto' option documentation for more information
[137/208] Linking CXX executable TestPptxOverlayAlpha.exe
lto-wrapper.exe: warning: using serial compilation of 4 LTRANS jobs
lto-wrapper.exe: note: see the '-flto' option documentation for more information
[138/208] Linking CXX executable TestAutoDetectHeuristic.exe; Deploying qoffscreen platform plugin and podofo 1.1.0 DLL for TestAutoDetectHeuristic; Deploying podofo 1.1.0 DLL for TestAutoDetectHeuristic
lto-wrapper.exe: warning: using serial compilation of 5 LTRANS jobs
lto-wrapper.exe: note: see the '-flto' option documentation for more information
[139/208] Linking CXX executable TestRedactionProof.exe; Deploying qoffscreen platform plugin and podofo DLL for TestRedactionProof; Deploying podofo 1.1.0 DLL for TestRedactionProof
lto-wrapper.exe: warning: using serial compilation of 26 LTRANS jobs
lto-wrapper.exe: note: see the '-flto' option documentation for more information
[140/208] Linking CXX executable TestConversionExtraction.exe
lto-wrapper.exe: warning: using serial compilation of 6 LTRANS jobs
lto-wrapper.exe: note: see the '-flto' option documentation for more information
[141/208] Linking CXX executable TestTextExtractionCoords.exe
lto-wrapper.exe: warning: using serial compilation of 4 LTRANS jobs
lto-wrapper.exe: note: see the '-flto' option documentation for more information
[142/208] Linking CXX executable TestRibbonMarkupTools.exe
lto-wrapper.exe: warning: using serial compilation of 2 LTRANS jobs
lto-wrapper.exe: note: see the '-flto' option documentation for more information
[143/208] Linking CXX executable TestEraseWiring.exe
lto-wrapper.exe: warning: using serial compilation of 2 LTRANS jobs
lto-wrapper.exe: note: see the '-flto' option documentation for more information
[144/208] Linking CXX executable TestViewerRotation.exe
lto-wrapper.exe: warning: using serial compilation of 4 LTRANS jobs
lto-wrapper.exe: note: see the '-flto' option documentation for more information
[145/208] Linking CXX executable TestRotateView.exe
lto-wrapper.exe: warning: using serial compilation of 4 LTRANS jobs
lto-wrapper.exe: note: see the '-flto' option documentation for more information
[146/208] Linking CXX executable TestTwoPageOverlay.exe; Deploying podofo 1.1.0 DLL for TestTwoPageOverlay
lto-wrapper.exe: warning: using serial compilation of 4 LTRANS jobs
lto-wrapper.exe: note: see the '-flto' option documentation for more information
[147/208] Linking CXX executable TestViewingModes.exe; Deploying podofo 1.1.0 DLL for TestViewingModes
lto-wrapper.exe: warning: using serial compilation of 4 LTRANS jobs
lto-wrapper.exe: note: see the '-flto' option documentation for more information
[148/208] Linking CXX executable TestSignaturePicker.exe; Deploying podofo 1.1.0 DLL for TestSignaturePicker
lto-wrapper.exe: warning: using serial compilation of 6 LTRANS jobs
lto-wrapper.exe: note: see the '-flto' option documentation for more information
[149/208] Linking CXX executable TestCertEncryptPicker.exe; Deploying podofo 1.1.0 DLL for TestCertEncryptPicker
lto-wrapper.exe: warning: using serial compilation of 20 LTRANS jobs
lto-wrapper.exe: note: see the '-flto' option documentation for more information
[150/208] Linking CXX executable TestCertifySelector.exe; Deploying podofo 1.1.0 DLL for TestCertifySelector
lto-wrapper.exe: warning: using serial compilation of 3 LTRANS jobs
lto-wrapper.exe: note: see the '-flto' option documentation for more information
[151/208] Linking CXX executable TestPolicyController.exe
lto-wrapper.exe: warning: using serial compilation of 76 LTRANS jobs
lto-wrapper.exe: note: see the '-flto' option documentation for more information
[152/208] Linking CXX executable TestViewParity.exe; Deploying qoffscreen platform plugin for TestViewParity
lto-wrapper.exe: warning: using serial compilation of 116 LTRANS jobs
lto-wrapper.exe: note: see the '-flto' option documentation for more information
In function 'memcpy',
    inlined from 'luaL_addlstring' at D:/pdf/pdf-r3-sec/third_party/lua-5.4/src/lauxlib.c:586:5,
    inlined from 'luaL_addlstring' at D:/pdf/pdf-r3-sec/third_party/lua-5.4/src/lauxlib.c:583:17,
    inlined from 'add_s' at D:/pdf/pdf-r3-sec/third_party/lua-5.4/src/lstrlib.c:883:9,
    inlined from 'add_value' at D:/pdf/pdf-r3-sec/third_party/lua-5.4/src/lstrlib.c:923:7,
    inlined from 'str_gsub' at D:/pdf/pdf-r3-sec/third_party/lua-5.4/src/lstrlib.c:967:17:
D:/pdf/msys64/ucrt64/include/string.h:217:10: warning: '__builtin_memcpy' specified bound 18446744073709551614 exceeds maximum object size 9223372036854775807 [-Wstringop-overflow=]
  217 |   return __builtin___memcpy_chk(__dst, __src, __n, __mingw_bos(__dst, 0));
      |          ^
[153/208] Linking CXX executable TestPolicyWiring.exe
lto-wrapper.exe: warning: using serial compilation of 3 LTRANS jobs
lto-wrapper.exe: note: see the '-flto' option documentation for more information
[154/208] Linking CXX executable TestOcspConsent.exe
lto-wrapper.exe: warning: using serial compilation of 75 LTRANS jobs
lto-wrapper.exe: note: see the '-flto' option documentation for more information
[155/208] Linking CXX executable TestSupportBundle.exe
lto-wrapper.exe: warning: using serial compilation of 75 LTRANS jobs
lto-wrapper.exe: note: see the '-flto' option documentation for more information
[156/208] Linking CXX executable TestOcrAcceptSeam.exe
[157/208] Linking CXX executable TestSearchFlags.exe
[158/208] Linking CXX executable TestExportPresets.exe
[159/208] Linking CXX executable TestOcrAcceptScope.exe
lto-wrapper.exe: warning: using serial compilation of 13 LTRANS jobs
lto-wrapper.exe: note: see the '-flto' option documentation for more information
[160/208] Linking CXX executable TestViewerLinkSeam.exe
lto-wrapper.exe: warning: using serial compilation of 4 LTRANS jobs
lto-wrapper.exe: note: see the '-flto' option documentation for more information
[161/208] Linking CXX executable TestHyperlinkNavigation.exe; Deploying podofo 1.1.0 DLL for TestHyperlinkNavigation
[162/208] Linking CXX executable TestRedactMarkAll.exe; Deploying podofo 1.1.0 DLL for TestRedactMarkAll
lto-wrapper.exe: warning: using serial compilation of 31 LTRANS jobs
lto-wrapper.exe: note: see the '-flto' option documentation for more information
[163/208] Linking CXX executable TestNetworkDisclosure.exe
lto-wrapper.exe: warning: using serial compilation of 75 LTRANS jobs
lto-wrapper.exe: note: see the '-flto' option documentation for more information
[164/208] Linking CXX executable TestAnnotationDjot.exe; Deploying qoffscreen platform plugin for TestAnnotationDjot
lto-wrapper.exe: warning: using serial compilation of 4 LTRANS jobs
lto-wrapper.exe: note: see the '-flto' option documentation for more information
[165/208] Linking CXX executable TestAiProvider.exe
lto-wrapper.exe: warning: using serial compilation of 2 LTRANS jobs
lto-wrapper.exe: note: see the '-flto' option documentation for more information
[166/208] Linking CXX executable TestRedactApplyMarks.exe; Deploying podofo 1.1.0 DLL for TestRedactApplyMarks
lto-wrapper.exe: warning: using serial compilation of 17 LTRANS jobs
lto-wrapper.exe: note: see the '-flto' option documentation for more information
[167/208] Linking CXX executable TestOllamaProvider.exe
lto-wrapper.exe: warning: using serial compilation of 3 LTRANS jobs
lto-wrapper.exe: note: see the '-flto' option documentation for more information
[168/208] Linking CXX executable TestDiffEngine.exe
lto-wrapper.exe: warning: using serial compilation of 5 LTRANS jobs
lto-wrapper.exe: note: see the '-flto' option documentation for more information
[169/208] Linking CXX executable TestOfficeImport.exe
lto-wrapper.exe: warning: using serial compilation of 4 LTRANS jobs
lto-wrapper.exe: note: see the '-flto' option documentation for more information
[170/208] Linking CXX executable TestMrcPipeline.exe
lto-wrapper.exe: warning: using serial compilation of 18 LTRANS jobs
lto-wrapper.exe: note: see the '-flto' option documentation for more information
[171/208] Linking CXX executable TestHistoryIntegrity.exe; Deploying qoffscreen platform plugin and podofo 1.1.0 DLL for TestHistoryIntegrity; Deploying podofo 1.1.0 DLL for TestHistoryIntegrity
lto-wrapper.exe: warning: using serial compilation of 25 LTRANS jobs
lto-wrapper.exe: note: see the '-flto' option documentation for more information
[172/208] Linking CXX executable TestImageAppearance.exe; Deploying qoffscreen platform plugin for TestImageAppearance; Deploying podofo 1.1.0 DLL for TestImageAppearance
lto-wrapper.exe: warning: using serial compilation of 21 LTRANS jobs
lto-wrapper.exe: note: see the '-flto' option documentation for more information
[173/208] Linking CXX executable TestOfficeExport.exe; Deploying podofo 1.1.0 DLL for TestOfficeExport
lto-wrapper.exe: warning: using serial compilation of 4 LTRANS jobs
lto-wrapper.exe: note: see the '-flto' option documentation for more information
[174/208] Linking CXX executable TestCheckedMutationCoverage.exe
lto-wrapper.exe: warning: using serial compilation of 82 LTRANS jobs
lto-wrapper.exe: note: see the '-flto' option documentation for more information
[175/208] Linking CXX executable TestTextEditStyle.exe; Deploying podofo 1.1.0 DLL for TestTextEditStyle
lto-wrapper.exe: warning: using serial compilation of 17 LTRANS jobs
lto-wrapper.exe: note: see the '-flto' option documentation for more information
[176/208] Linking CXX executable TestEraserEngine.exe; Deploying podofo 1.1.0 DLL for TestEraserEngine
lto-wrapper.exe: warning: using serial compilation of 18 LTRANS jobs
lto-wrapper.exe: note: see the '-flto' option documentation for more information
[177/208] Linking CXX executable render_path_profile.exe; Deploying qoffscreen platform plugin for render_path_profile
lto-wrapper.exe: warning: using serial compilation of 4 LTRANS jobs
lto-wrapper.exe: note: see the '-flto' option documentation for more information
[178/208] Linking CXX executable TestRenderGuards.exe; Deploying qoffscreen platform plugin for TestRenderGuards
lto-wrapper.exe: warning: using serial compilation of 4 LTRANS jobs
lto-wrapper.exe: note: see the '-flto' option documentation for more information
[179/208] Linking CXX executable TestSep13LeadCapability.exe; Deploying qoffscreen platform plugin for TestSep13LeadCapability
[180/208] Linking CXX executable TestSep13LeadBatchMerge.exe; Deploying qoffscreen platform plugin for TestSep13LeadBatchMerge
lto-wrapper.exe: warning: using serial compilation of 30 LTRANS jobs
lto-wrapper.exe: note: see the '-flto' option documentation for more information
[181/208] Linking CXX executable TestSep13LeadOcrGuards.exe; Deploying qoffscreen platform plugin for TestSep13LeadOcrGuards
lto-wrapper.exe: warning: using serial compilation of 3 LTRANS jobs
lto-wrapper.exe: note: see the '-flto' option documentation for more information
[182/208] Linking CXX executable TestSep13LeadConversionExport.exe
lto-wrapper.exe: warning: using serial compilation of 4 LTRANS jobs
lto-wrapper.exe: note: see the '-flto' option documentation for more information
[183/208] Linking CXX executable TestSep13LeadRedactionProof.exe; Deploying qoffscreen platform plugin for TestSep13LeadRedactionProof
lto-wrapper.exe: warning: using serial compilation of 23 LTRANS jobs
lto-wrapper.exe: note: see the '-flto' option documentation for more information
[184/208] Linking CXX executable TestPersistenceOutcomes.exe; Deploying qoffscreen platform plugin for TestPersistenceOutcomes
lto-wrapper.exe: warning: using serial compilation of 116 LTRANS jobs
lto-wrapper.exe: note: see the '-flto' option documentation for more information
In function 'memcpy',
    inlined from 'luaL_addlstring' at D:/pdf/pdf-r3-sec/third_party/lua-5.4/src/lauxlib.c:586:5,
    inlined from 'luaL_addlstring' at D:/pdf/pdf-r3-sec/third_party/lua-5.4/src/lauxlib.c:583:17,
    inlined from 'add_s' at D:/pdf/pdf-r3-sec/third_party/lua-5.4/src/lstrlib.c:883:9,
    inlined from 'add_value' at D:/pdf/pdf-r3-sec/third_party/lua-5.4/src/lstrlib.c:923:7,
    inlined from 'str_gsub' at D:/pdf/pdf-r3-sec/third_party/lua-5.4/src/lstrlib.c:967:17:
D:/pdf/msys64/ucrt64/include/string.h:217:10: warning: '__builtin_memcpy' specified bound 18446744073709551614 exceeds maximum object size 9223372036854775807 [-Wstringop-overflow=]
  217 |   return __builtin___memcpy_chk(__dst, __src, __n, __mingw_bos(__dst, 0));
      |          ^
[185/208] Linking CXX executable R14ProbeRedactSpace.exe; Deploying qoffscreen platform plugin for R14ProbeRedactSpace
lto-wrapper.exe: warning: using serial compilation of 23 LTRANS jobs
lto-wrapper.exe: note: see the '-flto' option documentation for more information
[186/208] Linking CXX executable TestSep13LeadBtDowngrade.exe; Deploying podofo 1.1.0 DLL for TestSep13LeadBtDowngrade; Deploying qoffscreen platform plugin for TestSep13LeadBtDowngrade
lto-wrapper.exe: warning: using serial compilation of 3 LTRANS jobs
lto-wrapper.exe: note: see the '-flto' option documentation for more information
[187/208] Linking CXX executable TestSep13LeadComparePerf.exe; Deploying qoffscreen platform plugin for TestSep13LeadComparePerf
lto-wrapper.exe: warning: using serial compilation of 5 LTRANS jobs
lto-wrapper.exe: note: see the '-flto' option documentation for more information
[188/208] Linking CXX executable TestSweepW1PresetAdversary.exe
lto-wrapper.exe: warning: using serial compilation of 2 LTRANS jobs
lto-wrapper.exe: note: see the '-flto' option documentation for more information
[189/208] Linking CXX executable TestSweepW1SigningAdversary.exe; Deploying podofo 1.1.0 DLL for TestSweepW1SigningAdversary
lto-wrapper.exe: warning: using serial compilation of 6 LTRANS jobs
lto-wrapper.exe: note: see the '-flto' option documentation for more information
[190/208] Linking CXX executable TestSweepW1SummaryPolicyAdversary.exe; Deploying podofo 1.1.0 DLL for TestSweepW1SummaryPolicyAdversary
lto-wrapper.exe: warning: using serial compilation of 3 LTRANS jobs
lto-wrapper.exe: note: see the '-flto' option documentation for more information
[191/208] Linking CXX executable TestSweepW1SecProbe.exe; Deploying podofo 1.1.0 DLL for TestSweepW1SecProbe
lto-wrapper.exe: warning: using serial compilation of 5 LTRANS jobs
lto-wrapper.exe: note: see the '-flto' option documentation for more information
[192/208] Linking CXX executable W2BProbeNaming.exe; Deploying podofo 1.1.0 DLL for W2BProbeNaming
lto-wrapper.exe: warning: using serial compilation of 3 LTRANS jobs
lto-wrapper.exe: note: see the '-flto' option documentation for more information
[193/208] Linking CXX executable R14ProbeSep13Fixes-r2.exe; Deploying qoffscreen platform plugin for R14ProbeSep13Fixes
lto-wrapper.exe: warning: using serial compilation of 33 LTRANS jobs
lto-wrapper.exe: note: see the '-flto' option documentation for more information
[194/208] Linking CXX executable W2BProbeSummaryPolicy.exe; Deploying podofo 1.1.0 DLL for W2BProbeSummaryPolicy; Deploying qoffscreen platform plugin for W2BProbeSummaryPolicy
lto-wrapper.exe: warning: using serial compilation of 4 LTRANS jobs
lto-wrapper.exe: note: see the '-flto' option documentation for more information
[195/208] Linking CXX executable W2BProbeSigning.exe; Deploying podofo 1.1.0 DLL for W2BProbeSigning; Deploying qoffscreen platform plugin for W2BProbeSigning
lto-wrapper.exe: warning: using serial compilation of 5 LTRANS jobs
lto-wrapper.exe: note: see the '-flto' option documentation for more information
[196/208] Linking CXX executable W2BProbeA11y.exe; Deploying podofo 1.1.0 DLL for W2BProbeA11y; Deploying qoffscreen platform plugin for W2BProbeA11y
lto-wrapper.exe: warning: using serial compilation of 2 LTRANS jobs
lto-wrapper.exe: note: see the '-flto' option documentation for more information
[197/208] Linking CXX executable W2BProbeOfficeSave.exe; Deploying podofo 1.1.0 DLL for W2BProbeOfficeSave; Deploying qoffscreen platform plugin for W2BProbeOfficeSave
lto-wrapper.exe: warning: using serial compilation of 5 LTRANS jobs
lto-wrapper.exe: note: see the '-flto' option documentation for more information
[198/208] Linking CXX executable W2BProbeLegacySpace.exe; Deploying podofo 1.1.0 DLL for W2BProbeLegacySpace; Deploying qoffscreen platform plugin for W2BProbeLegacySpace
lto-wrapper.exe: warning: using serial compilation of 9 LTRANS jobs
lto-wrapper.exe: note: see the '-flto' option documentation for more information
[199/208] Linking CXX executable TestRotate270PageSpace.exe; Deploying podofo 1.1.0 DLL for TestRotate270PageSpace
lto-wrapper.exe: warning: using serial compilation of 11 LTRANS jobs
lto-wrapper.exe: note: see the '-flto' option documentation for more information
[200/208] Linking CXX executable R14ProbeBatchSkip.exe; Deploying podofo 1.1.0 DLL for R14ProbeBatchSkip
lto-wrapper.exe: warning: using serial compilation of 30 LTRANS jobs
lto-wrapper.exe: note: see the '-flto' option documentation for more information
[201/208] Linking CXX executable TestGsdW2Probe.exe; Deploying podofo 1.1.0 DLL for TestGsdW2Probe
lto-wrapper.exe: warning: using serial compilation of 41 LTRANS jobs
lto-wrapper.exe: note: see the '-flto' option documentation for more information
[202/208] Linking CXX executable W2CProbeRotate270.exe; Deploying podofo 1.1.0 DLL for W2CProbeRotate270; Deploying qoffscreen platform plugin for W2CProbeRotate270
lto-wrapper.exe: warning: using serial compilation of 30 LTRANS jobs
lto-wrapper.exe: note: see the '-flto' option documentation for more information
[203/208] Linking CXX executable TestPgr37PageSpaceLaw.exe; Deploying qoffscreen platform plugin for TestPgr37PageSpaceLaw
lto-wrapper.exe: warning: using serial compilation of 19 LTRANS jobs
lto-wrapper.exe: note: see the '-flto' option documentation for more information
[204/208] Linking CXX executable TestPgr35BatchCollision.exe
lto-wrapper.exe: warning: using serial compilation of 30 LTRANS jobs
lto-wrapper.exe: note: see the '-flto' option documentation for more information
[205/208] Linking CXX executable TestPgr36StaleSigningPanel.exe
lto-wrapper.exe: warning: using serial compilation of 75 LTRANS jobs
lto-wrapper.exe: note: see the '-flto' option documentation for more information
[206/208] Linking CXX executable TestCommandRegistry.exe
lto-wrapper.exe: warning: using serial compilation of 2 LTRANS jobs
lto-wrapper.exe: note: see the '-flto' option documentation for more information
[207/208] Staging runtime DLLs into build dir
[208/208] Linking CXX executable TestFileHandleCoordination.exe
lto-wrapper.exe: warning: using serial compilation of 116 LTRANS jobs
lto-wrapper.exe: note: see the '-flto' option documentation for more information
In function 'memcpy',
    inlined from 'luaL_addlstring' at D:/pdf/pdf-r3-sec/third_party/lua-5.4/src/lauxlib.c:586:5,
    inlined from 'luaL_addlstring' at D:/pdf/pdf-r3-sec/third_party/lua-5.4/src/lauxlib.c:583:17,
    inlined from 'add_s' at D:/pdf/pdf-r3-sec/third_party/lua-5.4/src/lstrlib.c:883:9,
    inlined from 'add_value' at D:/pdf/pdf-r3-sec/third_party/lua-5.4/src/lstrlib.c:923:7,
    inlined from 'str_gsub' at D:/pdf/pdf-r3-sec/third_party/lua-5.4/src/lstrlib.c:967:17:
D:/pdf/msys64/ucrt64/include/string.h:217:10: warning: '__builtin_memcpy' specified bound 18446744073709551614 exceeds maximum object size 9223372036854775807 [-Wstringop-overflow=]
  217 |   return __builtin___memcpy_chk(__dst, __src, __n, __mingw_bos(__dst, 0));
      |          ^
BUILD_RC=0
